word,visual_mean,visual_sd,visual_n,auditory_mean,auditory_sd,auditory_n,scale
abandon,47.96,34.401,26,24.923,29.593,27,0-100_VAS
abat-jour,81.462,19.992,24,12.375,20.961,24,0-100_VAS
abattoir,60.385,32.545,28,47.577,34.5,27,0-100_VAS
abbé,49.64,35.941,24,20.833,29.902,25,0-100_VAS
abdomen,74.792,26.612,24,18.043,20.877,24,0-100_VAS
abeille,91.64,11.679,27,74,30.16,25,0-100_VAS
aboiement,56.7,32.639,22,90,14.513,21,0-100_VAS
abondance,63.929,33.768,26,9.769,17.761,26,0-100_VAS
abonnement,49.24,33.574,25,23.444,25.697,27,0-100_VAS
abonné,45.115,36.362,25,23.667,28.995,27,0-100_VAS
abricot,88,15.814,27,16.071,25.673,29,0-100_VAS
abstinence,44.158,37.739,24,19.2,27.892,21,0-100_VAS
abstraction,38.435,35.173,24,24.542,29.881,23,0-100_VAS
abus,54.24,33.012,25,34.385,35.946,26,0-100_VAS
abîme,49.36,40.86,25,16.731,31.084,26,0-100_VAS
académie,57.655,27.844,28,32.64,37.249,27,0-100_VAS
accent,38.708,35.798,25,64.423,39.575,26,0-100_VAS
acceptation,48.12,34.292,25,33.92,34.37,26,0-100_VAS
accession,37.31,34.604,28,22.929,27.908,28,0-100_VAS
accessoire,66.519,30.5,25,24.37,24.67,27,0-100_VAS
accident,71.655,26.051,24,68.852,33.607,27,0-100_VAS
accord,47.893,36.765,28,45.483,34.283,28,0-100_VAS
accordéon,84.708,15.31,24,82.72,25.309,25,0-100_VAS
accouplement,80.483,17.854,28,54.286,36.482,28,0-100_VAS
accroc,55.857,34.62,25,26.889,33.323,27,0-100_VAS
accusation,54,31.773,24,38.609,33.018,24,0-100_VAS
accusé,59.76,29.992,24,35.6,35.753,25,0-100_VAS
accès,47.786,31.9,27,23.63,32.163,27,0-100_VAS
accélérateur,47,36.721,24,37.667,35.781,26,0-100_VAS
achat,62.92,37.606,25,33.556,31.375,27,0-100_VAS
acide,43.273,32.355,24,21.043,23.044,23,0-100_VAS
acier,82.75,17.187,28,33.357,35.475,28,0-100_VAS
acquisition,38.04,33.882,25,22.885,34.046,26,0-100_VAS
acte,34.615,34.305,28,22.615,29.987,26,0-100_VAS
acteur,79.929,21.742,28,49.815,36.89,28,0-100_VAS
action,61.538,33.636,25,48.074,34.295,27,0-100_VAS
activation,40.84,32.28,24,23.96,26.799,25,0-100_VAS
actualité,58.84,34.631,26,38.667,37.543,27,0-100_VAS
adage,14.808,20.642,25,19.083,30.47,24,0-100_VAS
adaptation,46.045,42.538,24,26.783,31.973,24,0-100_VAS
adhésion,39.64,31.379,26,23.88,29.496,25,0-100_VAS
adieu,56.8,32.449,25,53.667,37.091,26,0-100_VAS
adjectif,40.115,38.755,28,33.207,31.288,28,0-100_VAS
adjoint,39.217,37.881,23,22.652,33.926,23,0-100_VAS
administrateur,43.654,35.112,25,18.923,24.948,26,0-100_VAS
administration,62.348,25.954,24,27.417,29.798,23,0-100_VAS
admiration,51.88,31.333,24,27.375,32.715,24,0-100_VAS
admission,55.207,32.124,25,28.148,29.661,27,0-100_VAS
adolescente,80.48,26.053,25,36.8,38.314,25,0-100_VAS
adoption,62.92,35.652,26,26.407,30.9,27,0-100_VAS
adresse,59.435,41.116,23,18.348,27.294,23,0-100_VAS
adverbe,41.08,34.895,24,38.478,35.839,23,0-100_VAS
adversaire,52.182,37.706,24,30.25,33.879,24,0-100_VAS
affection,70.52,35.677,28,46.154,42.905,26,0-100_VAS
affichage,70.583,27.236,24,21.565,29.895,24,0-100_VAS
affirmation,34.32,36.307,25,38.444,37.582,26,0-100_VAS
affluence,49.32,35.113,25,30.846,34.329,26,0-100_VAS
affolement,60.88,32.713,25,50.923,36.938,26,0-100_VAS
agenda,79.107,24.66,27,26.074,35.598,27,0-100_VAS
agente,64,30.828,24,20.87,30.921,24,0-100_VAS
agilité,59.364,34.359,24,15.571,22.042,24,0-100_VAS
agitation,61.85,30.233,23,43.5,38.575,21,0-100_VAS
agneau,65.5,28.475,25,50.889,30.639,27,0-100_VAS
agonie,52.778,36.006,25,37.154,39.533,26,0-100_VAS
agrafeuse,79.043,28.282,23,59.957,34.519,23,0-100_VAS
agressivité,66.5,24.293,25,50.76,35.06,26,0-100_VAS
agriculteur,74.2,27.307,25,33.815,37.27,27,0-100_VAS
agriculture,68.32,33.153,23,24.24,27.62,25,0-100_VAS
agrumes,80.821,20.061,28,23.069,29.808,28,0-100_VAS
aide,53.333,39.416,22,42.208,38.265,24,0-100_VAS
aigle,82.185,26.721,27,56.481,36.113,27,0-100_VAS
aigre,36.783,36.166,25,21.478,30.11,24,0-100_VAS
ail,82.44,22.352,24,21.08,27.102,25,0-100_VAS
aile,80.154,19.143,27,34.667,34.105,27,0-100_VAS
aimant,71.08,21.602,23,28.13,32.379,23,0-100_VAS
aisance,42.625,35.295,24,26.542,28.802,24,0-100_VAS
ajout,43.75,34.086,20,30.75,34.432,20,0-100_VAS
ajustage,43.609,29.161,24,28,33.621,24,0-100_VAS
album,74.7,19.206,20,45.2,42.456,20,0-100_VAS
alerte,56.042,33.021,23,65.435,30.975,24,0-100_VAS
algèbre,65.04,35.776,27,21.963,32.345,27,0-100_VAS
alibi,31.481,26.336,28,31.286,32.808,28,0-100_VAS
alignement,60.417,32.904,24,16.625,29.942,24,0-100_VAS
aliment,72.286,28.288,25,29.111,32.724,27,0-100_VAS
alimentation,74.308,27.904,26,35.192,35.226,26,0-100_VAS
alligator,82.36,18.925,25,24.917,27.188,24,0-100_VAS
allocution,34.826,35.58,25,41.826,37.325,24,0-100_VAS
allure,51.72,33.246,25,27.478,29.203,24,0-100_VAS
allusion,25.6,32.86,27,22.654,34.308,26,0-100_VAS
allée,75.625,18.375,25,23.63,31.958,27,0-100_VAS
allégresse,46.111,39.137,25,39.333,43.227,27,0-100_VAS
altitude,66.115,29.398,25,22.778,27.504,27,0-100_VAS
amande,90.036,12.574,25,28.222,31.939,27,0-100_VAS
amante,47.04,33.529,25,30.815,33.251,27,0-100_VAS
amas,45.542,30.21,27,18.577,29.734,26,0-100_VAS
amateur,34.852,33.702,27,20.615,30.971,26,0-100_VAS
ambassadeur,51.92,35.886,24,23.24,33.393,25,0-100_VAS
ambiance,54.607,35.345,24,59.103,37.512,28,0-100_VAS
ambiguïté,40.125,35.454,24,28.417,33.226,24,0-100_VAS
ambulance,89.407,13.474,25,87.185,23.71,28,0-100_VAS
amende,80.929,19.548,27,26.407,29.726,27,0-100_VAS
amertume,27,27.72,26,22.704,27.034,26,0-100_VAS
amnésie,44.217,36.031,24,28.167,30.068,23,0-100_VAS
amortisseur,46.72,30.592,26,32.615,29.02,27,0-100_VAS
ampleur,44.577,31.986,27,24.963,31.864,26,0-100_VAS
amplificateur,50.583,32.813,27,50.038,39.827,26,0-100_VAS
amplitude,42.55,31.945,22,34.8,37.457,20,0-100_VAS
ampoule,82.357,18.794,28,25.276,29.058,28,0-100_VAS
ampère,30.318,28.55,24,17.913,26.98,23,0-100_VAS
aménagement,64.92,30.943,27,22.185,29.744,27,0-100_VAS
analogie,31.88,35.78,24,26.28,31.811,25,0-100_VAS
ananas,89.808,13.983,25,22.222,34.209,27,0-100_VAS
anarchie,52.5,34.652,24,31.08,34.854,25,0-100_VAS
anatomie,78,27.378,24,22,31.613,24,0-100_VAS
ancêtre,55.76,32.398,24,24.583,26.221,24,0-100_VAS
angle,70.519,31.292,25,5.192,13.588,26,0-100_VAS
angoisse,60.607,27.171,28,42.069,29.771,28,0-100_VAS
anguille,70.261,34.343,24,16.391,26.347,23,0-100_VAS
animation,68.87,32.566,23,60.087,30.059,23,0-100_VAS
anneau,79.852,22.461,26,17.556,27.299,26,0-100_VAS
annexe,42.76,31.026,26,17.889,30.827,27,0-100_VAS
annonce,73.621,26.369,27,56.071,35.066,28,0-100_VAS
annuaire,70.28,23.695,26,20.519,24.205,26,0-100_VAS
année,49.759,32.446,28,23.929,30.128,28,0-100_VAS
antichambre,46.792,33.175,24,22.88,28.012,25,0-100_VAS
anticipation,39.667,35.343,23,32.292,28.136,23,0-100_VAS
antipathie,33.259,35.061,25,31.444,37.19,27,0-100_VAS
antithèse,26.379,29.219,28,26.893,33.839,28,0-100_VAS
antre,34.36,29.806,24,13.44,21.221,25,0-100_VAS
anxiété,51.92,33.363,25,35.481,34.367,26,0-100_VAS
aorte,45.75,34.351,24,19.083,23.17,24,0-100_VAS
aperçu,43.5,30.465,25,26.889,32.465,26,0-100_VAS
aphrodisiaque,51.391,29.256,24,38.042,40.743,23,0-100_VAS
aplomb,21.375,27.753,24,21.375,31.749,24,0-100_VAS
apogée,41.962,33.873,25,26.704,31.578,27,0-100_VAS
appareil,78.36,16.378,25,44.12,36.567,26,0-100_VAS
appartement,76.583,20.705,23,36.318,36.406,23,0-100_VAS
appel,53.48,31.3,24,66.68,36.357,25,0-100_VAS
application,56.217,35.918,24,22.652,30.251,24,0-100_VAS
apport,20.64,27.415,24,16,24.478,25,0-100_VAS
apprentissage,62.5,29.522,20,48.15,41.804,20,0-100_VAS
approche,51.217,33.737,25,34.731,33.436,27,0-100_VAS
appréciation,33.308,32.887,25,36.37,35.963,27,0-100_VAS
appui,58.652,32.872,26,35.88,33.622,26,0-100_VAS
appât,62.957,33.453,25,24.522,32.654,24,0-100_VAS
appétit,44.239,34.557,24,32.08,32.359,25,0-100_VAS
aptitude,33.154,34.262,27,29.963,33.077,27,0-100_VAS
apéritif,70.167,33.172,24,32.5,33.604,24,0-100_VAS
aquarelle,84.08,25.423,24,18.36,26.228,26,0-100_VAS
araignée,85.286,19.073,28,23.75,32.312,28,0-100_VAS
arbalète,72.333,24.995,25,40.577,34.365,27,0-100_VAS
arbre,93.786,10.119,25,54,36.371,27,0-100_VAS
arbuste,79.88,22.3,24,13.667,19.973,24,0-100_VAS
arc,82.464,15.719,25,18.269,26.454,26,0-100_VAS
archer,62.6,32.852,25,24.815,28.868,27,0-100_VAS
archet,46.276,40.831,28,30.071,33.944,28,0-100_VAS
archipel,45.391,35.287,24,14.348,23.317,24,0-100_VAS
architecture,77.125,20.454,25,28.043,35.912,23,0-100_VAS
ardeur,31.739,33.829,23,32.043,32.903,24,0-100_VAS
argile,76.2,20.98,24,21.042,24.794,24,0-100_VAS
argot,21.655,29.478,28,25.643,36.174,29,0-100_VAS
argument,40.036,35.855,25,60.448,33.458,28,0-100_VAS
armistice,31.72,33.963,24,17.5,25.842,24,0-100_VAS
armoire,87.038,18.926,26,36.926,36.89,29,0-100_VAS
armure,80.44,29.857,27,44.808,40.059,26,0-100_VAS
arrivée,58.296,35.745,25,17.885,26.558,26,0-100_VAS
arrosoir,81.423,17.7,26,45.037,34.302,26,0-100_VAS
arsenal,54.36,37.848,27,25,35.112,26,0-100_VAS
artichaut,76.542,23.058,24,13.333,25.289,24,0-100_VAS
articulation,72.96,25.884,24,39.174,33.812,24,0-100_VAS
artillerie,67.217,30.894,24,49.125,39.434,24,0-100_VAS
artisan,64.435,28.282,23,31.652,35.262,23,0-100_VAS
artère,67.75,26.922,24,14.25,19.369,25,0-100_VAS
arène,79.52,18.09,25,49.84,38.517,25,0-100_VAS
arête,70.292,31.321,24,15.667,26.234,24,0-100_VAS
arôme,24.792,31.982,24,19.125,29.412,24,0-100_VAS
ascension,58.5,32.413,28,32.414,32.363,28,0-100_VAS
asile,64.375,30.049,23,40.545,32.443,23,0-100_VAS
aspect,38.296,35.036,26,25.69,29.958,28,0-100_VAS
asperge,82.423,19.708,27,20.481,28.813,27,0-100_VAS
asphalte,85.167,20.451,24,21.68,29.712,25,0-100_VAS
aspirateur,89.5,13.855,28,87.259,17.836,28,0-100_VAS
aspiration,48.955,35.367,24,34.826,32.652,25,0-100_VAS
aspirine,74.182,27.96,24,16.81,27.82,25,0-100_VAS
assaut,58.821,29.546,25,52.769,34.162,27,0-100_VAS
assemblée,71,22.988,28,51.857,33.955,29,0-100_VAS
assiette,86.103,18.368,28,38.5,34.514,28,0-100_VAS
assistanat,31.042,34.704,24,16.917,23.069,25,0-100_VAS
assistance,55.321,32.218,28,31.536,34.43,28,0-100_VAS
assistant,59.692,34.708,25,22.038,27.358,26,0-100_VAS
association,53,36.913,24,31.913,28.99,23,0-100_VAS
astronaute,84.808,20.394,25,38.852,29.08,27,0-100_VAS
astuce,43.727,34.755,24,28.136,32.7,24,0-100_VAS
atmosphère,60.92,34.22,24,27.174,29.604,23,0-100_VAS
atome,59.36,35.82,25,10.192,23.598,26,0-100_VAS
atout,39.44,32.875,25,29.963,34.16,27,0-100_VAS
attachement,64.793,32.165,25,33.111,28.686,27,0-100_VAS
attaque,79.321,23.597,25,62.926,33.162,27,0-100_VAS
atteinte,34.9,30.534,20,29.6,34.811,20,0-100_VAS
attelage,43.565,33.634,24,23.696,30.407,24,0-100_VAS
attendrissement,48.591,36.27,24,26.364,30.314,24,0-100_VAS
attirance,69.958,32.055,24,36.542,35.777,24,0-100_VAS
attraction,69.625,33.522,25,43.519,39.202,27,0-100_VAS
attrape,44.55,30.947,20,33.65,36.72,22,0-100_VAS
attribut,27.655,29.779,28,21.321,28.66,29,0-100_VAS
attribution,27.217,35.552,23,22.609,30.907,24,0-100_VAS
aubergine,86.087,16.481,23,21.545,32.163,23,0-100_VAS
audace,44.304,41.869,24,42.818,37.471,23,0-100_VAS
audience,71.345,23.947,28,48.714,36.505,28,0-100_VAS
audition,55.826,34.189,23,60.542,33.732,23,0-100_VAS
auge,8.8,20.73,25,4.462,10.712,26,0-100_VAS
augmentation,46.88,37.398,25,25.346,34.982,26,0-100_VAS
augure,21.929,29.532,25,19.538,28,27,0-100_VAS
aune,21.25,32.116,28,15.069,20.183,28,0-100_VAS
aura,64.167,33.391,24,26.727,30.94,23,0-100_VAS
aurore,86.652,21.86,24,29.087,37.363,24,0-100_VAS
auteure,53.957,34.981,23,25.826,32.9,23,0-100_VAS
automate,30.737,29.344,24,33.68,35.854,25,0-100_VAS
automobile,88.76,15.568,24,64.84,32.352,25,0-100_VAS
autonomie,52.333,39.275,23,38.208,35.96,23,0-100_VAS
autorisation,52.909,30.961,23,38.042,32.673,23,0-100_VAS
autruche,78.36,20.94,24,30.5,30.24,24,0-100_VAS
auvent,58.185,32.746,25,33.778,33.552,27,0-100_VAS
avalanche,84.897,22.297,28,51.786,36.053,28,0-100_VAS
avantage,33.792,34.354,25,20.038,30.878,26,0-100_VAS
avatar,73.19,32.857,24,18.762,25.618,24,0-100_VAS
avenir,47.32,38.804,25,22.667,32.981,27,0-100_VAS
avenue,61.821,30.375,25,36.296,34.977,27,0-100_VAS
averse,82.815,19.157,28,75.241,23.536,28,0-100_VAS
avertissement,51.625,36.877,24,52.542,39.586,25,0-100_VAS
aveu,16.5,26.258,24,49.292,37.594,24,0-100_VAS
avion,88.4,15.655,24,73.667,28.08,25,0-100_VAS
aviron,64.522,34.164,24,23.565,31.326,24,0-100_VAS
avis,46.609,36.374,24,40.957,40.206,24,0-100_VAS
avoine,76,19.672,28,17.714,23.972,28,0-100_VAS
avortement,53.16,38.334,24,22.24,31.268,25,0-100_VAS
avril,58.5,31.993,25,23.444,27.987,26,0-100_VAS
axe,66.63,28.171,25,23.037,29.849,27,0-100_VAS
azote,35.37,35.475,25,10.346,16.828,26,0-100_VAS
aéroport,87.136,22.387,24,71.429,30.787,24,0-100_VAS
aïeul,43.815,34.664,28,29.724,32.902,28,0-100_VAS
babillard,84.333,22.555,24,9.429,19.541,24,0-100_VAS
bactérie,58.826,35.133,23,30.826,32.832,23,0-100_VAS
bagage,87.714,16.28,28,30.571,33.166,28,0-100_VAS
bagarre,71.64,34.027,25,61.308,36.685,26,0-100_VAS
bagatelle,36,32.827,25,19.037,27.634,27,0-100_VAS
bagnole,83.304,18.47,23,53.458,29.37,24,0-100_VAS
bague,92.095,12.033,24,9.952,15.816,25,0-100_VAS
bail,48.492,32.548,24,17.68,22.999,26,0-100_VAS
bain,88.5,17.747,24,53.917,37.384,24,0-100_VAS
baiser,84.478,20.223,24,75.435,27.416,24,0-100_VAS
balade,62.731,34.142,25,54.222,37.154,26,0-100_VAS
balai,86.583,16.547,24,35.375,35.993,24,0-100_VAS
balance,71.88,30.978,25,29.148,34.074,27,0-100_VAS
balançoire,88.037,14.847,25,51.577,36.922,26,0-100_VAS
balcon,78.8,19.654,22,23.9,29.013,20,0-100_VAS
baleine,89.409,15.592,24,51.667,34.539,24,0-100_VAS
balise,50.793,35.402,28,24.286,32.961,28,0-100_VAS
balle,84.381,16.442,24,33.65,34.857,24,0-100_VAS
ballet,86.345,16.532,28,52.071,36.087,28,0-100_VAS
ballon,85.964,22.056,25,46.296,36.604,27,0-100_VAS
baluchon,65.417,34.39,25,13.385,24.816,26,0-100_VAS
bambin,76.826,31.837,24,62.522,40.455,24,0-100_VAS
bambou,87.955,16.638,24,11.857,23.627,24,0-100_VAS
banane,89.68,18.33,24,15.08,23.892,25,0-100_VAS
bande,68.32,24.527,24,26.818,32.94,25,0-100_VAS
bandelette,56.76,35.131,24,13.667,26.47,24,0-100_VAS
banderole,77.393,27.035,25,35.481,39.556,27,0-100_VAS
banjo,70.31,23.419,25,74.148,29.37,27,0-100_VAS
banlieue,78.423,23.952,24,40.957,34.042,24,0-100_VAS
bannière,75.69,25.205,28,18.857,23.59,29,0-100_VAS
banque,75.6,30.261,25,18.615,31.649,26,0-100_VAS
banquet,74.72,25.142,23,42,33.401,23,0-100_VAS
baptême,77.414,24.574,25,52.148,33.265,27,0-100_VAS
baraque,66.348,32.868,23,19.13,28.075,24,0-100_VAS
barbe,89.19,15.497,24,16.095,26.155,25,0-100_VAS
barbecue,76,28.125,24,53.44,31.459,26,0-100_VAS
barbelé,80.136,29.757,24,7.667,14.813,24,0-100_VAS
barbiche,64.269,34.56,24,17.56,21.683,25,0-100_VAS
barge,41.321,36.881,28,20.379,27.047,29,0-100_VAS
baril,72.192,25.86,24,14.583,25.029,24,0-100_VAS
baron,49.231,34.907,24,17.25,24.758,24,0-100_VAS
baronne,39.75,29.937,24,19.333,26.473,24,0-100_VAS
barque,75.556,22.843,25,39.423,31.527,27,0-100_VAS
barrage,71.857,28.281,25,24.962,29.792,26,0-100_VAS
barrette,76.103,31.611,28,22.75,30.769,28,0-100_VAS
barricade,70.12,28.97,24,31.5,29.556,24,0-100_VAS
barrière,79.739,20.99,24,21.522,22.673,24,0-100_VAS
bascule,57.348,35.508,23,26.913,33.483,23,0-100_VAS
basket-ball,85.44,19.447,25,59.519,34.283,26,0-100_VAS
basse,47,34.307,24,44.609,40.522,23,0-100_VAS
bassine,75.792,22.664,23,37.087,35.637,23,0-100_VAS
bataille,72.481,24.417,28,57.897,34.563,28,0-100_VAS
bataillon,63.48,27.598,24,43.556,31.532,27,0-100_VAS
bateau,89.375,12.254,25,49.269,34.126,27,0-100_VAS
battant,57.136,35.445,24,29.583,35.074,24,0-100_VAS
baume,65.217,35.095,22,12.833,24.471,23,0-100_VAS
bavure,40.069,31.932,28,21.143,28.616,28,0-100_VAS
bazar,72.172,16.826,24,36.12,33.057,25,0-100_VAS
bec,83.08,26.303,25,56.6,41.383,26,0-100_VAS
bedon,80.917,25.198,24,24.88,31.656,25,0-100_VAS
beignet,83.083,23.844,25,16.154,26.217,27,0-100_VAS
belette,57,35.36,23,19.667,28.216,23,0-100_VAS
belge,62.107,34.558,25,52.074,37.1,27,0-100_VAS
belvédère,71.5,26.566,25,19.778,27.416,27,0-100_VAS
benne,46.348,39.226,23,27.739,37.001,24,0-100_VAS
berge,53.321,32.858,25,32,34.04,27,0-100_VAS
besogne,45.318,36.488,24,16.714,26.631,24,0-100_VAS
bestiole,79.13,23.356,23,27.542,31.263,23,0-100_VAS
betterave,83.308,22.272,25,21.708,31.813,27,0-100_VAS
beurre,85.958,16.268,23,19.826,27.483,23,0-100_VAS
biais,41.52,35.34,25,25.08,28.443,26,0-100_VAS
biberon,86.31,22.305,28,47.893,40.658,28,0-100_VAS
bible,76.12,28.136,24,20.84,26.205,25,0-100_VAS
biche,75.6,25.136,22,30.375,33.324,24,0-100_VAS
bicyclette,93.821,7.379,25,48.692,34.833,26,0-100_VAS
bidon,63.48,30.075,25,21.741,29.554,27,0-100_VAS
bien-être,59.893,38.09,25,44.852,37.593,27,0-100_VAS
bienfait,38.913,39.92,24,20.217,31.298,24,0-100_VAS
bigoudi,72.679,30.571,25,20.769,30.786,27,0-100_VAS
bijouterie,74.4,28.259,25,18.037,28.236,27,0-100_VAS
bijoutière,68.792,26.862,23,27.217,33.756,23,0-100_VAS
binette,48.68,42.502,25,6.385,18.868,26,0-100_VAS
biographie,70.296,27.164,28,29.37,36.863,28,0-100_VAS
biscotte,81.375,23.106,25,49,33.999,26,0-100_VAS
bise,72.826,30.889,24,50.391,39.864,24,0-100_VAS
bisou,88.435,17.732,25,73.962,33.376,27,0-100_VAS
blague,54.107,38.424,28,73.857,30.986,28,0-100_VAS
blaireau,51.875,37.869,24,18.083,28.935,25,0-100_VAS
blanc,80.696,25.023,23,13.652,25.7,23,0-100_VAS
blason,57.16,33.029,24,15.792,29.858,24,0-100_VAS
blatte,54.44,41.897,24,14.458,18.782,24,0-100_VAS
blessure,70.304,28.009,24,42.478,35.679,24,0-100_VAS
blessé,72.957,29.878,24,44.739,38.38,24,0-100_VAS
blette,40.333,39.319,23,20.565,28.629,23,0-100_VAS
bleuet,90.63,11.862,25,7.385,19.98,26,0-100_VAS
blocage,51.217,31.435,23,25.458,29.837,23,0-100_VAS
blouse,80.821,22.912,25,4.269,10.243,27,0-100_VAS
blouson,72.333,26.795,24,11.833,24.138,24,0-100_VAS
blé,85.111,16.798,25,32.444,32.533,27,0-100_VAS
boa,79.375,27.132,24,29.478,35.596,24,0-100_VAS
bobine,69.48,26.632,24,14.375,18.874,24,0-100_VAS
boeuf,79.769,25.439,25,49.148,31.485,27,0-100_VAS
bois,84.278,15.639,22,36,26.786,20,0-100_VAS
bombarde,57.95,32.663,22,58.9,41.369,20,0-100_VAS
bombe,76.6,27.638,25,82.593,22.309,27,0-100_VAS
bon,52.583,36.296,25,24.615,37.285,26,0-100_VAS
bonbon,83.833,22.447,24,27,30.268,24,0-100_VAS
bonbonne,68.286,28.104,28,34.679,33.612,28,0-100_VAS
bond,64.083,37.739,24,37.087,38.101,24,0-100_VAS
bonheur,66.684,31.887,22,48,36.732,20,0-100_VAS
bonne,44.615,38.064,25,31.148,35.504,27,0-100_VAS
bonté,57.913,37.8,25,34.92,36.998,27,0-100_VAS
bonze,27.12,30.12,25,13,20.145,24,0-100_VAS
boomerang,68.565,31.775,23,29.304,29.343,24,0-100_VAS
bordereau,61.731,30.27,25,14.852,27.899,27,0-100_VAS
bordure,71.864,29.816,24,11.476,22.257,24,0-100_VAS
bordée,51.75,37.444,24,23.56,33.445,26,0-100_VAS
borne,59.917,34.122,25,16.08,22.299,25,0-100_VAS
bosquet,52.652,40.955,24,16.125,26.4,23,0-100_VAS
bottin,70.043,26.393,23,14.304,21.261,23,0-100_VAS
bottine,84.32,19.651,25,27.615,36.726,26,0-100_VAS
bouche,88.292,15.73,24,46.208,36.112,24,0-100_VAS
bouchée,71.652,29.948,24,39.167,37.905,24,0-100_VAS
boucle,84.68,17.988,25,24.28,32.842,26,0-100_VAS
boudin,65.448,33.006,28,19.536,29.206,28,0-100_VAS
bouge,71.208,34.494,25,34.5,35.893,27,0-100_VAS
bougie,90.917,17.788,25,20.731,32.244,26,0-100_VAS
bouilloire,80.889,20.07,28,75.429,27.13,28,0-100_VAS
boulanger,80.88,24.885,25,24.407,34.09,27,0-100_VAS
boulangerie,80.6,19.757,23,42.13,35.378,23,0-100_VAS
bouleau,78.04,27.139,24,28.44,33.247,25,0-100_VAS
boulet,67.536,31.421,25,34.222,36.6,27,0-100_VAS
boulette,70.08,29.127,24,22.68,32.387,25,0-100_VAS
boulevard,74.038,26.107,25,48.296,34.231,26,0-100_VAS
boulon,66.45,28.887,22,24.85,27.182,20,0-100_VAS
boulot,60.435,36.727,24,39.087,40.01,24,0-100_VAS
bouquet,80.379,21.091,28,19.5,25.004,29,0-100_VAS
bouquineur,47.391,38.443,24,9.083,20.472,24,0-100_VAS
bourde,27.231,33.925,25,19.926,27.389,26,0-100_VAS
bourdon,79.458,26.977,25,67.792,33.91,24,0-100_VAS
bourgeoisie,66.409,33.067,25,25.333,32.088,24,0-100_VAS
bourreau,53.167,38.846,25,29.208,29.451,24,0-100_VAS
bourse,75.655,22.784,28,36.536,40.781,29,0-100_VAS
bouse,46.464,41.825,25,11.692,23.329,26,0-100_VAS
bouseux,16.68,30.547,25,4.654,17.263,26,0-100_VAS
boussole,83.407,17.928,25,18.96,24.755,27,0-100_VAS
bout,54.478,34.27,23,17.261,28.39,23,0-100_VAS
boutade,20.263,29.145,20,26.85,36.276,20,0-100_VAS
boute-en-train,49.077,33.683,24,47.5,36.838,24,0-100_VAS
bouteille,86.172,15.476,25,40.037,26.61,27,0-100_VAS
boutique,79.857,25.592,24,30.55,35.654,24,0-100_VAS
bouton,82,22.932,28,27.143,33.151,29,0-100_VAS
boutonnière,49.958,32.845,25,9.333,21.157,24,0-100_VAS
boyau,70.679,24.212,25,32.654,29.034,27,0-100_VAS
boîtier,73.7,26.418,22,19.15,28.454,20,0-100_VAS
braise,77.773,29.252,24,44.429,39.825,24,0-100_VAS
branchage,61.65,35.409,20,24.35,23.145,20,0-100_VAS
branche,84.793,13.668,25,45.444,31.542,27,0-100_VAS
bras,85.286,17.732,28,21.821,30.037,29,0-100_VAS
brasier,68.654,30.316,25,50.593,35.25,27,0-100_VAS
bravoure,55.478,33.111,24,27.875,32.442,24,0-100_VAS
bretelle,77.485,15.655,24,23.52,30.813,25,0-100_VAS
bribe,26.69,27.934,25,19.654,30.346,26,0-100_VAS
brigade,53.5,37.03,24,24,27.442,24,0-100_VAS
brigadière,73.423,26.621,24,31.6,32.992,25,0-100_VAS
brindille,72.24,32.999,25,35.769,36.261,26,0-100_VAS
brioche,93.138,10.249,28,27.464,36.452,29,0-100_VAS
brique,80,26.2,25,26.148,30.271,27,0-100_VAS
brise,45.333,34.842,24,57.417,30.489,24,0-100_VAS
brocanteur,59,36.631,28,26.69,26.091,29,0-100_VAS
broche,65.421,31.987,20,22.25,29.299,20,0-100_VAS
brochet,56.931,34.713,28,14.607,20.775,29,0-100_VAS
brochette,87.536,13.113,28,25,31.854,29,0-100_VAS
brochure,73.87,28.13,24,18.043,23.225,24,0-100_VAS
brocoli,85.87,19.302,24,17.087,23.834,24,0-100_VAS
broderie,71.5,24.248,28,20.276,27.95,29,0-100_VAS
brosse,77.84,22.25,24,41.44,36.044,25,0-100_VAS
brosse à dents,87.667,14.318,23,59.583,31.283,23,0-100_VAS
brouette,78.964,31.106,25,39.556,34.78,27,0-100_VAS
brouillon,68.917,29.804,24,21.16,29.027,25,0-100_VAS
broussaille,60.5,29.904,25,23.074,26.976,26,0-100_VAS
bru,33.783,36.091,24,12.75,24.83,24,0-100_VAS
bruine,67.333,32.806,25,28.667,34.629,27,0-100_VAS
bruit,32.769,41.015,28,80.931,27.195,29,0-100_VAS
brutalité,68.586,31.881,25,56.37,33.222,27,0-100_VAS
brûleur,68.818,31.307,24,20.333,26.481,24,0-100_VAS
brûlure,79.609,26.741,23,29.174,32.007,23,0-100_VAS
buanderie,79.375,21.227,24,54.84,32.967,25,0-100_VAS
budget,55.4,37.362,20,23.05,31.309,20,0-100_VAS
bulbe,64.083,28.529,23,17.167,23.507,23,0-100_VAS
bulle,81.379,18.208,28,35.893,35.528,28,0-100_VAS
bureau,78.542,25.008,24,28,34.489,24,0-100_VAS
burin,33.32,34.023,24,21.292,28.519,24,0-100_VAS
butin,63.625,35.409,24,26.708,32.625,24,0-100_VAS
butor,14.7,28.977,20,22.4,35.587,20,0-100_VAS
buveur,56.455,38.514,24,23.19,27.806,24,0-100_VAS
buée,75.6,24.685,24,16.792,22.089,24,0-100_VAS
bâtisse,72.679,27.466,28,16.379,22.042,28,0-100_VAS
bâtonnet,76.708,25.789,23,23.348,28.137,23,0-100_VAS
bègue,39.958,31.004,22,46.696,33.744,23,0-100_VAS
bélier,78,25.285,28,39.786,34.288,28,0-100_VAS
bémol,27.455,30.553,24,33.375,37.392,24,0-100_VAS
bénéfice,49.269,30.073,28,29.214,32.075,28,0-100_VAS
béquille,80.167,17.39,22,43.955,34.092,23,0-100_VAS
béret,69.577,23.305,25,27.778,29.343,27,0-100_VAS
béton,72.077,27.157,25,19.556,23.772,27,0-100_VAS
bêtise,50.056,37.931,20,38.95,32.245,20,0-100_VAS
bûcher,68.96,29.277,24,46.04,38.264,25,0-100_VAS
cabale,25.261,34.359,24,12.174,21.292,24,0-100_VAS
cabanon,76.192,26.56,24,36.958,35.302,24,0-100_VAS
cabinet,62.609,28.417,23,23.043,28.601,23,0-100_VAS
cabriolet,49.88,41.087,24,20.16,26.142,25,0-100_VAS
cacahuète,74.333,31.896,24,25.75,28.096,24,0-100_VAS
cachalot,59.815,30.505,28,36.714,34.119,28,0-100_VAS
cachette,64.25,33.027,24,22.583,29.134,24,0-100_VAS
cachot,72.542,26.123,25,30.13,25.538,24,0-100_VAS
cactus,85.96,15.902,25,16.417,26.593,24,0-100_VAS
caddie,47.652,40.666,25,19.56,29.749,25,0-100_VAS
cadenas,79.875,25.94,25,37.583,31.344,24,0-100_VAS
cadran,66.4,32.042,25,67.333,34.061,27,0-100_VAS
cadre,76.636,4.113,25,26.083,27.893,24,0-100_VAS
cafard,73.414,29.926,28,31.857,36.491,28,0-100_VAS
café,87.462,18.094,25,45.444,38.303,26,0-100_VAS
cage,79.522,24.793,23,36.217,38.395,23,0-100_VAS
cahier,84.875,18.646,23,27.565,31.686,23,0-100_VAS
caissière,74.308,28.455,25,53.792,33.516,24,0-100_VAS
calanque,29.565,36.665,23,14.667,27.834,23,0-100_VAS
calcification,52.857,30.29,25,19.074,29.47,27,0-100_VAS
calcul,71.25,29.185,25,29.44,36.824,26,0-100_VAS
cale,37.125,34.089,25,18.042,27.199,24,0-100_VAS
calepin,79.318,24.517,25,18.864,27.084,24,0-100_VAS
caleçon,88.333,13.519,25,23.407,33.768,27,0-100_VAS
calibre,43.125,28.107,25,16.704,22.731,27,0-100_VAS
calmar,71.778,29.495,25,20.808,24.831,27,0-100_VAS
calme,62.25,29.209,23,53.042,31.557,23,0-100_VAS
calomnie,29.643,35.037,28,25.679,32.888,28,0-100_VAS
calorie,40.304,32.693,23,19.435,30.57,23,0-100_VAS
calotte,64.724,26.891,25,21.815,28.847,27,0-100_VAS
calumet,56.5,35.144,20,20.632,30.575,20,0-100_VAS
calèche,88,21.331,25,65.077,36.113,26,0-100_VAS
camarade,70.786,26.585,28,45.593,40.518,28,0-100_VAS
cambriolage,69.8,31.157,25,45.444,36.358,27,0-100_VAS
camion,86.16,18.293,25,69.926,24.774,27,0-100_VAS
camionnette,75.833,28.942,25,50.577,36.901,27,0-100_VAS
camisole,87.815,16.795,25,14.296,27.222,26,0-100_VAS
camp,73.192,30.289,25,55.963,33.444,27,0-100_VAS
campagne,84.16,19.633,25,59.917,32.675,24,0-100_VAS
camping,78.1,25.158,20,38.8,34.973,20,0-100_VAS
caméléon,84.92,18.706,25,17.4,26.527,25,0-100_VAS
canapé,82.308,16.615,25,16.167,24.151,24,0-100_VAS
canard,83.846,19.931,25,69.4,27.012,25,0-100_VAS
canari,78.321,25.61,25,62.154,38.488,26,0-100_VAS
cancer,56.955,35.532,23,30.913,38.029,23,0-100_VAS
candeur,30.5,34.353,28,26.259,33.528,28,0-100_VAS
candidat,58,33.793,25,35.074,33.238,27,0-100_VAS
candidature,55.72,32.941,25,23.542,29.33,24,0-100_VAS
cane,64.692,30.629,25,28.885,33.675,27,0-100_VAS
canette,77.12,25.61,25,44.792,34.73,24,0-100_VAS
caniche,85.607,21.779,28,70,29.602,28,0-100_VAS
canif,64.87,36.009,23,19.174,32.076,23,0-100_VAS
canon,75.538,24.837,25,68.741,29.145,27,0-100_VAS
canoë,72.579,24.233,20,25.9,28.368,20,0-100_VAS
cantatrice,22.375,30.198,25,25.769,34.76,27,0-100_VAS
cantine,70.7,28.839,20,43.5,33.855,20,0-100_VAS
cantique,27.652,34.407,23,29.522,39.779,23,0-100_VAS
canton,48.765,37.698,25,18.24,27.682,25,0-100_VAS
capacité,30.81,35.423,25,22.25,29.048,24,0-100_VAS
cape,80.826,25.377,25,19.833,32.425,24,0-100_VAS
capital,58.423,37.276,26,31.222,35.369,27,0-100_VAS
capitale,66.607,31.252,28,37.536,35.562,28,0-100_VAS
capot,73.083,25.091,23,42.739,26.542,23,0-100_VAS
caprice,55.292,33.3,25,49.609,37.18,24,0-100_VAS
capsule,59.652,35.167,25,18.409,29.714,24,0-100_VAS
captivité,52,36.334,26,23.115,29.708,27,0-100_VAS
capture,68.8,26.749,28,43.448,34.587,28,0-100_VAS
capuche,74.704,21.612,28,19.429,28.372,28,0-100_VAS
capuchon,81.32,23.748,26,16.519,26.754,27,0-100_VAS
carabine,75.769,29.042,26,66.519,27.395,27,0-100_VAS
caractéristique,46.88,33.34,26,23.963,30.384,26,0-100_VAS
carafe,67.12,29.011,25,24.125,28.466,24,0-100_VAS
caramel,83.542,21.472,25,14,27.896,24,0-100_VAS
carapace,81.107,15.576,26,22,24.419,27,0-100_VAS
carat,47.308,39.421,26,12.185,22.152,27,0-100_VAS
caravane,76.222,23.461,26,24.407,24.834,26,0-100_VAS
caravelle,38.043,37.068,25,21.13,35.025,24,0-100_VAS
carburant,60.333,34.541,26,13.385,19.343,26,0-100_VAS
carburateur,52.25,38.364,25,42.609,34.245,24,0-100_VAS
carcan,26.154,33.79,26,11.704,19.713,27,0-100_VAS
carcasse,76.52,24.348,25,15.76,19.299,25,0-100_VAS
cardiogramme,49.138,29.121,28,39.429,32.804,28,0-100_VAS
carence,35.481,32.178,26,20.769,29.237,26,0-100_VAS
caresse,72.708,31.351,26,38,37.82,27,0-100_VAS
cargo,63.769,26.323,26,32.37,34.439,27,0-100_VAS
caribou,78.88,29.072,26,21.769,30.644,26,0-100_VAS
caricature,87.269,14.115,28,23.929,30.727,28,0-100_VAS
carie,74.609,26.052,23,31.783,38.706,23,0-100_VAS
carillon,43.269,28.72,25,59.16,39.399,25,0-100_VAS
carnaval,78.833,19.21,23,62.381,29.969,23,0-100_VAS
carotte,88.958,13.848,25,33,37.972,24,0-100_VAS
carpette,67.448,25.111,26,17.074,19.807,27,0-100_VAS
carquois,42.852,42.128,26,18.963,26.965,26,0-100_VAS
carrefour,65.636,26.451,23,38.909,35.424,23,0-100_VAS
carriole,52.583,37.624,23,32.875,34.429,23,0-100_VAS
carrière,48.875,36.783,25,24.042,31.597,24,0-100_VAS
carrosse,75.792,29.748,23,30.167,31.136,23,0-100_VAS
carré,85.286,17.007,28,17.207,26.889,28,0-100_VAS
cartable,82.72,23.153,26,26.846,36.105,26,0-100_VAS
cartouche,73.414,25.644,26,36.346,34.008,27,0-100_VAS
cas,30.64,38.223,26,18.615,32.421,26,0-100_VAS
cascade,84.8,22.303,25,72.2,31.075,25,0-100_VAS
cascadeur,73.68,24.496,26,34,30.452,27,0-100_VAS
caserne,79,19.937,20,51.35,37.878,20,0-100_VAS
casino,86.435,14.798,26,69.652,30.555,26,0-100_VAS
casque,86.25,15.15,26,30.852,35.272,27,0-100_VAS
cassette,80.577,22.516,26,59.885,38.161,27,0-100_VAS
caste,31,35.394,26,16.704,26.725,27,0-100_VAS
castor,80.75,20.149,28,48.724,34.063,28,0-100_VAS
cataclysme,58.833,24.838,25,47.125,33.686,24,0-100_VAS
catalogue,79.643,22.518,26,11.577,21.017,26,0-100_VAS
catapulte,74,31.862,25,49.13,31.636,24,0-100_VAS
catastrophe,68,31.551,25,53.917,37.074,24,0-100_VAS
catégorie,40.64,31.879,26,24.074,32.795,27,0-100_VAS
cauchemar,70.083,28.494,25,42,34.046,24,0-100_VAS
causalité,29.786,36.218,26,34.074,40.151,27,0-100_VAS
cause,35.75,37.394,28,26,31.794,28,0-100_VAS
cavalerie,62.429,31.34,25,53.63,35.783,27,0-100_VAS
cave,73.8,24.614,25,31.375,30.373,24,0-100_VAS
caverne,84.036,14.279,25,28.333,33.66,27,0-100_VAS
cavité,58.85,26.896,20,21.95,32.037,20,0-100_VAS
caïman,55.625,38.281,23,26.591,36.947,23,0-100_VAS
ceinture,81.478,23.676,23,25,31.366,23,0-100_VAS
cellule,70.32,30.195,25,11.423,22.131,26,0-100_VAS
cens,16.625,28.364,25,11.833,23.008,24,0-100_VAS
cent,56.25,39.534,25,9.962,24.371,26,0-100_VAS
centaure,55.517,34.387,28,17.643,22.233,28,0-100_VAS
centre,67.84,25.296,25,28.885,31.767,26,0-100_VAS
cerceau,77.957,25.873,23,15.826,28.004,23,0-100_VAS
cercueil,76.462,29.391,25,30.519,35.887,27,0-100_VAS
cerf,80.667,21.364,25,25.542,32.74,24,0-100_VAS
cerise,90.045,16.935,25,5.857,11.629,24,0-100_VAS
cerisier,75.474,30.22,20,13.85,24.594,20,0-100_VAS
cerne,74.636,24.928,25,5.762,9.208,24,0-100_VAS
certitude,35.286,30.445,28,42,37.289,28,0-100_VAS
chacal,62.542,27.198,25,37.222,32.557,27,0-100_VAS
chagrin,72.08,31.795,25,60.6,37.961,25,0-100_VAS
chair,67.792,33.353,25,17.542,29.475,24,0-100_VAS
chaise,87.304,18.297,23,27.333,29.548,23,0-100_VAS
chalet,81.125,21.908,25,48.783,38.964,24,0-100_VAS
chaloupe,71.7,27.829,20,31,27.178,20,0-100_VAS
chambre,81.5,20.611,25,38.154,37.902,27,0-100_VAS
chameau,80.833,26.189,25,33.25,36.459,24,0-100_VAS
champ,80.5,24.916,25,32.778,33.715,27,0-100_VAS
champignon,89.84,14.772,25,26.833,35.69,26,0-100_VAS
champion,68.333,25.31,23,39.857,32.526,23,0-100_VAS
championnat,75.24,29.303,25,53.654,37.41,26,0-100_VAS
chance,51.826,33.245,23,31.818,30.719,23,0-100_VAS
chandail,84.909,16.849,23,15.083,25.19,23,0-100_VAS
chanteuse,72.5,30.264,25,77,29.077,24,0-100_VAS
chantier,81.92,23.759,25,72.56,28.557,25,0-100_VAS
chaos,59.52,33.255,25,50.96,32.803,25,0-100_VAS
chapeau,85.464,19.916,25,19.852,25.442,27,0-100_VAS
chapelle,85.32,20.178,25,43,41.383,26,0-100_VAS
chaperon,71.783,24.424,25,34.32,36.276,26,0-100_VAS
chapiteau,85.118,16.374,20,35.65,39.727,20,0-100_VAS
chapitre,61.261,35.316,23,18.261,21.56,23,0-100_VAS
charabia,26.48,33.227,25,45.4,38.06,25,0-100_VAS
charité,60.379,31.938,25,36.385,31.729,27,0-100_VAS
charme,60.792,35.68,25,36.708,34.655,24,0-100_VAS
charnière,44,34.392,25,31.222,35.017,27,0-100_VAS
charpente,57.091,35.713,23,23.542,26.703,23,0-100_VAS
charte,65.125,30.953,25,30.5,36.469,26,0-100_VAS
chaste,28.704,33.449,25,9.538,20.184,26,0-100_VAS
chat,87.087,25.323,23,74.87,30.1,23,0-100_VAS
chaton,84.667,23.841,23,73,25.411,23,0-100_VAS
chaudron,81.455,20.816,25,45.435,32.949,24,0-100_VAS
chauffage,57.833,37.626,25,32.5,36.076,24,0-100_VAS
chaussette,87.667,16.277,25,10.65,24.286,24,0-100_VAS
chausson,82.375,18.752,25,9.792,17.336,24,0-100_VAS
chaussure,85.138,17.48,25,50.25,35.464,27,0-100_VAS
chauve,87.522,14.544,23,14.708,21.664,23,0-100_VAS
chauve-souris,84.44,17.758,25,45.741,31.951,27,0-100_VAS
chauvinisme,26.692,33.448,25,17.458,28.59,24,0-100_VAS
cheminée,86.348,16.538,23,46.542,33.258,23,0-100_VAS
chemisier,82.9,18.803,25,9.25,18.484,24,0-100_VAS
chenille,82.615,23.845,25,17.5,27.035,24,0-100_VAS
cheptel,17.12,31.443,25,12.577,26.47,26,0-100_VAS
cheval,88.536,15.177,25,72.769,28.242,27,0-100_VAS
chevelure,83,20.531,23,22.476,32.675,23,0-100_VAS
cheveu,78.447,23.49,25,25.12,32.981,25,0-100_VAS
cheville,83.034,18.339,28,12.214,21.367,28,0-100_VAS
chevreau,51.593,39.096,25,30.667,34.211,26,0-100_VAS
chewing-gum,82.036,18.432,25,56.269,31.725,27,0-100_VAS
chien,90.625,14.352,25,82.333,27.108,24,0-100_VAS
chignon,86.16,25.93,27,7,21.587,26,0-100_VAS
chinoiserie,35.87,32.317,27,29.042,33.438,26,0-100_VAS
chirurgien,77.25,28.05,25,33.292,31.914,24,0-100_VAS
choc,56.56,31.815,25,40.042,33.464,25,0-100_VAS
choeur,66.964,30.487,27,82.556,21.367,27,0-100_VAS
choléra,35.783,31.27,23,22.783,31.402,23,0-100_VAS
chronique,38.16,33.321,27,28.074,39.558,27,0-100_VAS
chronomètre,77,25.83,27,51.667,32.414,27,0-100_VAS
châle,75.2,18.295,20,11.25,20.815,20,0-100_VAS
châsse,54.586,33.902,28,43.857,36.597,28,0-100_VAS
châtaigne,54.889,35.501,28,25.379,28.727,28,0-100_VAS
château,87.625,15.561,25,21.25,23.919,24,0-100_VAS
châtiment,49.783,36.334,23,38.957,37.278,23,0-100_VAS
chèvre,89.591,11.62,25,73,33.169,25,0-100_VAS
chéquier,75.917,24.61,25,29.846,31.418,26,0-100_VAS
chômage,39.207,34.841,28,31.607,34.138,28,0-100_VAS
ciel,93.462,9.746,27,38.407,43.026,27,0-100_VAS
cigare,81.48,21.568,27,19.63,27.964,27,0-100_VAS
cigarette,83.895,15.463,20,33.85,29.114,20,0-100_VAS
cigogne,78.828,23.064,27,31.704,29.549,27,0-100_VAS
ciment,87.241,15.647,28,31.286,35.532,28,0-100_VAS
cimetière,84.391,24.517,26,40.391,34.966,24,0-100_VAS
cintre,84.45,22.087,22,24.895,27.642,20,0-100_VAS
circonstance,26.091,32.972,23,21.304,28.801,23,0-100_VAS
circulation,76.68,21.884,27,56.074,34.426,26,0-100_VAS
cirrhose,24.375,31.598,26,12.478,23.399,24,0-100_VAS
ciseaux,81.88,22.229,27,44.556,36.376,27,0-100_VAS
citadelle,70.724,33.873,28,26.107,30.228,28,0-100_VAS
citation,39.25,34.859,26,47.857,42.441,24,0-100_VAS
citerne,65.074,31.763,27,16.308,28.055,26,0-100_VAS
citoyen,53.875,34.723,23,42.609,36.185,23,0-100_VAS
citoyenne,50.036,36.11,27,14.538,26.417,26,0-100_VAS
citron,85.192,17.898,27,23.444,35.622,27,0-100_VAS
citrouille,87.69,16.428,28,20,29.767,28,0-100_VAS
civilisation,69.462,23.187,27,37,33.977,27,0-100_VAS
civisme,43.48,39.509,27,24.815,36.836,27,0-100_VAS
civière,85.286,19.389,27,35.778,38.271,27,0-100_VAS
clafoutis,47.28,37.679,26,18.68,31.029,25,0-100_VAS
clairière,63.083,37.16,26,25.12,29.824,25,0-100_VAS
clairon,33.125,31.162,26,51.292,37.322,24,0-100_VAS
clarification,34.88,35.63,27,34.926,37.025,27,0-100_VAS
clarté,67.607,29.219,28,32.107,36.311,28,0-100_VAS
classement,57.84,29.533,27,29,31.476,27,0-100_VAS
classification,65.577,31.458,27,24.444,32.823,27,0-100_VAS
claustrophobie,59.043,35.365,26,25.833,32.533,24,0-100_VAS
clavecin,34.391,35.683,26,42.304,41.196,24,0-100_VAS
clebs,25,34.963,26,18.36,29.02,25,0-100_VAS
clef,84.292,26.503,23,60.043,34.186,23,0-100_VAS
clenche,33.857,33.56,28,27.923,31.474,28,0-100_VAS
clic,48.25,40.649,27,65.769,32.584,27,0-100_VAS
cliché,60.828,24.074,28,33.036,32.483,28,0-100_VAS
client,69.28,28.686,26,42.36,35.074,25,0-100_VAS
cliente,73.821,30.079,27,46.444,37.466,27,0-100_VAS
clientèle,68.5,36.995,26,40.619,42.765,24,0-100_VAS
climatiseur,77.125,22.983,23,60.375,30.334,23,0-100_VAS
clinique,77.478,23.359,26,38.957,37.248,24,0-100_VAS
clique,55.345,37.916,28,47.429,34.999,28,0-100_VAS
clivage,32.48,34.42,27,20.815,31.038,27,0-100_VAS
cloche,79,21.718,27,90,17.451,27,0-100_VAS
clocher,75.739,25.037,23,75.217,31.967,23,0-100_VAS
clochette,76.682,29.829,26,86.143,21.084,24,0-100_VAS
cloison,52.042,33.074,26,12.917,25.072,24,0-100_VAS
clou,77.958,23.31,26,54.667,36.716,24,0-100_VAS
clé,89.083,12.115,26,56.92,34.931,25,0-100_VAS
clémence,46.208,35.652,23,37.826,38.273,23,0-100_VAS
clôture,76.192,26.061,27,17.222,25.716,26,0-100_VAS
cobra,82.966,22.991,27,45.769,36.241,26,0-100_VAS
cocaïne,68.947,28.824,22,29.3,34.744,20,0-100_VAS
coccinelle,87.769,15.193,26,21.5,27.907,24,0-100_VAS
cochon,81.926,19.408,28,69.828,28.522,28,0-100_VAS
cocotte,69.583,30.881,26,42.043,39.381,24,0-100_VAS
cocotte-minute,67.909,32.262,23,61.636,33.656,23,0-100_VAS
cocu,45.519,38.487,27,37.926,35.572,26,0-100_VAS
codage,59.038,32.293,27,28.32,32.825,26,0-100_VAS
coffre-fort,79.75,20.518,26,33.208,28.63,24,0-100_VAS
coffret,77,23.469,28,27.926,35.123,28,0-100_VAS
cognac,65.304,27.244,23,11.696,20.61,23,0-100_VAS
cohue,47.24,33.363,27,53.148,33.264,27,0-100_VAS
cohérence,40.885,30.007,27,38.038,35.914,26,0-100_VAS
coiffure,83,19.864,27,45.08,36.717,26,0-100_VAS
coing,34.292,37.252,23,16.478,28.403,23,0-100_VAS
colibri,73.708,27.566,23,49.478,26.016,23,0-100_VAS
colique,46.13,33.44,27,53.577,33.36,26,0-100_VAS
collaborateur,47.778,33.888,28,31.828,34.382,28,0-100_VAS
collaboration,49.92,41.162,27,29.615,32.829,26,0-100_VAS
collage,78,20.145,23,15.739,26.327,23,0-100_VAS
collant,72.28,27.676,24,23.88,31.564,25,0-100_VAS
collection,77.154,26.735,27,22.37,26.574,27,0-100_VAS
collectivité,51.48,33.183,24,27.48,32.463,25,0-100_VAS
collet,50.348,35.556,23,9.652,20.135,23,0-100_VAS
colline,83.138,16.407,27,30.692,32.234,27,0-100_VAS
collision,75.68,28.003,24,72.68,27.489,25,0-100_VAS
colloque,50.179,27.65,28,35.069,33.246,28,0-100_VAS
collègue,73.08,34.114,27,39.074,35.238,27,0-100_VAS
colombe,78.769,23.4,24,39.92,38.224,25,0-100_VAS
colonie,66.75,30.858,24,28.72,33.652,25,0-100_VAS
colorant,74.182,32.903,24,8.476,16.314,24,0-100_VAS
colza,20.786,29.563,27,13.462,23.532,27,0-100_VAS
combinaison,48.045,34.385,24,17.652,20.917,24,0-100_VAS
combustion,58.25,27.926,22,45.95,35.092,20,0-100_VAS
comité,58.577,33.168,24,31.08,32.867,25,0-100_VAS
commande,51.762,37.727,24,34.81,38.341,24,0-100_VAS
commandement,52.5,36.932,24,55.542,38.142,24,0-100_VAS
commencement,49.826,36.779,24,29.792,37.715,24,0-100_VAS
commerce,69.448,26.347,28,37.75,32.97,28,0-100_VAS
commerçant,66,34.325,24,24.35,31.115,24,0-100_VAS
commissaire,42.655,31.378,27,31.63,28.486,27,0-100_VAS
commission,51.808,33.946,27,22.037,29.001,27,0-100_VAS
commode,80.833,20.339,22,19.45,30.722,20,0-100_VAS
communauté,62.517,30.45,27,32.519,30.95,27,0-100_VAS
communiqué,53.043,28.788,23,41.565,33.214,23,0-100_VAS
communisme,62.88,26.557,27,39.88,34.483,26,0-100_VAS
commère,37.043,32.547,23,40.542,34.232,23,0-100_VAS
compagnie,66.217,35.66,24,21.333,32.817,24,0-100_VAS
comparaison,53.304,36.693,23,39.591,38.872,23,0-100_VAS
compas,82.929,15.041,27,27.038,33.114,27,0-100_VAS
compatible,47.391,36.295,24,20.917,27.041,24,0-100_VAS
compensateur,28.808,34.651,27,22.296,30.931,26,0-100_VAS
complaisance,30.75,32.808,28,31.759,31.939,28,0-100_VAS
complet,64,33.175,28,19.929,27.634,28,0-100_VAS
complexe,42.75,39.108,24,26.167,30.649,24,0-100_VAS
complexité,33.8,34.789,24,24.05,32.44,24,0-100_VAS
complication,45.154,34.905,25,28.556,31.264,27,0-100_VAS
complicité,66.565,33.145,23,45.083,37.468,23,0-100_VAS
compliment,33.857,37.866,27,43.538,41.079,26,0-100_VAS
complot,46.652,35.76,23,40.739,33.533,23,0-100_VAS
complément,36.44,38.789,25,12.615,24.275,26,0-100_VAS
composant,35.556,37.701,27,10.192,17.882,26,0-100_VAS
composante,32.92,31.67,27,11.074,21.743,27,0-100_VAS
composition,50.88,31.648,24,34.5,34.27,24,0-100_VAS
composé,40.25,35.908,27,23.577,30.938,27,0-100_VAS
compote,85.44,22.935,27,13.308,27.627,26,0-100_VAS
compromis,32.292,41.459,27,28.385,39.336,26,0-100_VAS
compréhension,42.083,41.477,24,39.75,37.935,24,0-100_VAS
comptabilité,60.833,29.392,23,34.048,38.058,23,0-100_VAS
comptable,57.25,34.395,22,28.55,35.083,20,0-100_VAS
compte,49.345,33.358,27,10.731,16.472,26,0-100_VAS
comptine,38.929,33.987,28,69.931,32.064,28,0-100_VAS
comptoir,76.423,25.502,27,15.63,26.049,26,0-100_VAS
compère,36.077,35.274,27,19,29.965,27,0-100_VAS
compétence,44,37.836,24,34.083,34.734,24,0-100_VAS
comtesse,56.364,33.727,24,8.818,16.343,24,0-100_VAS
comté,35.25,35.279,24,11.875,25.977,24,0-100_VAS
comète,68.04,35.253,23,23.208,29.36,23,0-100_VAS
comédie,62.84,34.537,27,53.769,36.687,26,0-100_VAS
concentration,54.759,37.309,28,22.75,29.618,28,0-100_VAS
concept,35.621,33.857,28,26.75,32.132,28,0-100_VAS
conception,54.2,35.719,27,29.5,36.62,27,0-100_VAS
concombre,83.88,23.176,24,33.125,37.31,24,0-100_VAS
concurrence,39.2,34.936,24,29.76,35.908,25,0-100_VAS
concurrent,54.6,34.29,27,22.308,33.921,26,0-100_VAS
condition,46.955,34.305,23,40.5,33.485,23,0-100_VAS
conduit,55.038,29.111,27,25.852,27.612,27,0-100_VAS
conduite,74.682,21.495,23,47.792,33.708,23,0-100_VAS
confession,47,35.086,23,48.375,37.302,23,0-100_VAS
confiance,49,41.655,24,36.667,36.425,24,0-100_VAS
confidence,35.75,40.765,27,43.346,43.384,26,0-100_VAS
configuration,57.192,32.315,24,27.6,32.081,25,0-100_VAS
confirmation,33.043,37.808,24,34.52,39.445,25,0-100_VAS
confiture,88.75,14.623,27,20.148,29.542,27,0-100_VAS
confrère,35.653,28.05,24,25.76,29.066,25,0-100_VAS
confusion,49.04,34.108,27,46.44,35.482,26,0-100_VAS
conférence,64.304,30.259,24,54.542,38.774,24,0-100_VAS
congrès,49.042,33.82,27,35.808,31.577,27,0-100_VAS
congé,52.65,39.01,22,32.5,40.349,20,0-100_VAS
conjoint,72.304,35.612,24,46,34.76,24,0-100_VAS
conjoncture,22.448,28.368,27,19.667,23.695,27,0-100_VAS
conjugaison,54.727,35.07,23,45.652,35.245,23,0-100_VAS
conne,44.679,31.861,28,42.586,38.132,28,0-100_VAS
connexion,71.818,30.32,24,34.043,33.342,24,0-100_VAS
conquête,48.889,33.479,22,30.45,33.583,20,0-100_VAS
conscience,33.111,30.681,28,32.138,34.786,28,0-100_VAS
conseiller,53.36,34.26,27,34.885,35.584,26,0-100_VAS
consentement,43.44,39.695,27,31.731,40.825,26,0-100_VAS
conservation,49.5,29.61,24,32.04,36.77,25,0-100_VAS
conserve,70.292,32.832,27,28.885,34.884,26,0-100_VAS
considération,33.963,32.252,27,37.815,39.658,27,0-100_VAS
consigne,43.821,33.015,28,46.034,36.818,28,0-100_VAS
consolation,62.435,34.864,24,49.217,34.928,24,0-100_VAS
consommateur,52.56,34.388,24,26.92,31.969,25,0-100_VAS
consommation,54.435,34.564,23,21.826,31.376,23,0-100_VAS
constitution,36.8,28.445,22,27.45,32.957,20,0-100_VAS
constructeur,61.957,28.104,23,43.174,40.251,23,0-100_VAS
construction,76.167,21.749,24,69.217,29.799,24,0-100_VAS
consultant,57.414,35.73,27,35.148,37.47,27,0-100_VAS
consultation,56.815,30.978,27,32.346,35.491,26,0-100_VAS
conséquence,44.917,37.11,24,35.833,35.784,24,0-100_VAS
conte,71.043,31.745,24,50.56,36.755,25,0-100_VAS
contemplation,67.72,31.174,27,32.962,33.006,26,0-100_VAS
contenant,74.48,24.331,24,19.125,28.09,24,0-100_VAS
content,64.464,36.034,27,40.385,38.79,26,0-100_VAS
continence,39.538,32.893,28,28.241,28.597,28,0-100_VAS
continuité,44.96,34.543,24,22.864,32.366,24,0-100_VAS
contour,71.917,29.859,23,15,24.659,23,0-100_VAS
contraception,70,21.772,22,13.25,21.078,20,0-100_VAS
contradiction,40.368,34.641,22,41.95,38.877,20,0-100_VAS
contrainte,32.28,35.521,24,26.52,35.468,25,0-100_VAS
contrariété,35.462,31.722,27,28.889,34.309,27,0-100_VAS
contraste,62.75,28.283,23,32.913,33.428,23,0-100_VAS
contrat,68.034,23.111,28,24.893,30.423,28,0-100_VAS
contrepoison,24.318,31.29,24,7.5,14.515,25,0-100_VAS
contribution,42.192,32.087,24,22.24,28.167,25,0-100_VAS
contrôle,47,35.763,27,25.741,34.867,27,0-100_VAS
convenance,24.143,30.2,27,22.741,31.336,27,0-100_VAS
convention,51,34.137,24,23,27.772,24,0-100_VAS
conversion,52.136,37.692,23,31.826,38.706,23,0-100_VAS
conviction,36.85,35.704,22,37,35.845,20,0-100_VAS
convoi,52,36.008,24,28.043,35.286,24,0-100_VAS
coopération,54.6,32.777,24,30.12,29.914,25,0-100_VAS
coordination,54.632,32.358,22,27.75,28.318,20,0-100_VAS
coordonnée,55.444,30.974,24,23.76,26.341,25,0-100_VAS
copeau,72.913,27.578,23,24.955,27.12,23,0-100_VAS
copinage,38.739,35.991,23,23.652,34.706,23,0-100_VAS
coq,87.786,21.827,28,85.444,22.782,28,0-100_VAS
coque,62.214,27.809,26,24.154,30.229,26,0-100_VAS
coquillage,90.393,14.351,26,52.154,37.542,26,0-100_VAS
coquille,81.45,19.991,22,36.75,29.873,20,0-100_VAS
cor,20.36,32.451,26,20.846,35.823,26,0-100_VAS
corbeille,81.636,24.161,24,11.1,17.296,24,0-100_VAS
cordon,71.069,25.201,28,17.607,26.851,28,0-100_VAS
cordée,50.913,33.485,24,16.16,25.337,25,0-100_VAS
corne,84.417,17.881,23,28.696,33.148,23,0-100_VAS
corneille,71.923,29.558,24,59.167,38.933,24,0-100_VAS
cornemuse,72.966,30.515,28,77.536,33.112,28,0-100_VAS
cornet,88.24,15.084,24,29.56,32.582,25,0-100_VAS
cornichon,80.074,19.458,28,30.379,33.499,28,0-100_VAS
corporation,52.179,34.207,26,34.192,37.788,27,0-100_VAS
corps,74.087,27.537,23,17.957,25.574,23,0-100_VAS
corpulence,63.4,31.623,24,14.25,18.049,24,0-100_VAS
correction,57.538,29.652,26,34.111,34.919,27,0-100_VAS
correspondance,43.88,35.796,24,21.44,30.028,25,0-100_VAS
correspondant,49.68,37.461,26,31.074,34.025,27,0-100_VAS
corrida,48.556,40.1,26,32.556,36.288,26,0-100_VAS
corridor,75.167,30.157,24,23.833,27.828,24,0-100_VAS
cortège,56.69,35.329,28,26.357,32.789,28,0-100_VAS
corvée,58.429,34.283,28,32.963,29.797,28,0-100_VAS
cosse,27.6,32.385,22,10.95,23.103,20,0-100_VAS
costume,80.345,23.44,28,19.5,30.155,28,0-100_VAS
cotation,39.286,37.413,26,24.889,30.029,27,0-100_VAS
coteau,35.6,35.943,24,9.8,18.253,25,0-100_VAS
cotisation,41.08,38.245,26,18.923,31.676,26,0-100_VAS
coton,85.857,15.703,26,24.296,32.632,27,0-100_VAS
cou,79.179,20.999,28,29.69,31.196,28,0-100_VAS
couard,26.304,35.565,23,16,28.018,23,0-100_VAS
couche,76.731,25.871,24,21.458,22.181,24,0-100_VAS
coucher,73.577,27.943,26,37.269,37.298,26,0-100_VAS
coude,88.2,16.222,26,20.72,31.302,26,0-100_VAS
couffin,15.8,24.89,26,16.259,27.777,27,0-100_VAS
couleur,84.5,22.112,23,13.958,24.153,23,0-100_VAS
couleuvre,70.739,34.267,23,22.391,31.716,23,0-100_VAS
coupe,71.276,29.259,28,30.393,31.024,28,0-100_VAS
couple,79.429,25.111,26,37.462,38.689,26,0-100_VAS
couplet,43.217,33.313,24,49.87,43.531,24,0-100_VAS
coupon,79.417,19.838,26,28.308,36.706,26,0-100_VAS
coupure,65.077,29.733,24,25.667,33.281,24,0-100_VAS
courage,48.091,34.379,24,40.826,37.629,24,0-100_VAS
courbature,61.68,31.821,26,27.154,29.857,26,0-100_VAS
courbure,57.84,32.896,26,20.538,27.48,27,0-100_VAS
courgette,74,26.51,28,23.286,30.487,28,0-100_VAS
couronne,79.84,23.165,24,12.043,20.921,24,0-100_VAS
courroie,72.5,23.315,26,30.885,35.887,27,0-100_VAS
cousin,78.56,29.476,24,38.6,36.989,25,0-100_VAS
couteau,85.5,18.72,25,38.115,33.043,27,0-100_VAS
coutume,62.435,30.511,24,34.435,34.82,24,0-100_VAS
couture,76.087,27.129,23,44.273,35.376,23,0-100_VAS
couturier,62.8,33.418,26,34.852,34.346,27,0-100_VAS
couvent,70.964,33.016,28,29.185,29.811,28,0-100_VAS
couvercle,84.16,19.574,23,49.522,31.149,23,0-100_VAS
couvert,59.348,36.555,24,16.174,23.56,24,0-100_VAS
coyote,65,28.947,25,44.741,38.957,27,0-100_VAS
coïncidence,37.793,37.713,28,33.964,32.768,28,0-100_VAS
coût,60.227,36.86,23,29.524,32.434,23,0-100_VAS
crabe,90.75,11.559,28,37.071,34.135,28,0-100_VAS
crainte,47.179,31.352,28,45.414,34.558,28,0-100_VAS
crampon,74.92,22.247,24,47.609,31.341,24,0-100_VAS
crapaud,86.462,21.53,26,60.769,35.419,26,0-100_VAS
craque,61.087,38.24,24,40.304,38.285,24,0-100_VAS
craquement,37.4,32.228,24,76.333,27.374,25,0-100_VAS
cratère,69.04,26.307,26,12.074,23.436,27,0-100_VAS
cravate,86.6,22.802,24,22.739,27.178,24,0-100_VAS
crayon,85.778,17.014,25,30.333,34.332,26,0-100_VAS
crevaison,81.125,15.462,23,44.542,31.824,23,0-100_VAS
crevasse,78.455,25.205,24,12.286,17.419,24,0-100_VAS
crevette,87.84,19.817,26,14.962,30.031,26,0-100_VAS
crevé,60.2,33.87,24,29.44,32.555,25,0-100_VAS
crinière,80.08,26.785,24,21.24,28.629,25,0-100_VAS
critique,42.417,35.699,24,52.167,40.25,24,0-100_VAS
critère,39.08,39.712,26,21.077,29.922,26,0-100_VAS
croc,59.966,31.957,28,32.185,35.472,28,0-100_VAS
croche-pied,45.522,36.99,24,24.043,31.583,24,0-100_VAS
crocodile,82.64,18.4,23,32.304,29.424,23,0-100_VAS
crosse,54,31.89,24,24.5,25.785,24,0-100_VAS
croupe,27.414,33.329,28,14.679,25.709,28,0-100_VAS
croyance,56.593,34.292,26,45.815,38.57,27,0-100_VAS
cruauté,58.538,38.324,26,47.333,42.295,27,0-100_VAS
cruche,67.107,25.006,28,39.345,33.285,28,0-100_VAS
crudité,77.28,26.047,26,41.519,35.044,27,0-100_VAS
crypte,54.286,34.952,28,22.862,29.02,28,0-100_VAS
crâne,83.714,16.968,26,20.815,27.2,27,0-100_VAS
crème,80.231,22.897,24,16.333,21.751,24,0-100_VAS
créature,71.423,26.308,26,35.63,34.453,27,0-100_VAS
crédit,45.043,33.112,23,18.522,31.51,23,0-100_VAS
créole,57.577,34.252,26,69.778,27.27,26,0-100_VAS
crépuscule,74.333,32.84,26,9.538,15.195,26,0-100_VAS
crêpe,82.958,25.144,23,33.783,33.194,23,0-100_VAS
crête,61.56,30.436,23,28.045,32.214,23,0-100_VAS
cube,81.667,21.204,24,17.875,27.39,24,0-100_VAS
cueillette,68.154,29.13,26,24.37,31.634,27,0-100_VAS
cuillère,87.5,18.034,24,42.667,34.778,24,0-100_VAS
cuir,76.786,23.128,28,36.379,34.586,28,0-100_VAS
cuisine,86.84,19.891,24,58.6,38.386,25,0-100_VAS
cuisinière,79.292,24.804,26,37.615,35.853,27,0-100_VAS
cuisse,78.087,25.678,23,8.565,18.759,23,0-100_VAS
cuisson,77.44,28.066,26,50.333,38.955,27,0-100_VAS
culot,42.966,35.291,28,35.321,35.025,28,0-100_VAS
culture,65.654,31.071,26,50.654,32.812,26,0-100_VAS
cumul,32.083,36.012,26,19.038,26.119,27,0-100_VAS
curseur,80.818,21.902,24,23.609,30.95,24,0-100_VAS
cuvée,43.154,34.896,24,23.542,29.508,24,0-100_VAS
cycliste,90,12.69,23,39.667,31.077,23,0-100_VAS
cyclone,71.64,28.988,26,52.76,32.146,26,0-100_VAS
cylindre,77.24,27.912,24,17.167,26.033,24,0-100_VAS
cymbale,62.72,37.028,25,69.667,36.056,26,0-100_VAS
câblage,73.481,27.161,25,22.407,30.348,27,0-100_VAS
cèdre,77.65,19.778,20,18.8,31.464,20,0-100_VAS
cène,33.478,44.664,25,10.478,23.697,24,0-100_VAS
cèpe,22.286,31.26,25,8.423,17.454,26,0-100_VAS
céleri,84.5,21.734,25,35.476,37.775,24,0-100_VAS
cérémonie,76.364,19.155,23,58.826,31.281,23,0-100_VAS
côte,69.08,28.384,24,24.375,34.721,24,0-100_VAS
côté,68.087,32.687,23,20.708,30.177,23,0-100_VAS
daltonisme,55.542,31.551,24,10.75,22.068,24,0-100_VAS
damier,51.48,38.029,25,8.808,16.368,26,0-100_VAS
dance,81.08,28.75,25,65.12,35.949,26,0-100_VAS
danseur,78.125,30.027,25,54.962,39.439,27,0-100_VAS
dauphin,84.182,22.824,24,71.125,30.226,24,0-100_VAS
demande,37.636,30.137,25,49.48,39.691,27,0-100_VAS
demeure,71.483,33.852,28,14.321,26.486,28,0-100_VAS
dent,89.074,20.723,28,37.407,37.487,28,0-100_VAS
dentelle,82.107,20.404,28,21.759,30.839,28,0-100_VAS
derme,63.32,26.356,23,21,32.188,23,0-100_VAS
dernier,52.519,37.809,26,23.37,31.563,26,0-100_VAS
derrière,66.607,30.201,28,22.852,28.784,28,0-100_VAS
description,29.464,34.639,26,21.962,29.352,26,0-100_VAS
dessein,21.286,29.413,24,3.619,11.016,24,0-100_VAS
destin,52.667,41.833,24,21.792,26.828,24,0-100_VAS
destination,60.4,34.154,24,26.04,27.653,25,0-100_VAS
destinée,41,36.035,20,27.579,31.302,22,0-100_VAS
destruction,76.96,20.348,26,56.815,29.619,26,0-100_VAS
deuil,67.036,26.211,26,55.259,35.7,27,0-100_VAS
devant,62.741,35.969,26,10.846,22.593,26,0-100_VAS
devin,43.172,33.244,26,23.538,28.935,27,0-100_VAS
devinette,35.231,35.943,24,49.667,42.676,24,0-100_VAS
devis,38.773,33.387,25,23.962,29.195,27,0-100_VAS
devise,45.833,32.595,23,36.435,36.748,23,0-100_VAS
devoir,56.818,37.359,24,19.286,28.664,24,0-100_VAS
dextérité,46.286,37.665,25,8.077,15.2,26,0-100_VAS
diagnostic,53.696,35.602,24,29.125,33.159,24,0-100_VAS
diagonale,73.2,24.382,25,19.185,33.065,27,0-100_VAS
diapason,36.667,36.268,25,36.731,42.757,26,0-100_VAS
diapositive,82.72,16.598,24,27.56,32.689,25,0-100_VAS
dictaphone,54.96,30.695,25,54.2,34.067,26,0-100_VAS
dictature,62.36,39.066,25,35.63,34.433,26,0-100_VAS
diction,33.714,34.085,28,62.036,34.923,28,0-100_VAS
dicton,23.872,30.318,24,40.24,37.972,25,0-100_VAS
dictée,72.538,28.03,25,58.741,29.795,26,0-100_VAS
diesel,58.792,32.287,24,12.958,20.577,24,0-100_VAS
difficulté,49,32.099,25,32.962,33.486,27,0-100_VAS
diffusion,56.083,36.82,23,48.864,36.298,23,0-100_VAS
digestion,42.154,35.831,25,36.077,31.99,27,0-100_VAS
dignité,59.462,32.608,25,33.038,34.036,26,0-100_VAS
dilemme,45.167,35.552,23,35.083,30.443,23,0-100_VAS
diligence,32.16,37.152,25,15.72,24.939,27,0-100_VAS
dilution,62,33.33,24,19.571,30.644,24,0-100_VAS
dimanche,50.286,41.427,24,24.85,35.87,24,0-100_VAS
diminutif,35.875,34.071,25,31.538,33.674,27,0-100_VAS
dinde,77.731,23.338,24,43.48,37.153,25,0-100_VAS
dindon,78.069,21.511,28,50.571,27.357,28,0-100_VAS
dinosaure,81.36,23.112,24,56.4,32.785,25,0-100_VAS
diplôme,79.385,26.359,24,27.708,33.956,24,0-100_VAS
direction,59.875,34.773,25,34.808,35.834,27,0-100_VAS
directive,46.375,35.539,25,42.111,36.441,26,0-100_VAS
disciple,53.565,33.042,24,23.522,30.37,24,0-100_VAS
discipline,44.944,36.751,20,37.35,34.585,20,0-100_VAS
discorde,35.364,32.649,25,45.538,35.47,27,0-100_VAS
discrétion,44.964,34.068,25,32,32.858,26,0-100_VAS
discussion,47.769,34.435,24,65.75,38.234,24,0-100_VAS
disparition,46.125,36.097,24,33.5,36.639,24,0-100_VAS
disparu,58.25,35.575,23,36.261,33.254,23,0-100_VAS
dispensaire,35.13,34.968,24,18.417,30.561,24,0-100_VAS
disponibilité,35.364,34.357,24,23.609,32.79,24,0-100_VAS
dispositif,42.643,30.692,28,26.345,29.628,28,0-100_VAS
disposition,37.88,35.504,24,11.28,19.334,25,0-100_VAS
dispute,71.167,30.275,25,68.542,37.268,26,0-100_VAS
disque,77.042,23.658,24,56.25,37.172,24,0-100_VAS
disquette,82.8,25.99,25,31.846,34.477,26,0-100_VAS
dissertation,62.708,26.882,24,20.042,23.685,24,0-100_VAS
distance,61.174,36,23,22.667,29.851,23,0-100_VAS
distinction,36.4,33.625,20,34.1,34.876,20,0-100_VAS
distorsion,43.731,34.057,25,44.731,37.675,26,0-100_VAS
distraction,54.615,30.317,28,45.931,37.434,28,0-100_VAS
distribution,60.12,32.719,25,30.958,33.323,26,0-100_VAS
diva,71.444,25.356,28,47.759,37.329,28,0-100_VAS
diversité,62.231,33.197,25,31.192,40.618,27,0-100_VAS
divinité,51.333,38.07,23,35.391,36.444,23,0-100_VAS
division,46.036,33.616,25,22.778,27.063,27,0-100_VAS
divorce,55.174,41.538,24,40.375,38.76,24,0-100_VAS
dix,55.593,33.212,25,26.37,36.205,26,0-100_VAS
dièdre,9.28,20.491,25,10.185,22.599,27,0-100_VAS
docteur,83.107,21.859,25,32.038,35.155,26,0-100_VAS
doctrine,39.667,37.691,25,24.615,32.905,27,0-100_VAS
document,77.154,22.847,25,20.148,28.006,27,0-100_VAS
documentaire,59.478,34.371,23,47.565,40.134,23,0-100_VAS
documentation,67.75,29.598,24,20.125,31.059,24,0-100_VAS
doigt,86.542,23.902,24,27.087,32.26,24,0-100_VAS
doigté,56.429,36.533,24,30.4,34.781,24,0-100_VAS
dol,11.4,28.177,20,8.6,22.988,20,0-100_VAS
dollar,80.864,22.81,23,26.13,31.951,23,0-100_VAS
dom,28.692,34.392,27,25.731,32.903,26,0-100_VAS
domicile,76.045,32.139,24,29.217,36.846,24,0-100_VAS
domination,55.08,32.615,24,37.913,35.535,24,0-100_VAS
domino,83.211,18.654,20,47.6,32.25,20,0-100_VAS
dompteur,67.464,30.69,28,43.667,33.069,28,0-100_VAS
dortoir,73.75,25.664,27,33.462,35.52,27,0-100_VAS
doré,84.56,19.502,27,8.731,18.604,26,0-100_VAS
dosage,55.556,29.551,27,23.222,24.931,27,0-100_VAS
double,51.769,31.819,27,21.852,22.583,27,0-100_VAS
douceur,67.348,30.739,23,42.522,33.213,23,0-100_VAS
douche,81.034,19.312,28,73.036,25.855,28,0-100_VAS
douille,58.708,33.584,27,36.769,39.666,27,0-100_VAS
douillette,76.24,34.937,27,21.231,30.812,26,0-100_VAS
douve,22.792,31.234,27,14.963,24.984,27,0-100_VAS
doux,63.84,36.19,27,26.741,33.553,27,0-100_VAS
douze,60.625,35.717,23,29.739,33.637,23,0-100_VAS
dragée,54.417,41.205,24,19.25,30.738,24,0-100_VAS
drapeau,90.148,14.501,27,30.115,34.584,26,0-100_VAS
droit,52.269,35.113,27,30.444,34.084,26,0-100_VAS
dromadaire,78.958,25.247,23,29.667,34.202,23,0-100_VAS
dualisme,44.04,29.703,27,18,25.78,26,0-100_VAS
dualité,41.5,32.942,20,17.75,22.875,20,0-100_VAS
duchesse,56.393,35.825,27,12.423,20.176,26,0-100_VAS
dune,78.5,30.934,28,22.107,33.035,28,0-100_VAS
dureté,62.207,29.316,28,28.571,33.201,28,0-100_VAS
durée,27.821,32.423,27,14.962,22.31,26,0-100_VAS
dynamique,58.828,35.393,28,40.036,36.263,28,0-100_VAS
dé,80.448,23.297,28,49.679,30.164,28,0-100_VAS
débat,56.625,37.061,24,60.542,35.498,24,0-100_VAS
débile,53.786,36.156,25,45.926,36.59,27,0-100_VAS
débit,55.2,32.381,24,33,34.048,25,0-100_VAS
débouché,52.45,32.039,20,17.5,23.187,20,0-100_VAS
débris,72.708,27.376,24,28.292,37.318,24,0-100_VAS
début,50.609,37.221,23,30.682,34.866,23,0-100_VAS
débâcle,41.25,38.415,24,28.875,34.763,24,0-100_VAS
décalage,52.76,33.473,24,28.64,30.902,25,0-100_VAS
décembre,75.526,27.689,20,47.05,39.476,20,0-100_VAS
déception,48.552,34.498,28,35.429,35.07,28,0-100_VAS
décharge,44.115,35.498,25,29.407,30.769,26,0-100_VAS
déchet,86.654,17.607,25,38.962,38.262,26,0-100_VAS
décimètre,76.24,22.384,25,23.808,32.384,26,0-100_VAS
décision,34.48,36.508,24,32.52,36.096,25,0-100_VAS
déclaration,42.846,34.576,25,48.593,37.621,26,0-100_VAS
déclic,41.571,35.128,28,53.5,31.716,28,0-100_VAS
déclin,44,30.974,24,26.48,30.727,25,0-100_VAS
décollage,79.846,22.88,24,70.625,31.917,24,0-100_VAS
décoration,81.8,20.996,25,18.308,24.943,27,0-100_VAS
découverte,54.28,32.169,24,31.48,35.991,25,0-100_VAS
décret,28.828,30.77,28,22.643,32.081,28,0-100_VAS
décrépitude,47.8,33.815,20,20.9,28.507,20,0-100_VAS
décès,63.52,29.547,24,22.44,32.78,25,0-100_VAS
déesse,77.292,25.605,24,23.435,31.239,24,0-100_VAS
défi,62.682,35.209,24,44.682,39.062,24,0-100_VAS
défiance,33.619,31.951,24,29.571,33.448,24,0-100_VAS
déficit,48.458,38.52,23,35.167,35.286,23,0-100_VAS
défilé,81.207,22.358,28,52.536,32.844,28,0-100_VAS
définition,41.5,34.436,24,25.292,31.35,24,0-100_VAS
dégaine,37.381,36.793,24,16.619,28.556,24,0-100_VAS
dégel,75.714,31.65,24,30.455,36.359,24,0-100_VAS
dégoût,62.833,32.484,24,38.583,35.747,24,0-100_VAS
déguisement,78.077,26.003,24,20.792,29.897,24,0-100_VAS
dégât,78.84,20.516,24,46.667,33.432,24,0-100_VAS
déité,5.6,16.79,25,8.654,20.781,26,0-100_VAS
déjeuner,85.423,22.382,25,42.962,34.703,26,0-100_VAS
délai,36.577,37.411,24,26.083,36.376,24,0-100_VAS
délicatesse,56.25,32.802,20,38.45,38.454,20,0-100_VAS
délire,48.64,38.058,24,52.2,38.28,25,0-100_VAS
délit,58.136,36.997,24,24.143,32.352,24,0-100_VAS
délivrance,49.115,36.517,25,30.222,33.803,27,0-100_VAS
déluge,75,28.225,24,69.042,26.302,24,0-100_VAS
délégation,45.231,33.076,28,40.345,35.165,28,0-100_VAS
délégué,47.214,34.133,25,43.778,38.763,27,0-100_VAS
démarche,62.385,28.25,25,27.385,30.369,26,0-100_VAS
déminage,39.52,30.818,24,37.174,32.306,24,0-100_VAS
démocratie,55.609,35.076,24,41.042,38.889,24,0-100_VAS
démolition,77.31,24.308,28,63.143,28.083,28,0-100_VAS
démon,74.083,26,23,40.304,31.609,23,0-100_VAS
démêlage,61.5,32.573,28,25,32.692,28,0-100_VAS
département,48.091,33.466,23,20.739,32.854,23,0-100_VAS
dépense,58.16,30.689,26,31.731,33.459,27,0-100_VAS
dépit,25.96,28.822,26,30.037,30.134,27,0-100_VAS
dépliant,73.846,26.499,26,19.963,24.164,27,0-100_VAS
dépotoir,80.913,21.723,24,29.478,28.231,24,0-100_VAS
député,50.346,32.621,26,34.346,37.528,27,0-100_VAS
dépôt,54.87,35.326,23,26.727,35.285,23,0-100_VAS
dérision,30.4,31.894,24,34.522,34.816,24,0-100_VAS
désarroi,49.833,33.662,26,43.5,39.741,27,0-100_VAS
désastre,71.333,27.382,28,42,30.722,28,0-100_VAS
désillusion,29,33.968,23,20.957,28.28,23,0-100_VAS
désir,66.154,30.924,26,49.577,34.798,26,0-100_VAS
déséquilibre,58.448,29.562,28,28.714,28.668,28,0-100_VAS
détection,48.545,33.728,24,27.762,30.63,24,0-100_VAS
détente,60.667,38.764,26,43.308,41.95,26,0-100_VAS
détermination,43.52,39.384,26,18.385,30.739,26,0-100_VAS
détonateur,59.88,29.763,26,65.52,31.591,26,0-100_VAS
détonation,57.68,31.283,26,76.84,24.914,26,0-100_VAS
détour,64.727,30.035,24,14.13,24.317,24,0-100_VAS
détresse,65.538,25.022,26,55.077,34.67,26,0-100_VAS
développement,44,37.549,24,20.714,23.776,24,0-100_VAS
déviation,60.2,32.435,24,18.375,26.87,24,0-100_VAS
dévoilement,59.273,34.034,24,32.19,32.575,24,0-100_VAS
dévotion,45.207,36.518,28,34.143,36.785,28,0-100_VAS
dîner,73.893,23.199,28,43.857,35.292,28,0-100_VAS
dînette,63.231,34.122,28,25.615,32.81,28,0-100_VAS
efficacité,41.115,33.206,27,29.222,32.205,27,0-100_VAS
effleurement,58.217,32.535,23,25.583,28.99,23,0-100_VAS
effroi,52.957,37.414,24,42.957,37.007,24,0-100_VAS
embarras,45.458,36.549,24,34.375,35.583,24,0-100_VAS
embouteillage,86.192,17.006,28,69.519,35.626,28,0-100_VAS
embrochement,31.478,38.697,24,21.826,32.87,24,0-100_VAS
emmenthal,47.731,37.916,27,10.741,20.592,26,0-100_VAS
empereur,57.231,28.055,24,19.64,22.734,25,0-100_VAS
empire,63.208,33.637,24,24.125,29.565,24,0-100_VAS
emplacement,53.798,32.247,24,12.48,21.243,25,0-100_VAS
emploi,59.333,35.193,24,32.458,35.05,24,0-100_VAS
employeur,62.84,35.477,27,30.481,36.889,27,0-100_VAS
employé,65.429,25.965,28,41.414,35.501,28,0-100_VAS
employée,70,27.577,27,33.259,39.258,26,0-100_VAS
empreinte,71.875,28.988,27,17,26.492,27,0-100_VAS
emprunt,48.96,36.854,27,18.654,26.626,26,0-100_VAS
enclos,70.52,27.151,27,26.037,31.849,27,0-100_VAS
enclume,55.36,35.808,24,30.52,34.303,25,0-100_VAS
encre,74.962,25.962,24,19.667,27.577,24,0-100_VAS
encrier,71,19.49,28,21.897,27.9,28,0-100_VAS
endive,51.478,40.87,24,13.391,29.14,24,0-100_VAS
enduit,44.091,37.091,23,16.083,26.278,23,0-100_VAS
enfant,78.625,27.927,24,65.25,38.962,24,0-100_VAS
enfer,69.333,33.817,27,41.192,39.294,26,0-100_VAS
enflure,71.111,28.011,28,27.241,28.419,28,0-100_VAS
engagement,39.5,34.023,24,25.095,31.831,24,0-100_VAS
engin,73.207,22.906,28,58.5,37.305,28,0-100_VAS
engorgement,63.464,31.414,27,40.111,34.016,27,0-100_VAS
enjeu,43.714,35.183,27,29,32.527,27,0-100_VAS
ennemi,60.9,37.036,24,32.25,36.052,24,0-100_VAS
ennui,47.667,36.744,27,29.481,33.505,26,0-100_VAS
enrouement,29.8,33.78,23,31.783,40.889,23,0-100_VAS
enseignant,84.875,23.341,27,59.385,39.771,26,0-100_VAS
enseigne,69.25,32.479,24,21.125,33.309,24,0-100_VAS
ensemble,62.04,35.875,24,30.5,30.788,24,0-100_VAS
entaille,70.538,24.729,27,30.8,34.937,26,0-100_VAS
entente,41.793,34.16,27,31.423,38.2,26,0-100_VAS
enthousiasme,57.833,40.007,24,49,38.696,24,0-100_VAS
entonnoir,69.125,29.656,24,16.708,22.009,24,0-100_VAS
entrain,52,36.957,27,44.24,39.425,26,0-100_VAS
entreprise,65.348,25.669,23,25.667,30.375,23,0-100_VAS
entretien,59.286,30.84,28,44.345,33.906,28,0-100_VAS
entrevue,69.652,24.789,23,57.583,30.208,23,0-100_VAS
enveloppe,81.423,20.57,27,25.519,34.283,27,0-100_VAS
envers,29.074,33.028,27,10.192,18.317,26,0-100_VAS
envoi,51,32.245,23,27.545,31.062,23,0-100_VAS
envol,65.625,31.396,24,34.333,35.456,24,0-100_VAS
envoûtement,43.741,32.216,27,26.074,26.866,26,0-100_VAS
enzyme,49.48,33.692,24,20.043,26.749,24,0-100_VAS
erreur,61.32,33.304,27,40.32,37.515,26,0-100_VAS
escadrille,40.583,38.585,24,32.565,36.142,24,0-100_VAS
escale,62,31.165,28,37.172,34.47,28,0-100_VAS
escalier,76.886,27.48,24,24.52,33.044,25,0-100_VAS
escargot,80.833,29.713,24,18.375,24.402,24,0-100_VAS
esclave,71.4,27.25,20,39.1,36.003,20,0-100_VAS
escompte,48.16,36.825,23,29.348,30.872,23,0-100_VAS
espadon,58.808,35.119,24,13.792,24.162,24,0-100_VAS
espion,69.833,32.289,27,28.654,33.753,26,0-100_VAS
esplanade,49.154,40.361,27,30.538,35.751,26,0-100_VAS
espoir,55.696,43.504,24,34.818,35.852,24,0-100_VAS
espérance,40.679,40.213,27,35.667,40.423,27,0-100_VAS
esquimau,72.76,23.539,24,16.68,19.054,25,0-100_VAS
essai,42.962,32.008,27,20,26.784,26,0-100_VAS
essence,74.8,23.186,24,21.92,30.375,25,0-100_VAS
essieu,42.966,34.539,27,21.556,26.015,27,0-100_VAS
essor,33.261,32.293,24,10.458,17.718,24,0-100_VAS
essoufflement,55.8,37.421,27,65.148,35.932,27,0-100_VAS
estime,25.75,30.585,24,25.667,34.897,24,0-100_VAS
euphorie,53.92,32.18,24,49.273,35.101,24,0-100_VAS
exaltation,31.68,38.992,25,30.115,37.974,26,0-100_VAS
excellence,37.857,38.184,25,27.615,35.389,26,0-100_VAS
exception,33.75,35.386,24,25.4,34.377,25,0-100_VAS
excitabilité,47.875,39.321,25,25.556,33.473,26,0-100_VAS
excitation,55.5,36.098,24,50.792,38.987,24,0-100_VAS
exclamation,44.28,40.256,25,59.269,40.955,26,0-100_VAS
exclusion,55.167,34.403,24,33.583,36.066,24,0-100_VAS
exclusivité,37.417,32.191,23,31.318,35.368,23,0-100_VAS
excès,61.8,31.966,25,35.08,36.6,26,0-100_VAS
exigence,34.136,33.787,24,33.391,36.525,24,0-100_VAS
exil,49.964,37.718,28,21.821,29.033,28,0-100_VAS
existence,31.111,32.218,25,17,22.879,26,0-100_VAS
exotisme,69.6,30.43,24,43.043,39.161,24,0-100_VAS
expansion,63,33.055,25,19.333,26.849,26,0-100_VAS
expert,53.615,35.63,25,27.37,33.303,27,0-100_VAS
expertise,40.042,38.733,25,29.192,35.354,26,0-100_VAS
exploit,55.276,31.734,25,39.778,36.349,27,0-100_VAS
exploitation,55.625,33.247,25,26.815,33.807,26,0-100_VAS
explosion,79.333,20.058,24,82.917,21.567,24,0-100_VAS
exportation,50.905,39.114,23,17.458,26.312,23,0-100_VAS
exposition,67.28,34.313,25,30.815,37.863,27,0-100_VAS
exposé,68.667,33.555,24,31.8,32.379,24,0-100_VAS
expression,39.923,38.01,25,49.519,40.938,27,0-100_VAS
expulsion,52.25,35.817,20,38.65,37.592,20,0-100_VAS
expédition,72.621,26.049,28,28.714,28.518,28,0-100_VAS
extase,54.76,36.939,24,52.783,33.48,24,0-100_VAS
extension,47.192,27.207,25,27,25.856,27,0-100_VAS
extraction,50.25,32.682,20,29.55,31.527,20,0-100_VAS
extrait,43.407,35.917,25,30.63,33.251,26,0-100_VAS
exubérance,54.6,34.203,25,36.556,34.889,27,0-100_VAS
exécution,54,33.893,24,32.36,31.402,25,0-100_VAS
fable,44.542,35.025,24,61.458,33.285,24,0-100_VAS
fabrication,57.32,32.569,24,24.56,25.909,25,0-100_VAS
facette,45.28,34.192,25,14.808,25.252,26,0-100_VAS
facture,79.64,22.015,25,29.333,35.732,27,0-100_VAS
faculté,51.913,37.116,24,23.087,27.191,24,0-100_VAS
faille,41.783,35.946,23,21.043,30.025,23,0-100_VAS
faillite,34.231,29.252,24,26.083,31.821,24,0-100_VAS
faim,47.714,37.079,25,22.115,33.277,26,0-100_VAS
fainéant,49.15,33.129,20,29.05,33.029,20,0-100_VAS
faire-part,50.667,42.754,23,16.652,27.453,23,0-100_VAS
faisan,53.84,37.582,25,30.385,33.009,26,0-100_VAS
faisceau,65.88,31.615,24,15.391,23.851,24,0-100_VAS
fakir,45.667,44.061,25,19.542,27.641,26,0-100_VAS
famille,86.68,17.682,23,59.125,36.933,23,0-100_VAS
famine,66.172,27.986,28,26.036,31.269,28,0-100_VAS
fan,69.08,33.353,24,65.8,37.232,25,0-100_VAS
fanfare,72.621,29.99,28,78.429,26.12,28,0-100_VAS
fanion,28.538,30.816,25,19.519,26.646,27,0-100_VAS
fantaisie,64.684,31.467,24,31.92,30.415,25,0-100_VAS
fantôme,63.958,36.759,24,41.333,38.465,24,0-100_VAS
faon,56.68,40.178,24,22.04,29.338,25,0-100_VAS
fard,59.2,33.265,20,15.2,25.322,20,0-100_VAS
fascicule,54.36,32.596,25,24.6,31.556,26,0-100_VAS
faste,29.893,37.066,25,19.893,30.54,27,0-100_VAS
fatalité,42.005,32.775,24,29.56,34.764,25,0-100_VAS
faubourg,52.458,33.023,24,23.5,25.004,24,0-100_VAS
faucon,78.174,18.087,23,49.952,27.583,23,0-100_VAS
faussaire,24.538,32.014,25,13.852,24.923,26,0-100_VAS
faute,48.36,32.147,24,22.6,29.549,25,0-100_VAS
fauve,60.28,38.594,23,39.042,38.306,23,0-100_VAS
faveur,36.739,38.034,24,32.708,37.202,24,0-100_VAS
façon,30,28.449,28,26.852,22.42,28,0-100_VAS
faîte,17.179,25.382,28,20.172,27.152,28,0-100_VAS
feinte,50.517,34.378,28,26.429,30.408,28,0-100_VAS
femme,84.333,20.722,28,61,37.888,28,0-100_VAS
fente,63.08,28.099,24,13.125,19.281,24,0-100_VAS
fenêtre,83.192,25.98,25,30.37,36.043,27,0-100_VAS
fer-à-cheval,81.286,20.822,25,40.407,34.655,27,0-100_VAS
fermeture,61.739,34.074,24,25.957,32.231,24,0-100_VAS
fermeté,38.32,37.797,24,23,32.053,25,0-100_VAS
ferrailleur,38.357,35.262,25,24.808,30.593,26,0-100_VAS
fertilité,36.083,31.871,24,21.292,32.282,24,0-100_VAS
ferveur,41.409,40.267,23,27.348,33.194,23,0-100_VAS
fesse,85.68,16.235,25,25,33.684,26,0-100_VAS
festin,78.043,28.116,24,35.333,36.406,24,0-100_VAS
festival,81.958,23.83,24,79.417,29.736,24,0-100_VAS
feu,85.4,17.206,20,61.45,29.996,20,0-100_VAS
feuillage,72.565,29.089,23,41.783,31.393,23,0-100_VAS
feuillet,65.52,29.431,23,28.348,34.796,23,0-100_VAS
feuilleton,58.179,35.779,25,38.923,36.155,26,0-100_VAS
fez,23.9,39.774,20,25.85,41.559,20,0-100_VAS
fiabilité,31.179,33.09,28,32.821,34.672,28,0-100_VAS
fiacre,24.652,35.941,23,17.696,29.455,23,0-100_VAS
fiancé,77.762,33.854,24,41.667,40.871,24,0-100_VAS
fiancée,76.923,29.226,25,40.074,38.089,27,0-100_VAS
fiasque,24.375,31.967,24,11.833,22.09,24,0-100_VAS
fibre,58,34.19,20,22.05,33.911,20,0-100_VAS
ficelle,81.045,20.648,24,10.762,15.855,24,0-100_VAS
fichier,69.519,30.586,25,13.852,26.653,26,0-100_VAS
fiction,60.136,40.427,24,30.905,41.342,24,0-100_VAS
fidélité,51.346,40.094,25,35.111,37.057,26,0-100_VAS
fief,27.639,26.981,24,16.76,21.999,25,0-100_VAS
fiel,17.826,28.441,24,15.217,29.845,24,0-100_VAS
fiente,39.381,42.109,24,4.286,10.909,24,0-100_VAS
fierté,59.321,33.507,28,40.321,36.928,28,0-100_VAS
figue,80.65,16.184,20,11.45,23.25,20,0-100_VAS
figure,74.826,25.693,24,15.13,27.887,24,0-100_VAS
fil,85.714,16.557,28,18.852,25.026,28,0-100_VAS
fille,79.333,26.31,24,60.75,39.873,24,0-100_VAS
filleul,70.045,36.138,24,39.952,38.045,24,0-100_VAS
film,84.207,22.715,25,77.667,23.966,27,0-100_VAS
filon,33.571,32.111,25,19.259,26.349,27,0-100_VAS
filou,40.913,38.013,24,31.333,37.322,24,0-100_VAS
fils,75.5,28.64,25,50.333,42.25,27,0-100_VAS
fin,47.35,35.115,20,29.2,34.803,20,0-100_VAS
finale,57.207,27.816,25,33.778,28.678,27,0-100_VAS
finance,56.393,28.444,28,28.25,29.834,28,0-100_VAS
financement,37.92,34.26,25,18.481,24.055,27,0-100_VAS
financier,47.043,39.719,25,25.231,29.95,27,0-100_VAS
finesse,58.348,35.428,24,20.208,26.461,24,0-100_VAS
fiole,58.857,35.043,26,14.538,24.929,26,0-100_VAS
fiord,46.333,39.503,24,18.042,31.939,24,0-100_VAS
firmament,59.333,41.07,24,13.5,24.243,25,0-100_VAS
fisc,37.208,34.73,27,24.167,33.123,26,0-100_VAS
fissure,73.577,23.42,27,18.154,25.242,26,0-100_VAS
fiston,67.483,30.243,26,44.444,33.521,27,0-100_VAS
flacon,72.696,25.542,24,20.333,28.904,24,0-100_VAS
flamand,59.103,35.477,28,17.321,26.165,28,0-100_VAS
flambeau,84.84,17.686,24,34.84,34.548,25,0-100_VAS
flambée,76.538,21.364,25,39.423,29.861,26,0-100_VAS
flammèche,63.292,30.425,24,30.292,30.468,24,0-100_VAS
flanc,55,35.092,28,23.704,28.27,28,0-100_VAS
flaque,77.13,24.475,24,45.75,32.582,24,0-100_VAS
flasque,66.759,26.631,25,30.593,32.706,27,0-100_VAS
fleur,88.682,18.075,24,8.286,14.371,24,0-100_VAS
fleuriste,86.821,13.931,25,25.077,34.904,27,0-100_VAS
fleuve,85.769,17.354,25,61.923,33.088,26,0-100_VAS
flic,74.12,27.019,24,32.375,32.034,24,0-100_VAS
flirt,62.28,32.431,23,50.792,37.358,23,0-100_VAS
floraison,91.846,21.84,24,22.75,26.728,24,0-100_VAS
flore,72.045,27.144,24,15.25,22.46,24,0-100_VAS
flottage,50.577,32.646,26,27.115,33.682,26,0-100_VAS
fluidité,53.741,30.243,26,42.92,34.29,27,0-100_VAS
flux,35.8,37.334,25,13.731,26.211,26,0-100_VAS
flèche,80.125,26.815,24,22.5,30.64,24,0-100_VAS
fléau,48.375,37.037,23,36.636,33.78,23,0-100_VAS
fléchette,77.917,29.482,25,31.538,36.431,26,0-100_VAS
foi,45.792,35.72,25,39.962,37.198,27,0-100_VAS
foire,73.208,31.916,25,60.077,38.671,26,0-100_VAS
folie,62.818,33.067,23,46.625,32.219,23,0-100_VAS
fonctionnaire,53.536,30.923,28,20.893,26.172,28,0-100_VAS
fondation,57.56,38.718,25,8.68,19.074,26,0-100_VAS
fonte,66.125,35.549,24,18.667,24.806,24,0-100_VAS
force,56.241,31.754,25,32.259,29.149,27,0-100_VAS
foreuse,65.708,36.38,25,50.16,37.338,26,0-100_VAS
format,59.13,37.891,25,19.577,31.043,27,0-100_VAS
formule,48.321,34.414,25,13.231,19.824,26,0-100_VAS
forteresse,74.083,26.408,25,16.615,25.74,27,0-100_VAS
forum,72.44,24.803,25,38.308,30.159,26,0-100_VAS
forêt,88.348,14.874,23,50.458,32.998,23,0-100_VAS
fosse,66.667,32.305,24,10.429,21.777,24,0-100_VAS
fossile,82.036,23.056,28,19.556,30.365,28,0-100_VAS
fossé,71.5,25.536,25,9.269,20.017,26,0-100_VAS
foudre,76.696,29.342,24,69,31.298,24,0-100_VAS
fouet,74,30.326,24,64.5,37.929,24,0-100_VAS
fougue,37.833,36.712,23,34.522,37.264,23,0-100_VAS
fougère,64.773,35.18,23,21,28.803,23,0-100_VAS
fouille,70.5,23.02,23,41.913,35.493,23,0-100_VAS
fouine,49.414,30.15,27,37.444,33.25,27,0-100_VAS
foulard,82.76,25.514,24,9.208,12.891,25,0-100_VAS
foulure,63.6,30.765,23,31.565,34.342,23,0-100_VAS
four,86.655,17.873,28,36.321,33.363,28,0-100_VAS
fourberie,19.167,28.912,24,17.875,31.889,24,0-100_VAS
fourche,62.478,27.82,23,22.043,26.36,23,0-100_VAS
fourchette,89.905,16.143,24,32.65,29.351,24,0-100_VAS
fourmi,80.8,24.367,25,12.654,25.818,27,0-100_VAS
fourneau,79.2,27.377,25,24.962,31.887,26,0-100_VAS
fournisseur,40.174,31.596,24,16.64,22.666,25,0-100_VAS
fourre-tout,59.652,32.609,24,16.167,27.023,24,0-100_VAS
fourrure,84.286,19.541,28,16.893,26.391,28,0-100_VAS
fracas,46.923,32.743,25,55.185,35.064,26,0-100_VAS
fraction,60.435,34.772,24,17.875,29.54,24,0-100_VAS
fracture,69.241,29.454,28,42.179,33.292,28,0-100_VAS
framboise,87.667,15.158,20,11,24.422,20,0-100_VAS
framboisier,81.393,17.654,28,22.483,26.212,28,0-100_VAS
franchise,45.435,34.67,23,29.636,35.533,23,0-100_VAS
frange,62.045,31.81,24,9.636,15.512,24,0-100_VAS
fraternisation,45.333,38.337,24,19.667,26.03,24,0-100_VAS
frayeur,60.083,31.709,24,46.292,32.462,24,0-100_VAS
fraîcheur,66.625,33.49,24,31.652,29.632,24,0-100_VAS
friabilité,40.083,34.078,24,19.56,21.257,25,0-100_VAS
friandise,84.435,21.643,24,38,37.741,24,0-100_VAS
fric,76.292,28.365,24,30.375,30.982,24,0-100_VAS
friche,28.53,30.551,24,15.76,23.026,25,0-100_VAS
friction,51.593,32.683,26,50.385,30.636,27,0-100_VAS
frigidaire,86.091,24.195,24,35.19,30.255,24,0-100_VAS
frigidité,39.346,33.978,25,26.333,32.006,27,0-100_VAS
frigo,86.636,21.871,24,44.238,33.003,24,0-100_VAS
frileux,68.259,29.426,28,45.607,37.737,28,0-100_VAS
fringues,74.8,25.52,24,12.44,17.919,25,0-100_VAS
fripe,39.333,37.927,24,17.208,30.123,24,0-100_VAS
frisson,66.5,29.183,24,34.542,36.721,24,0-100_VAS
frissonnement,54.92,37.386,25,33.846,31.809,27,0-100_VAS
froideur,51.5,36.012,25,42.52,33.832,26,0-100_VAS
froissure,53.773,38.621,24,12.81,21.96,24,0-100_VAS
fromage,80.625,22.288,23,25.435,34.708,23,0-100_VAS
fronde,31.44,31.767,24,22.52,33.779,25,0-100_VAS
frottement,63.103,30.542,28,50.429,33.581,28,0-100_VAS
frégate,51.65,33.394,20,27.45,34.611,20,0-100_VAS
fréquence,43.929,33.293,27,45.667,37.978,27,0-100_VAS
frêne,54.391,35.294,24,17.875,26.609,24,0-100_VAS
fuel,37.69,35.239,26,21.481,29.296,27,0-100_VAS
fuite,60.615,33.311,27,35.333,34.372,26,0-100_VAS
fumier,72.56,25.978,25,23.423,33.395,26,0-100_VAS
fumiste,25.542,32.749,24,12.84,23.203,25,0-100_VAS
fureur,57.074,37.662,26,51.519,40.088,27,0-100_VAS
furie,46.296,37.391,26,37.885,39.345,26,0-100_VAS
fusil,77.4,28.091,24,82.783,21.996,24,0-100_VAS
fusion,59.222,31.974,25,22.63,32.374,26,0-100_VAS
fusée,84.783,26.03,24,63.826,37.64,24,0-100_VAS
futur,53.36,38.881,24,21.125,29.706,25,0-100_VAS
futuriste,61.593,31.556,28,35.038,31.469,28,0-100_VAS
fâcheux,44.292,38.74,25,37.731,39.312,26,0-100_VAS
fécondité,57.893,35.139,25,30.038,33.315,27,0-100_VAS
fédération,43.52,32.85,23,22.087,27.616,23,0-100_VAS
fémur,65.192,31.25,25,17.222,23.44,27,0-100_VAS
fétiche,41.8,38.355,25,13.885,23.164,26,0-100_VAS
février,75.25,27.135,25,34.76,36.592,26,0-100_VAS
fête,83.44,24.268,24,72.96,32.377,25,0-100_VAS
gaffe,50.68,35.771,25,30.192,33.558,26,0-100_VAS
gaieté,51.5,36.386,23,30.087,36.984,23,0-100_VAS
gain,55.571,39.863,25,19.038,32.211,26,0-100_VAS
gaine,60.75,31.051,23,19.957,28.837,23,0-100_VAS
gala,74.552,23.585,28,47.786,31.06,28,0-100_VAS
galaxie,80.68,20.736,25,23.231,29.936,26,0-100_VAS
galerie,74.3,21.871,20,25.6,32.534,20,0-100_VAS
galette,86.154,15.207,24,28,33.334,24,0-100_VAS
galop,68.111,27.199,28,68.759,31.576,28,0-100_VAS
galopin,25.929,27.973,25,13.44,21.323,26,0-100_VAS
galère,59.409,33.913,23,36,32.022,23,0-100_VAS
gamelle,59.957,34.464,23,29.478,28.639,23,0-100_VAS
gamin,77.818,29.712,24,51.619,37.27,24,0-100_VAS
gangue,19.792,32.664,24,8.5,20.764,24,0-100_VAS
garage,80.476,26.581,24,32.7,38.964,24,0-100_VAS
garantie,35.208,38.351,25,21.538,35.003,26,0-100_VAS
garce,52.4,35.165,25,36.917,38.114,26,0-100_VAS
garde,64.481,35.541,25,33.222,33.175,27,0-100_VAS
garderie,81.45,21.085,20,74.4,26.219,20,0-100_VAS
gardien,73.857,23.524,25,38.741,35.872,27,0-100_VAS
gare,78.478,27.611,24,61.625,35.128,24,0-100_VAS
garniture,76.593,22.346,25,22.444,33.244,27,0-100_VAS
gars,82.478,18.273,23,33.917,33.64,23,0-100_VAS
garçon,83.926,23.933,25,49.444,40.11,26,0-100_VAS
gaze,34.68,36.317,25,14.259,28.134,27,0-100_VAS
gazelle,80.04,23.194,24,31.125,31.721,24,0-100_VAS
geai,50.2,34.882,26,40.042,34.776,26,0-100_VAS
geisha,78.357,23.41,28,21.179,26.479,28,0-100_VAS
gelée,74.214,25.756,27,19.893,23.061,27,0-100_VAS
gencive,84.2,15.111,24,36.87,36.61,24,0-100_VAS
gendarme,73.929,18.35,28,34.828,29.441,28,0-100_VAS
genou,85,20.121,24,17.13,24.159,24,0-100_VAS
genouillère,68.083,31.716,24,13.208,23.633,24,0-100_VAS
gentillesse,54.731,32.284,24,32.88,34.605,25,0-100_VAS
genèse,30.962,30.846,25,14.926,29.524,27,0-100_VAS
gerbe,47.56,37.423,26,21.115,29.498,26,0-100_VAS
germanisation,20.536,25.918,27,14.923,27.018,26,0-100_VAS
gestation,60.708,36.257,24,14.333,22.457,24,0-100_VAS
gestionnaire,50.1,34.228,20,33.9,35.562,20,0-100_VAS
gibier,65.583,30.946,24,29.083,35.296,24,0-100_VAS
gigot,54.32,37.872,25,21.704,36.035,26,0-100_VAS
gilet,81.652,18.758,24,10.917,20.663,24,0-100_VAS
girafe,90.56,14.359,24,17.2,24.787,25,0-100_VAS
girouette,76.207,23.494,25,37.222,27.57,27,0-100_VAS
glacier,87.333,14.895,27,32,36.323,27,0-100_VAS
glacière,80.667,20.342,27,33.741,32.325,27,0-100_VAS
glaise,57,37.204,25,7.538,12.925,26,0-100_VAS
glaive,36.542,36.959,25,18.333,32.935,27,0-100_VAS
gland,74.24,25.281,24,10.52,17.299,25,0-100_VAS
glande,54.893,33.353,25,25.481,25.036,27,0-100_VAS
glas,20.885,29.967,25,26.111,36.224,27,0-100_VAS
glaçon,77.741,18.285,28,36.276,29.75,28,0-100_VAS
glissade,77.833,24.967,24,44.208,33.968,24,0-100_VAS
glissière,48.286,24.816,25,25.269,25.191,27,0-100_VAS
globe,79.892,21.615,24,23.28,30.469,25,0-100_VAS
globule,56.12,34.372,24,16.583,29.084,24,0-100_VAS
glotte,36.348,34.602,23,20.739,29.199,23,0-100_VAS
gonflement,67.2,29.503,26,23.296,28.056,27,0-100_VAS
gorgée,59.174,35.136,24,59.48,33.836,25,0-100_VAS
gorille,83.857,22.212,25,71.481,25.94,27,0-100_VAS
goudron,62.345,34.865,26,11.654,20.37,26,0-100_VAS
gouffre,77.042,24.694,24,27.44,32.199,25,0-100_VAS
gourmet,74.2,26.761,26,32.192,36.359,26,0-100_VAS
gouttelette,72.08,23.445,25,50.556,29.126,27,0-100_VAS
gouvernail,59.708,34.291,24,27.417,33.526,24,0-100_VAS
gouvernante,49.885,36.161,25,29.519,29.587,27,0-100_VAS
goéland,78.348,25.039,24,65.174,38.939,24,0-100_VAS
goût,42.381,42.292,24,18.65,29.01,24,0-100_VAS
goûter,70.652,26.322,23,24.458,27.858,23,0-100_VAS
gradient,35.208,33.899,24,11.667,22.638,24,0-100_VAS
gradin,80.179,23.677,25,44.577,40.828,26,0-100_VAS
graffiti,82.643,22.26,28,35.241,32.536,28,0-100_VAS
graissage,43.72,36.272,25,22.037,25.895,27,0-100_VAS
grammaire,49.6,36.774,25,35,37.637,27,0-100_VAS
grandeur,72,27.852,24,16.583,27.394,24,0-100_VAS
grange,73.208,31.715,24,25.833,29.112,24,0-100_VAS
granit,66.417,34.771,25,14.731,23.451,27,0-100_VAS
granule,55.792,32.936,24,12.125,22.641,24,0-100_VAS
graphique,88,16.234,26,20.704,34.477,27,0-100_VAS
graphisme,70.24,29.512,27,18.444,21.857,27,0-100_VAS
gratitude,44.5,36.755,24,36.625,35.03,24,0-100_VAS
gravier,80.929,14.717,25,56.444,28.568,27,0-100_VAS
gravité,50.2,30.806,20,19.6,27.788,20,0-100_VAS
gravure,82.893,20.771,25,27.519,36.022,27,0-100_VAS
grec,66.16,30.545,25,37.444,34.552,27,0-100_VAS
grenade,69.333,34.33,24,63.5,37.116,24,0-100_VAS
grenat,28.958,34.521,24,8.792,15.506,24,0-100_VAS
grenouille,82.125,25.818,24,69.5,24.737,24,0-100_VAS
grief,31.48,34.397,24,20.04,26.92,25,0-100_VAS
griffe,77.667,24.563,24,50.087,25.786,24,0-100_VAS
gril,51.273,37.598,24,29.619,35.881,24,0-100_VAS
grill,74.739,29.035,24,58.739,38.35,24,0-100_VAS
grillage,81.655,16.143,28,33.786,31.647,28,0-100_VAS
grille,67.885,31.801,24,26.92,25.926,25,0-100_VAS
grille-pain,79.25,26.471,24,65.208,29.204,24,0-100_VAS
grillon,53.31,35.825,28,56.143,37.102,28,0-100_VAS
grimace,83.88,23.846,25,31.346,36.608,26,0-100_VAS
grog,33.393,38.353,25,13.407,29.174,27,0-100_VAS
grognement,39.458,33.969,24,81.833,24.427,24,0-100_VAS
grondement,48,37.733,25,85.778,21.518,27,0-100_VAS
grossesse,81.542,23.752,24,24.625,34.814,24,0-100_VAS
grosseur,68.917,36.114,24,21.261,31.646,24,0-100_VAS
grotte,87.214,12.518,26,39.148,33.926,27,0-100_VAS
groupe,71,24.121,27,46.815,37.531,27,0-100_VAS
groupement,57.917,32.499,24,30.25,33.426,25,0-100_VAS
grue,72.125,25.338,24,46.5,32.563,24,0-100_VAS
gruyère,59.217,36.435,23,14.913,22.363,23,0-100_VAS
guerre,83.87,22.676,24,78.13,35.08,24,0-100_VAS
gueule,72.56,29.179,24,48.12,33.592,25,0-100_VAS
guichet,71.583,29.409,24,33.478,33.687,24,0-100_VAS
guidon,81.036,25.148,28,22.481,27.855,28,0-100_VAS
guillemet,77.478,26.495,23,14.125,24.872,23,0-100_VAS
guillotine,73.87,31.352,23,42.792,35.249,23,0-100_VAS
guimauve,88.214,15.952,25,26.308,35.425,26,0-100_VAS
guise,21.625,28.943,24,19.542,26.844,24,0-100_VAS
guitare,93.92,10.727,25,93.846,12.188,26,0-100_VAS
gymnaste,77.84,23.043,26,22.889,30.11,27,0-100_VAS
gynécologie,69.8,22.708,27,19.704,27.819,26,0-100_VAS
gâchis,69.083,36.257,25,25.231,32.837,26,0-100_VAS
gâteau,87.609,19.874,24,21.478,30.797,24,0-100_VAS
gâterie,70.071,26.532,28,27.036,30.661,28,0-100_VAS
gélatine,72.391,28.942,24,17.292,25.685,24,0-100_VAS
génie,61.038,32.564,25,30.889,33.118,26,0-100_VAS
générateur,42.292,35.666,24,34.75,35.511,24,0-100_VAS
génération,62.25,36.731,25,26.037,30.146,27,0-100_VAS
gîte,65.36,28.628,24,18.333,24.519,24,0-100_VAS
habit,70.2,33.113,25,13.111,21.378,27,0-100_VAS
habitacle,61.458,35.122,24,14.583,23.763,24,0-100_VAS
habitation,76.955,24.047,24,14.286,21.868,24,0-100_VAS
habitude,42.409,35.694,23,25.917,31.031,23,0-100_VAS
hache,80.75,19.665,28,44.857,31.66,28,0-100_VAS
hachoir,78.038,16.607,25,50.778,33.443,27,0-100_VAS
haie,64,38.615,23,12.913,21.401,23,0-100_VAS
haine,37.5,35.463,24,37.5,34.331,24,0-100_VAS
haleine,36.208,38.549,24,27.333,33.646,24,0-100_VAS
haltère,75,27.283,24,23.708,24.31,24,0-100_VAS
hamac,86.074,23.857,28,39.741,33.908,28,0-100_VAS
hamburger,87.654,17.042,25,18,28.166,26,0-100_VAS
hameçon,84.12,26.759,25,15.4,27.618,26,0-100_VAS
hanche,80.167,23.076,24,9.958,19.782,24,0-100_VAS
hangar,69.083,24.828,26,26.519,28.9,27,0-100_VAS
harcèlement,54.115,33.712,27,41.037,40.232,26,0-100_VAS
hardes,22.719,26.206,24,14.6,23.027,25,0-100_VAS
harem,50.5,33.053,24,25.5,31.219,24,0-100_VAS
harmonica,56.792,32.983,24,85.958,20.586,24,0-100_VAS
harmonie,57.64,38.501,25,58.8,37.561,26,0-100_VAS
harnais,71.739,29.768,23,23.87,29.343,23,0-100_VAS
harpe,71.333,28.156,25,76.222,27.868,26,0-100_VAS
hasard,43.75,40.143,25,22.654,33.84,26,0-100_VAS
haussement,51.44,26.477,25,27.24,32.733,26,0-100_VAS
hautbois,47.593,37.881,25,50.185,39.479,26,0-100_VAS
herbe,82.2,21.071,25,26.296,32.951,27,0-100_VAS
hermine,34.87,35.011,24,11.25,18.683,24,0-100_VAS
hernie,50.826,33.715,24,20.5,29.671,24,0-100_VAS
herse,19.556,30.667,28,10.407,19.898,28,0-100_VAS
heurt,37.04,36.078,26,30.259,34.943,27,0-100_VAS
hibou,84.31,16.75,28,69.036,25.649,28,0-100_VAS
hic,27.08,35.468,24,30.542,32.534,24,0-100_VAS
hindouisme,58.154,28.963,25,32.148,30.446,27,0-100_VAS
hippocampe,80.385,17.618,27,21.259,29.105,27,0-100_VAS
hippopotame,78.542,19.902,24,27.833,30.187,24,0-100_VAS
hirondelle,79.25,20.962,26,52.192,33.212,26,0-100_VAS
histoire,54.043,35.335,24,42.24,41.2,25,0-100_VAS
historienne,40.75,33.867,23,34.13,34.091,23,0-100_VAS
historique,50,41.352,24,31,37.261,24,0-100_VAS
hiérarchie,61.759,29.896,28,25.75,32.442,28,0-100_VAS
hiéroglyphe,71.24,26.836,24,12.44,19.763,25,0-100_VAS
hochet,63.783,39.83,24,56.174,39.793,24,0-100_VAS
hockey,79.231,24.77,24,62.304,34.114,24,0-100_VAS
homard,81.385,21.698,27,29.111,31.127,27,0-100_VAS
hommage,64.364,33.695,24,45.286,35.915,24,0-100_VAS
honneur,53.292,37.11,25,37.37,36.221,27,0-100_VAS
honte,62.739,32.934,25,39,39.072,27,0-100_VAS
hoquet,45.304,36.619,23,70.917,36.444,23,0-100_VAS
horizon,83.44,29.113,24,21.609,32.075,24,0-100_VAS
horloge,86.417,18.012,23,67.348,23.096,23,0-100_VAS
hormone,36.593,33.789,26,25.407,29.057,27,0-100_VAS
horoscope,62.692,28.448,27,33,36.391,27,0-100_VAS
horreur,60.385,34.602,24,49.64,38.877,25,0-100_VAS
hostilité,46.75,35.891,20,41.1,39.159,20,0-100_VAS
hotdog,82.583,23.204,24,15.167,27.162,24,0-100_VAS
hotte,68.5,31.633,25,53.538,43.159,26,0-100_VAS
houille,19.5,29.912,25,13.462,25.976,27,0-100_VAS
huard,63.308,33.322,25,50.556,37.822,26,0-100_VAS
hublot,77.864,24.529,24,23.8,31.907,25,0-100_VAS
humanité,64.556,29.278,25,36,34.165,27,0-100_VAS
humeur,49.821,35.816,25,48.333,40.056,27,0-100_VAS
humiliation,59.85,34.21,20,55.35,37.337,20,0-100_VAS
humilité,31.714,32.998,28,21.964,29.205,28,0-100_VAS
humour,56.684,36.718,20,69.55,33.858,20,0-100_VAS
hune,15.24,26.953,25,11.963,22.591,27,0-100_VAS
hurlement,50.043,35.569,24,87.261,18.806,24,0-100_VAS
huée,30.87,32.715,23,59.783,39.372,23,0-100_VAS
huître,80.261,26.586,23,24.217,31.209,23,0-100_VAS
hypothèse,33.923,35.021,25,32.926,34.422,26,0-100_VAS
hyène,66.957,30.443,24,42.708,33.984,24,0-100_VAS
hâte,41.13,34.556,23,35.826,35.292,23,0-100_VAS
hébergement,66.292,31.276,25,27.231,31.123,27,0-100_VAS
hélice,81.571,24.784,28,61.444,35.913,28,0-100_VAS
hémisphère,69.64,25.487,24,23.667,30.562,24,0-100_VAS
hérisson,79.607,22.391,25,24.538,28.157,27,0-100_VAS
héritage,50.957,38.295,24,14.917,21.401,24,0-100_VAS
héritier,43.308,31.317,25,23.111,31.868,27,0-100_VAS
héros,81.731,24.942,25,42.889,42.422,27,0-100_VAS
hésitation,46.75,34.292,23,39.826,33.824,23,0-100_VAS
hêtre,32.652,33.203,23,13.739,26.516,23,0-100_VAS
hôpital,82.48,30.691,25,37.423,36.722,26,0-100_VAS
iceberg,83.684,14.53,20,22,32.465,20,0-100_VAS
identification,55.696,38.712,24,32.125,37.894,24,0-100_VAS
identité,48.083,39.849,25,18.115,30.41,26,0-100_VAS
if,10.231,16.219,25,6.962,12.682,26,0-100_VAS
igloo,85.786,14.678,25,25.296,29.71,27,0-100_VAS
ignominie,24.48,32.549,23,21,31.798,23,0-100_VAS
ignorance,27.6,31.222,24,28.04,31.993,25,0-100_VAS
iguane,81.4,28.668,25,11.538,23.364,26,0-100_VAS
illustration,78.391,23.887,23,16.417,27.986,23,0-100_VAS
image,82.731,23.17,25,18.593,26.305,27,0-100_VAS
imagerie,64.821,34.609,25,17.889,28.447,27,0-100_VAS
imitation,59.65,34.338,20,50.85,37.583,20,0-100_VAS
immensité,69,29.47,25,21.222,29.531,27,0-100_VAS
immeuble,87.75,13.421,25,26.926,32.001,27,0-100_VAS
immobilité,66.448,27.621,28,12.25,22.046,28,0-100_VAS
immuabilité,21.148,29.754,25,18.556,29.147,26,0-100_VAS
impact,56.739,33.982,23,43.083,36.827,23,0-100_VAS
impatience,51.826,34.766,24,43.652,36.642,24,0-100_VAS
implantation,48.417,31.374,23,18.136,25.406,23,0-100_VAS
impossibilité,28.417,28.942,24,21,32.957,24,0-100_VAS
impossible,33.296,30.443,28,31.296,33.97,28,0-100_VAS
imposteur,39.792,33.542,25,24.296,36.168,27,0-100_VAS
imposture,29.56,33.494,25,18.519,25.805,26,0-100_VAS
impression,59.96,31.026,24,40,33.425,24,0-100_VAS
imprimante,79.609,22.234,23,53.833,33.47,23,0-100_VAS
imprimerie,74.64,22.511,24,52.8,37.298,25,0-100_VAS
impuissance,41.75,33.969,20,30.263,33.65,20,0-100_VAS
impulsion,51.071,37.218,25,41.037,38.419,27,0-100_VAS
impôt,51.818,37.884,24,19.857,28.253,24,0-100_VAS
incendie,90.607,11.186,25,63,31.608,27,0-100_VAS
incertitude,29.75,34.236,28,23.25,31.111,28,0-100_VAS
inceste,44.583,37.922,24,18.75,28.083,24,0-100_VAS
incident,60.852,33.149,28,43.345,36.205,28,0-100_VAS
incision,68.379,27.77,28,26.964,32.29,28,0-100_VAS
inclination,55.5,32.624,25,28.958,33.025,26,0-100_VAS
inconnu,55.5,31.2,25,27.192,30.615,26,0-100_VAS
inconvénient,28.727,33.691,23,34.348,38.519,23,0-100_VAS
incorporation,42.053,30.55,20,17.55,27.196,20,0-100_VAS
incrustation,51.125,23.819,24,22.87,31.769,24,0-100_VAS
inculpé,50.5,36.713,24,29.818,34.661,24,0-100_VAS
incursion,34.44,35.927,26,17.08,28.507,26,0-100_VAS
index,72.174,28.309,23,14.174,27.458,23,0-100_VAS
indication,60.125,31.911,24,29.24,31.714,25,0-100_VAS
indice,44.542,36.871,27,42.222,35.984,27,0-100_VAS
indien,70.52,35.727,27,40.462,39.103,26,0-100_VAS
indifférence,44.208,36.806,24,27.583,33.392,24,0-100_VAS
indignation,34.625,28.035,24,38.25,36.245,24,0-100_VAS
individu,63.684,31.31,20,25.85,31.079,20,0-100_VAS
indulgence,30.481,34.457,25,21.5,34.763,26,0-100_VAS
industrie,71.276,30.308,28,38,35.314,28,0-100_VAS
inertie,26.96,32.25,25,7.654,17.844,26,0-100_VAS
infarctus,46.107,37.072,28,25.179,30.517,28,0-100_VAS
infection,65.875,34.301,23,22,33.058,23,0-100_VAS
infertilité,35.043,33.859,24,17.217,28.342,24,0-100_VAS
infidélité,61.292,38.798,24,40.75,39.938,24,0-100_VAS
infinité,40.72,34.733,24,14.92,18.396,25,0-100_VAS
infirmier,75.667,35.196,24,19.75,27.908,24,0-100_VAS
infirmité,58.241,35.174,25,21,26.056,27,0-100_VAS
influence,41.32,36.012,25,29.444,33.578,27,0-100_VAS
influx,40.2,31.542,25,19.808,28.024,27,0-100_VAS
ingrédient,80.769,25.273,25,29.115,33.917,26,0-100_VAS
ingénieur,53,32.08,28,33.138,33.946,28,0-100_VAS
initiation,56.696,36.529,23,44.261,37.313,23,0-100_VAS
initiative,32.364,37.656,23,33.957,36.729,23,0-100_VAS
injection,66.625,30.902,24,23.25,26.071,24,0-100_VAS
injure,43.464,33.807,25,65.074,37.729,27,0-100_VAS
innocence,43.13,32.826,24,25.5,34.078,24,0-100_VAS
innovation,52.222,36.725,25,38.778,38.091,27,0-100_VAS
inoccupé,47.042,40.678,24,14.917,28.296,24,0-100_VAS
inquiétude,45.292,35.939,24,34.318,38.616,24,0-100_VAS
inscription,67.385,29.746,25,37.731,38.723,26,0-100_VAS
insecte,74.04,29.104,24,44.6,35.214,25,0-100_VAS
insecticide,65.346,25.704,26,35.154,34.354,26,0-100_VAS
insertion,47.667,40.332,24,9.5,16.401,24,0-100_VAS
insistance,35.909,31.429,24,41.857,38.609,24,0-100_VAS
inspecteur,63.115,24.517,28,34.241,29.206,28,0-100_VAS
inspection,63.448,31.893,25,30.519,28.187,27,0-100_VAS
inspiration,62.24,26.477,25,51.038,35.764,26,0-100_VAS
installation,57.923,32.979,25,30.481,33.855,27,0-100_VAS
instant,35.714,36.899,28,28.897,32.139,28,0-100_VAS
instinct,43.714,40.602,25,33.148,34.644,27,0-100_VAS
institut,38.25,35.615,24,17.75,26.636,24,0-100_VAS
instituteur,57.04,32.256,25,37,35.05,27,0-100_VAS
instruction,40.615,37.021,25,30.778,34.531,26,0-100_VAS
instrument,78.292,19.674,23,70.87,25.682,23,0-100_VAS
insuline,42.167,35.954,25,21.074,24.6,27,0-100_VAS
insulte,48.552,35.145,28,65.036,33.771,28,0-100_VAS
insémination,41.857,34.187,27,10.462,19.956,26,0-100_VAS
intelligence,40.04,37.262,23,46.261,37.867,23,0-100_VAS
intensité,43.826,36.684,23,38.958,36.986,23,0-100_VAS
interaction,59.857,27.578,23,47.261,36.421,23,0-100_VAS
interlocuteur,48.704,34.871,28,49.103,41.796,28,0-100_VAS
interprétation,47.783,29.462,23,50.542,33.056,23,0-100_VAS
interrogation,44.56,35.775,25,38.667,37.257,27,0-100_VAS
intervalle,49.615,28.308,28,29.379,27.601,28,0-100_VAS
intervenant,42.76,36.015,25,34.538,38.83,26,0-100_VAS
intervention,43.458,37.424,24,41.542,37.58,24,0-100_VAS
intimidation,55.111,37.578,25,44.692,38.451,26,0-100_VAS
intimité,69.958,33.214,23,42.652,35.413,23,0-100_VAS
intrigue,56.08,34.131,25,43.52,36.256,26,0-100_VAS
introduction,42.786,31.527,28,30.536,36.845,28,0-100_VAS
intuition,41.625,36.489,23,29.458,33.196,23,0-100_VAS
intégration,45.458,35.184,24,31.583,34.689,24,0-100_VAS
intérêt,50.045,35.082,24,36.783,37.02,24,0-100_VAS
invasion,64.897,27.132,25,45.852,37.176,27,0-100_VAS
invention,57.444,38.023,25,18.346,28.988,26,0-100_VAS
inverse,51.148,31.365,28,31.931,29.318,28,0-100_VAS
investissement,46.704,33.009,25,26.464,31.62,27,0-100_VAS
invitation,64.407,29.04,28,41.214,35.675,28,0-100_VAS
invité,58.72,31.621,24,36.72,36.749,25,0-100_VAS
invitée,62.333,37.149,24,32.571,34.48,24,0-100_VAS
ironie,26.6,31.846,20,37.8,38.744,20,0-100_VAS
irruption,63.2,27.24,24,44.292,33.461,24,0-100_VAS
isolement,64.44,31.892,24,33.5,36.11,24,0-100_VAS
issue,54.08,36.193,26,13.769,25.202,26,0-100_VAS
ivoire,80.643,18.413,26,19.407,28.62,27,0-100_VAS
ivresse,66.885,24.394,27,44.667,36.077,26,0-100_VAS
jacquard,30.964,39.321,25,12.556,26.774,27,0-100_VAS
jaguar,85.72,16.554,24,63.2,31.301,25,0-100_VAS
jalon,27.56,29.964,24,11.12,18.74,25,0-100_VAS
jambe,84.885,22.401,25,16.462,31.796,27,0-100_VAS
jambon,83.833,19.261,20,15.9,22.379,20,0-100_VAS
janvier,66.667,34.221,28,33.704,37.718,28,0-100_VAS
jardin,85.077,17.848,25,32,36.722,26,0-100_VAS
jardinier,74.958,27.167,24,18.5,24.121,24,0-100_VAS
jargon,32.296,32.237,25,59.667,38.983,27,0-100_VAS
jarre,41.64,32.958,25,18.444,26.427,27,0-100_VAS
javelot,75.217,23.973,23,33.909,33.714,23,0-100_VAS
jazz,57.552,29.582,25,85.074,18.622,27,0-100_VAS
jet,74.517,18.253,25,64.393,27.343,27,0-100_VAS
jeton,80.333,19.365,23,50.348,33.475,23,0-100_VAS
jetée,65.174,29.199,23,25.87,28.475,23,0-100_VAS
jeudi,52.333,36.01,28,36.586,34.981,28,0-100_VAS
jeunesse,66.48,34.796,25,48.407,39.939,27,0-100_VAS
jonction,41.615,30.011,25,14.333,25.158,27,0-100_VAS
joueur,62.833,27.134,24,27.583,29.14,24,0-100_VAS
joueuse,54,42.063,24,32.5,34.738,24,0-100_VAS
jouissance,67.84,39.562,24,66.375,34.122,24,0-100_VAS
journal,76.826,21.077,23,28.565,35.657,23,0-100_VAS
journaliste,59.042,34.433,24,46.292,37.204,24,0-100_VAS
joyau,75.724,20.575,26,22.778,25.94,27,0-100_VAS
juillet,73.185,27.084,28,37.828,37.536,28,0-100_VAS
juke-box,81.643,23.525,25,76.778,30.885,27,0-100_VAS
jumelles,77.071,23.26,25,11.462,22.806,26,0-100_VAS
jument,78.261,26.889,24,53.348,37.431,24,0-100_VAS
juron,29.56,35.572,24,67.042,33.582,24,0-100_VAS
jury,74.231,21.911,25,45.115,37.432,26,0-100_VAS
juré,52.321,30.667,28,45.241,35.791,28,0-100_VAS
jus,78.44,21.004,24,35.375,36.503,24,0-100_VAS
justesse,28.286,30.431,25,24.462,31.657,26,0-100_VAS
justice,57.25,34.338,24,43.696,34.833,24,0-100_VAS
justification,36.917,36.662,25,47.269,39.187,27,0-100_VAS
kangourou,76.857,19.134,28,35.103,33.54,28,0-100_VAS
kayak,84.034,17.024,25,44.296,33.89,27,0-100_VAS
kermesse,39.448,35.968,28,29.929,35.27,28,0-100_VAS
kiosque,82.143,17.6,28,26.786,26.521,28,0-100_VAS
kir,39.52,36.108,24,15.292,20.992,24,0-100_VAS
kiwi,88.64,18.366,25,19.385,35.911,26,0-100_VAS
klaxon,44.217,32.253,23,79.174,29.206,23,0-100_VAS
koala,87.808,13.963,25,13.704,24.805,27,0-100_VAS
krill,28.357,30.941,28,9.929,16.535,28,0-100_VAS
képi,45.071,46.048,25,20.444,33.897,27,0-100_VAS
kérosène,29.174,31.117,23,16.364,29.403,23,0-100_VAS
laboratoire,81.958,20.873,25,29.148,32.397,26,0-100_VAS
labyrinthe,90.037,10.025,28,22.037,32.253,28,0-100_VAS
lacune,30.312,32.353,24,23.32,30.579,25,0-100_VAS
laideur,62.913,39.658,23,17.217,26.529,23,0-100_VAS
laie,4.72,13.783,25,4.654,13.859,26,0-100_VAS
laine,77.846,25.964,25,19.963,32.173,27,0-100_VAS
laitier,63.309,26.031,24,17.44,20.347,25,0-100_VAS
lama,77.391,30.301,24,32.826,36.383,24,0-100_VAS
lambeau,66.643,29.358,28,23.655,23.714,28,0-100_VAS
lame,82.522,19.649,24,31.292,35.304,24,0-100_VAS
lamelle,48.292,33.551,24,14.417,25.433,24,0-100_VAS
lampadaire,85.536,15.116,25,22.423,25.83,27,0-100_VAS
lampe,90.636,12.45,24,18.81,31.028,24,0-100_VAS
lance-pierres,78.8,21.453,25,41.32,31.636,26,0-100_VAS
lancement,67.304,27.91,23,33.292,33.264,23,0-100_VAS
lancer,72.375,27.427,24,27.25,32.99,24,0-100_VAS
landau,54,38.657,25,20.923,29.19,26,0-100_VAS
languette,59.542,30.195,24,10.75,16.533,24,0-100_VAS
lanterne,77.156,22.819,24,16.72,19.874,25,0-100_VAS
lapin,92.227,10.374,24,16.35,25.997,24,0-100_VAS
lapsus,17.042,26.681,25,60.741,36.845,27,0-100_VAS
laque,43.87,38.794,23,21.667,34.139,23,0-100_VAS
largeur,63.071,33.174,25,23.222,34.385,27,0-100_VAS
larme,86.174,16.185,25,59.92,33.318,26,0-100_VAS
lassitude,46,31.826,20,25.25,31.231,20,0-100_VAS
lasso,62.929,29.769,28,29.241,25.225,28,0-100_VAS
latte,70.917,29.64,24,26.792,27.96,24,0-100_VAS
laurier,57.4,30.141,25,20.148,25.708,27,0-100_VAS
lauréat,63.714,34.706,25,43.407,39.225,27,0-100_VAS
lavabo,90.583,15.542,25,57.308,32.328,26,0-100_VAS
lavage,71.696,29.325,23,47.348,35.097,23,0-100_VAS
lecteur,60.174,35.347,23,28.609,34.53,23,0-100_VAS
lecture,76.615,28.294,25,36.704,35.814,27,0-100_VAS
lemme,2.545,10.627,24,0.619,2.202,24,0-100_VAS
lenteur,49.724,35.999,25,14.346,27.081,26,0-100_VAS
lentille,75.741,23.69,25,12.926,20.55,26,0-100_VAS
lettre,80.538,18.281,25,29.556,33.031,26,0-100_VAS
leurre,34.833,36.062,24,15.917,20.661,24,0-100_VAS
lever,66.08,30.247,23,29.565,34.387,23,0-100_VAS
levier,66.276,26.699,28,27.679,30.183,28,0-100_VAS
levure,65.857,30.885,25,25.185,33.768,27,0-100_VAS
levée,62.92,28.583,25,28.88,33.519,26,0-100_VAS
lexique,53.478,32.718,23,16.87,26.665,23,0-100_VAS
leçon,44.16,38.007,25,38.519,39.637,27,0-100_VAS
liage,33.036,34.425,28,16.407,28.83,28,0-100_VAS
liaison,64.778,32.737,28,35,36.179,28,0-100_VAS
libellule,79.269,23.082,25,41.296,35.501,27,0-100_VAS
liberté,63.308,35.263,25,36.741,36.728,27,0-100_VAS
libraire,70.773,29.053,24,15.091,22.661,24,0-100_VAS
libération,56.917,34.324,24,36.667,36.833,24,0-100_VAS
licorne,85.448,16.83,25,17.481,26.015,27,0-100_VAS
lien,54.926,32.916,25,32.148,33.715,27,0-100_VAS
lierre,45.741,45.292,25,16.074,25.555,26,0-100_VAS
ligament,56.583,29.226,24,16.16,22.682,25,0-100_VAS
ligne,82.227,23.72,23,23.708,30.095,23,0-100_VAS
lilas,88.273,16.45,24,6.952,14.61,24,0-100_VAS
limace,73.55,18.597,20,12.9,17.859,20,0-100_VAS
limande,11.05,23.876,20,4.75,14.487,20,0-100_VAS
limite,55.926,31.252,28,21.214,26.34,28,0-100_VAS
limonade,86.321,15.924,26,41.593,39.219,27,0-100_VAS
limousine,90.87,14.059,23,20.542,30.773,23,0-100_VAS
lingerie,87.04,17.089,24,7.652,16.851,24,0-100_VAS
linguistique,40.692,35.758,24,38.625,38.027,25,0-100_VAS
lion,89.241,15.69,28,65.714,34.068,28,0-100_VAS
lionceau,79,23.59,24,55.625,31.858,24,0-100_VAS
lionne,83.5,19.746,24,64.958,29.928,25,0-100_VAS
liqueur,70.35,31.786,20,32.4,37.335,20,0-100_VAS
liquide,79.357,24.758,28,51.821,37.867,28,0-100_VAS
lisière,42.12,34.337,26,21.741,33.062,27,0-100_VAS
litière,78.211,18.326,20,26.25,30.178,20,0-100_VAS
livre,88.542,22.075,26,23.667,29.55,27,0-100_VAS
livret,76.083,24.32,24,23.04,27.132,25,0-100_VAS
liège,60.783,38.672,23,22.348,32.644,23,0-100_VAS
lièvre,78.4,25.828,25,26.852,29.293,27,0-100_VAS
local,70.625,24.969,23,38,36.392,23,0-100_VAS
location,52.214,34.37,26,16.115,24.676,26,0-100_VAS
locomotive,81.455,21.438,24,74.087,33.03,24,0-100_VAS
locution,25.545,29.34,23,39.208,34.664,23,0-100_VAS
logement,77.5,22.232,20,12.7,16.467,20,0-100_VAS
logiciel,59.32,33.333,26,17.577,24.852,27,0-100_VAS
logis,68,32.675,20,17.2,24.556,20,0-100_VAS
loin,72.071,25.238,28,20.214,24.492,28,0-100_VAS
loisir,64.346,31.315,24,45.958,39.09,24,0-100_VAS
longueur,49,38.067,26,18.885,28.725,26,0-100_VAS
losange,82.458,20.509,26,23.76,34.497,26,0-100_VAS
lotion,72.615,22.638,24,21.667,26.689,24,0-100_VAS
louange,39,34.205,20,55.2,40.983,20,0-100_VAS
loup,87.115,14.806,26,73.185,29.527,26,0-100_VAS
loutre,81.2,29.541,26,34.538,38.836,26,0-100_VAS
louveteau,62.231,28.04,26,40.593,35.571,26,0-100_VAS
loyauté,46.708,37.78,24,36.375,33.677,24,0-100_VAS
loyer,54.56,34.174,24,21.44,26.757,25,0-100_VAS
lubie,22.269,29.961,26,18.667,28.132,27,0-100_VAS
lubrifiant,70.042,31.813,24,30.36,28.776,25,0-100_VAS
lubrification,64.636,33.071,24,28.143,32.421,24,0-100_VAS
lucarne,44.19,38.867,24,2.619,4.117,24,0-100_VAS
lucidité,38.6,31.803,25,28.815,31.936,27,0-100_VAS
luge,86.56,23.168,24,40.833,33.673,25,0-100_VAS
lumière,84.44,26.477,25,11.577,23.44,26,0-100_VAS
lunch,67.931,35.149,25,21.577,34.067,26,0-100_VAS
lundi,45.958,36.933,24,22.458,31.272,24,0-100_VAS
lune,90.821,13.717,28,11.536,25.126,28,0-100_VAS
lunette,89.72,14.319,25,24.8,33.42,26,0-100_VAS
lunettes,92.16,11.799,25,8.115,17.354,26,0-100_VAS
luth,32.76,41.485,25,26.115,39.844,26,0-100_VAS
lutin,83.04,27.667,24,38.8,35.207,25,0-100_VAS
lutte,74.625,26.055,24,41.042,40.005,24,0-100_VAS
lutteur,82.815,16.217,28,49.63,34.609,28,0-100_VAS
lynx,73.25,25.181,20,29.85,35.904,20,0-100_VAS
lyrisme,30.5,35.101,25,30.423,36.145,26,0-100_VAS
lâcheté,44.138,36.152,28,25.25,31.362,28,0-100_VAS
lèpre,55.111,33.903,20,25.35,33.032,20,0-100_VAS
lèvre,89.64,16.748,25,36,35.791,26,0-100_VAS
lèvres,87.731,13.049,25,47.074,39.126,27,0-100_VAS
légalité,39.069,36.029,28,29.321,34.592,28,0-100_VAS
légende,48.846,34.471,25,43.556,39.128,27,0-100_VAS
législation,38.24,36.176,25,25.704,30.194,27,0-100_VAS
légume,91.448,13.984,28,31,39.093,28,0-100_VAS
léopard,84.885,22.325,25,45.192,35.898,26,0-100_VAS
lésion,72.167,24.932,23,27.609,29.683,23,0-100_VAS
lézard,76.053,22.322,20,14.7,21.81,20,0-100_VAS
macaron,87.458,17.235,24,12.958,22.319,24,0-100_VAS
macaroni,87.45,15.336,20,25.4,28.396,20,0-100_VAS
machine,71.583,30.849,24,50.542,31.03,24,0-100_VAS
magasin,86.179,17.101,25,53.741,35.487,27,0-100_VAS
magazine,78.385,19.688,28,31.966,29.883,28,0-100_VAS
magie,70.833,32.164,24,44.75,37.008,24,0-100_VAS
magnétophone,74.786,21.249,25,58.269,35.591,27,0-100_VAS
maille,72.84,20.625,25,20.48,29.343,26,0-100_VAS
maillet,39.136,39.524,23,20.167,30.847,23,0-100_VAS
maillon,63.391,29.956,23,23.652,27.694,23,0-100_VAS
main,88.385,16.344,25,31.111,33.45,27,0-100_VAS
mainmise,24.038,31.086,24,12.5,24.816,24,0-100_VAS
maintien,48.727,39.262,24,15.455,24.299,24,0-100_VAS
mairie,58.875,30.98,25,24.538,29.271,27,0-100_VAS
maison,89.321,18.507,25,49.148,43.305,27,0-100_VAS
maisonnette,74.071,25.667,25,7.385,15.669,26,0-100_VAS
majesté,68.607,25.577,25,32.259,32.397,27,0-100_VAS
majorité,50.667,36.75,24,21.75,35.136,24,0-100_VAS
malade,65.583,35.968,24,41.083,34.977,24,0-100_VAS
maladie,64.75,36.499,25,39.462,39.698,27,0-100_VAS
maladresse,67.708,32.537,25,40.154,35.575,27,0-100_VAS
malaise,47.313,29.34,24,28.28,32.261,25,0-100_VAS
malentendu,44.409,37.309,24,49.667,42.696,24,0-100_VAS
malheur,50.591,38.75,23,36.043,44.73,23,0-100_VAS
malice,42.862,34.487,25,34.444,32.629,27,0-100_VAS
malle,64.75,30.418,24,17.174,20.762,24,0-100_VAS
mallette,69.68,27.343,25,24.63,27.084,27,0-100_VAS
maman,81.968,20.905,24,61.28,34.59,25,0-100_VAS
mamelle,72.48,26.063,24,12.68,21.451,25,0-100_VAS
mamelon,85.5,24.596,24,8.125,14.576,24,0-100_VAS
mammouth,85.923,22.138,25,36.385,33.053,26,0-100_VAS
mandat,42,35.101,24,24.75,29.792,24,0-100_VAS
mandoline,60.625,35.993,25,48,36.962,27,0-100_VAS
manette,77.375,23.095,24,43.304,32.827,24,0-100_VAS
manie,41.739,33.388,23,29.87,32.639,23,0-100_VAS
manifestation,74.036,18.596,28,67.517,28.617,28,0-100_VAS
manivelle,71.68,23.528,24,31.125,31.962,24,0-100_VAS
manoeuvre,49.655,27.35,28,32.857,33.316,28,0-100_VAS
manoir,78.231,23.914,25,22.963,27.612,27,0-100_VAS
manuel,73.522,29.366,23,19.208,26.755,23,0-100_VAS
manège,85.28,19.46,25,67.704,34.745,27,0-100_VAS
mappemonde,73.143,34.411,25,19.808,31.088,27,0-100_VAS
maquillage,83.16,23.769,24,21.25,30.798,24,0-100_VAS
maracas,73.5,32.049,28,79.704,29.79,28,0-100_VAS
marais,72.87,30.317,24,40.391,27.871,24,0-100_VAS
marathon,74.964,23.024,27,41.679,30.551,27,0-100_VAS
marcassin,14.792,26.265,24,10.917,23.467,24,0-100_VAS
marchandise,68.185,28.112,27,28.222,26.054,27,0-100_VAS
marché,77.44,26.128,24,45.88,36.405,25,0-100_VAS
mardi,42.19,37.316,24,10.81,18.965,24,0-100_VAS
marelle,87.24,12.716,27,53.731,34.472,26,0-100_VAS
margarine,76.154,25.66,27,25.778,36.517,27,0-100_VAS
marguerite,79.4,21.568,24,17.68,25.506,25,0-100_VAS
mari,64.083,31.142,23,49,42.254,23,0-100_VAS
mariage,80.304,26.192,23,58.955,32.099,23,0-100_VAS
marine,66.043,30.846,23,20.435,26.686,23,0-100_VAS
marmelade,70,31.607,23,19.652,31.552,23,0-100_VAS
marmite,81.655,15.001,27,40.519,29.799,27,0-100_VAS
marmotte,79.083,23.35,24,18,29.339,24,0-100_VAS
marquis,30.84,31.568,27,14.556,23.448,27,0-100_VAS
marron,77.5,22.223,20,16.15,26.863,20,0-100_VAS
marteau,77.583,21.545,24,74.125,23.519,24,0-100_VAS
marécage,74.375,24.32,23,48.905,33.041,23,0-100_VAS
maréchal,40.44,31.524,27,17.077,24.424,27,0-100_VAS
marée,82.259,24.041,28,60.296,34.899,28,0-100_VAS
massage,71.3,37.655,24,27.4,30.524,24,0-100_VAS
masse,55.444,31.535,27,20.333,26.165,26,0-100_VAS
massif,70.571,31.742,24,18.7,32.734,24,0-100_VAS
matelas,84.84,20.338,27,33.444,33.736,27,0-100_VAS
matinée,71.429,28.637,27,30.615,36.455,26,0-100_VAS
matou,72.607,35.451,27,53.519,39.749,27,0-100_VAS
matrice,64.429,29.673,28,25.704,32.296,28,0-100_VAS
maturité,52.583,39.559,24,20.333,30.497,24,0-100_VAS
matériau,59.6,37.272,20,26.1,31.775,20,0-100_VAS
maçon,48.24,39.729,25,22.192,30.512,26,0-100_VAS
maîtrise,44.966,34.542,28,22.857,29.769,28,0-100_VAS
maïs,82.087,27.475,23,37,33.683,23,0-100_VAS
melon,84.286,15.788,28,26.828,29.181,28,0-100_VAS
menace,50.679,33.124,25,52.889,38.377,27,0-100_VAS
menhir,43.348,41.583,25,9.087,20.259,24,0-100_VAS
menotte,79.28,20.679,25,36.708,29.43,25,0-100_VAS
mensonge,44.357,37.48,28,48.778,40.842,28,0-100_VAS
mention,42.96,32.114,25,37.519,38.004,27,0-100_VAS
menton,75.5,26.303,25,10.625,21.182,24,0-100_VAS
menu,81.708,21.596,25,16.792,27.432,24,0-100_VAS
mer,94.16,9.241,25,87.37,16.878,27,0-100_VAS
merci,56.545,43.426,25,62.273,38.165,24,0-100_VAS
mercredi,43.32,33.762,25,11.75,18.307,24,0-100_VAS
merde,75.682,26.796,25,44.773,40.84,24,0-100_VAS
merisier,42.364,37.327,23,9.739,19.543,23,0-100_VAS
merle,64.517,36.408,25,37.192,37.959,26,0-100_VAS
merveille,69.897,31.253,28,38.679,37.405,28,0-100_VAS
message,58.125,33.602,25,56.417,38.132,24,0-100_VAS
mesure,53.8,36.093,20,20.25,28.58,20,0-100_VAS
meuglement,44.217,32.932,23,69.609,30.118,23,0-100_VAS
meunier,40.808,34.033,24,27.36,33.166,25,0-100_VAS
meute,72.833,22.182,23,47.417,34.101,23,0-100_VAS
microbe,55.87,34.333,24,18.826,28.749,24,0-100_VAS
microscope,84.957,17.06,23,11.667,27.114,23,0-100_VAS
midi,60.125,34.775,23,39.174,37.366,23,0-100_VAS
miel,86.958,16.012,24,32.167,39.108,24,0-100_VAS
migration,68.143,24.732,25,45.963,30.075,27,0-100_VAS
milieu,54.417,25.67,24,15.739,22.842,24,0-100_VAS
militaire,81.071,20.061,28,54.214,35.992,28,0-100_VAS
mille,57.28,37.535,24,20.68,33.956,25,0-100_VAS
ministre,63.63,27.75,25,34.148,35.673,26,0-100_VAS
ministère,53.625,34.251,23,36.652,35.552,23,0-100_VAS
minorité,60.56,33.353,25,23.192,34.779,26,0-100_VAS
minuit,68.889,32.279,25,54.259,41.745,27,0-100_VAS
minéral,54.375,36.135,24,11.125,20.098,24,0-100_VAS
miracle,53.704,31.586,25,30.889,31.512,27,0-100_VAS
mirage,74.966,28.735,25,13.44,23.025,26,0-100_VAS
miroir,88.56,16.656,25,19.63,28.95,27,0-100_VAS
mission,37.083,34.736,24,28.25,31.904,24,0-100_VAS
missionnaire,74.542,26.083,25,38.889,40.486,27,0-100_VAS
mite,44,34.025,24,10.75,18.503,24,0-100_VAS
mitraillette,76.5,21.918,25,78.885,24.396,27,0-100_VAS
mitrailleuse,77.72,27.757,24,86.174,23.057,24,0-100_VAS
mixage,47.522,31.069,23,36.435,37.598,23,0-100_VAS
mixité,56.739,36.584,24,27.565,34.192,24,0-100_VAS
mobile,72.103,29.262,28,49.321,40.237,28,0-100_VAS
mobilier,74.828,27.085,28,19,25.482,28,0-100_VAS
mobilisation,53.393,30.624,25,49.481,35.485,27,0-100_VAS
modalité,33.793,29.731,28,29.75,30.594,28,0-100_VAS
mode,63.154,31.737,24,23.708,27.649,25,0-100_VAS
modestie,37,36.417,25,20.654,32.395,26,0-100_VAS
modification,47.348,35.839,23,21.826,28.108,23,0-100_VAS
module,52.583,35.827,24,20.6,29.01,25,0-100_VAS
moelle,56.739,37.328,24,10.478,15.966,24,0-100_VAS
moi,83.087,24.1,23,56.375,37.477,23,0-100_VAS
moine,67.8,26.739,23,40.913,32.024,23,0-100_VAS
moisson,55,32.175,24,25.88,30.255,25,0-100_VAS
molaire,80.552,26.784,28,29.607,37.91,28,0-100_VAS
mollet,84.875,18.824,25,9.192,18.031,26,0-100_VAS
mollusque,74.36,28.179,25,13.231,24.112,26,0-100_VAS
molécule,64.462,25.444,25,27.692,31.901,26,0-100_VAS
momie,76.72,20.171,25,27.76,31.42,26,0-100_VAS
monarchie,56.45,34.861,20,23.8,33.688,20,0-100_VAS
monastère,68.379,32.331,28,32.321,30.935,28,0-100_VAS
moniteur,67.111,24.742,25,53.731,35.503,27,0-100_VAS
monnaie,88.64,15.253,25,65.115,38.368,26,0-100_VAS
monologue,47.464,38.183,25,64.259,36.193,27,0-100_VAS
monopole,46.917,34.716,24,28.348,33.941,24,0-100_VAS
montage,75.448,25.976,25,36.038,41.135,26,0-100_VAS
montagne,87.609,21.105,23,27.478,35.135,23,0-100_VAS
montant,46.739,36.775,23,26.609,34.467,23,0-100_VAS
monte-pente,68.727,30.836,23,28.13,29.433,23,0-100_VAS
montgolfière,86.185,13.859,25,37.481,31.463,26,0-100_VAS
monticule,55.957,36.675,24,13.087,25.63,24,0-100_VAS
montre,85.04,20.531,25,48.346,28.842,27,0-100_VAS
monture,78.667,19.809,28,25.63,32.242,28,0-100_VAS
monument,75.273,26.123,24,22.261,33.026,24,0-100_VAS
moquette,79.35,24.42,20,18.7,27.302,20,0-100_VAS
moral,37.926,33.755,28,29.077,35.752,28,0-100_VAS
morale,33.391,34.721,24,32,35.114,25,0-100_VAS
moralité,26.231,28.382,24,28.48,32.95,25,0-100_VAS
morceau,64.25,31.693,25,26.704,36.373,27,0-100_VAS
morosité,48,33.535,23,37.591,36.239,23,0-100_VAS
mors,41.909,43.54,24,22.238,35.953,24,0-100_VAS
morsure,73.957,26.812,23,29.5,27.486,23,0-100_VAS
mort,67.885,34.66,25,22.519,33.326,26,0-100_VAS
mortier,52.08,35.163,25,34.423,36.606,27,0-100_VAS
morue,66.208,29.502,25,11.885,23.178,27,0-100_VAS
mot,65.636,36.497,24,43.952,40.296,24,0-100_VAS
motard,78.615,24.283,25,57.815,29.767,26,0-100_VAS
motel,78.04,22.786,25,23.704,32.66,27,0-100_VAS
moteur,75.292,23.744,23,72.913,24.188,23,0-100_VAS
motif,56.565,38.86,24,16.2,27.659,25,0-100_VAS
motion,35.107,36.065,28,25.179,28.78,28,0-100_VAS
motivation,39.304,37.776,24,42.609,40.619,24,0-100_VAS
moto,81.923,24.324,25,81.63,27.744,27,0-100_VAS
motte,48.208,33.865,24,14.625,21.695,24,0-100_VAS
mouche,84.538,17.952,25,76.615,24.095,27,0-100_VAS
moucheron,52.636,33.111,24,28.455,30.857,24,0-100_VAS
mouette,78.742,22.078,24,70.32,32.066,25,0-100_VAS
moule,77.042,24.757,24,21.542,29.425,24,0-100_VAS
moulin,78.385,23.428,25,38.074,32.046,27,0-100_VAS
moulinet,63.552,28.942,28,33.852,33.701,28,0-100_VAS
moulure,72.16,25.844,24,11.84,22.16,25,0-100_VAS
mousquetaire,72.56,26.824,24,40.68,36.168,25,0-100_VAS
mousse,74.52,23.32,24,17.667,22.795,24,0-100_VAS
moustache,85.875,19.736,24,9.417,19.314,24,0-100_VAS
moustique,88.16,23.371,25,84.462,25.459,26,0-100_VAS
mouton,87.4,13.926,20,70.65,36.823,20,0-100_VAS
mouvement,76.458,28.875,23,23.375,28.06,23,0-100_VAS
moyen,41.857,34.617,25,25.259,34.946,27,0-100_VAS
moyenne,43.538,31.047,25,23.038,32.547,26,0-100_VAS
moyeu,21.2,29.753,25,12.074,21.58,27,0-100_VAS
muguet,73.286,30.744,25,24.407,34.705,27,0-100_VAS
mulet,51.2,31.714,25,27,31.491,27,0-100_VAS
mulot,71.083,30.476,25,25.269,28.223,27,0-100_VAS
multiple,48.16,35.809,24,13.913,21.989,24,0-100_VAS
multiplication,55.13,37.027,23,30.217,34.627,23,0-100_VAS
multitude,54.885,33.097,25,24.481,35.741,27,0-100_VAS
municipalité,54.786,35.547,25,25.667,31.483,27,0-100_VAS
mur,85.435,19.943,25,18.692,29.375,27,0-100_VAS
muraille,81.621,22.752,28,20.893,32.175,28,0-100_VAS
muret,60.952,32.745,23,15.417,25.241,23,0-100_VAS
murmure,47.077,35.561,25,68.815,32.522,27,0-100_VAS
musaraigne,24.545,34.414,24,4.476,13.182,24,0-100_VAS
musc,30.464,36.668,25,22.222,35.146,27,0-100_VAS
museau,77.56,23.58,25,46.96,36.922,26,0-100_VAS
muselière,75.238,32.587,24,27.95,37.569,24,0-100_VAS
musicien,72.364,28.867,23,75.478,33.704,23,0-100_VAS
musée,83.462,19.564,25,44.37,38.719,27,0-100_VAS
mutation,56.6,36.227,25,25.63,31.45,27,0-100_VAS
mutisme,37.654,35.172,24,26.458,33.16,24,0-100_VAS
mycose,34.571,37.25,25,4.538,12.766,26,0-100_VAS
myope,68.296,31.083,25,20.889,31.103,27,0-100_VAS
mystère,51.333,36.736,23,41,34.498,23,0-100_VAS
mythe,40.731,33.789,25,33.923,36.195,26,0-100_VAS
mécanique,72.391,16.819,23,34.708,31.178,23,0-100_VAS
méchanceté,55.8,34.7,24,46.167,37.921,24,0-100_VAS
médaille,86.28,25.067,27,29.5,37.853,26,0-100_VAS
médaillon,71.609,27.134,23,10.217,16.153,23,0-100_VAS
médecin,80.833,22.652,24,26.625,35.391,24,0-100_VAS
médecine,70.241,27.412,28,31.679,37.926,28,0-100_VAS
médiante,19.077,26.724,24,12.875,21.197,24,0-100_VAS
méditation,65.731,25.121,25,45.963,31.14,26,0-100_VAS
méduse,82.25,17.898,28,18.536,24.739,28,0-100_VAS
méfait,38.24,31.299,25,20.222,28.746,27,0-100_VAS
méfiance,45.179,33.954,25,35.185,35.398,27,0-100_VAS
mégot,73.56,29.784,25,13.708,23.397,24,0-100_VAS
mélancolie,44.519,31.589,28,40.63,34.542,28,0-100_VAS
mélange,57.042,36.788,25,28.625,32.754,24,0-100_VAS
mélangeur,70.76,18.733,28,72.241,26.642,28,0-100_VAS
mélasse,69.125,28.976,25,10.542,20.831,24,0-100_VAS
mélèze,26.286,31.94,25,5.654,12.586,26,0-100_VAS
ménage,79.571,25.265,25,48.074,34.631,27,0-100_VAS
mépris,44.84,38.523,25,31.84,35.963,25,0-100_VAS
mérite,47.28,36.107,25,27.269,35.038,26,0-100_VAS
mésange,66.2,34.604,25,52.583,38.84,24,0-100_VAS
mésaventure,40.393,37.693,25,16.923,26.397,26,0-100_VAS
mésencéphale,39,41.208,25,7.478,19.05,24,0-100_VAS
métabolisme,39.32,33.878,24,26.8,29.887,25,0-100_VAS
métaphore,30.769,32.372,25,42.5,38.477,27,0-100_VAS
méthode,38.957,37.331,23,35.273,38.006,23,0-100_VAS
météo,69.667,29.145,23,50.174,36.39,23,0-100_VAS
mûre,79.536,24.573,25,20.593,30.594,27,0-100_VAS
nage,76.227,28.687,24,49.13,36.945,24,0-100_VAS
nageur,77.815,21.367,25,55.16,36.116,27,0-100_VAS
nain,86.32,17.511,25,24.44,33.248,26,0-100_VAS
narration,39.5,42.571,24,55.833,39.381,24,0-100_VAS
nasillement,14.13,26.716,23,29.87,36.069,23,0-100_VAS
nation,49.2,34.678,20,30.85,33.368,20,0-100_VAS
natte,50.038,34.519,25,9.077,16.673,27,0-100_VAS
naufrage,77.222,21.556,28,50.241,32.458,28,0-100_VAS
navet,78.143,20.209,26,7.077,17.76,26,0-100_VAS
navette,72.087,29.086,23,31.87,36.927,23,0-100_VAS
navigateur,67.84,32.709,26,27.5,34.624,26,0-100_VAS
navigation,68.167,32.765,24,33.625,32.794,24,0-100_VAS
navire,78.65,20.469,20,47.75,31.659,20,0-100_VAS
naïveté,41.414,34.461,25,26.154,32.707,26,0-100_VAS
nef,29.143,39.86,24,7.6,22.526,24,0-100_VAS
nerf,56.276,31.279,28,23.607,30.012,28,0-100_VAS
nervosité,63.208,30.613,26,50.56,37.26,26,0-100_VAS
netteté,69,25.729,28,26.276,34.458,28,0-100_VAS
neutralité,41.833,31.584,26,28.32,31.42,26,0-100_VAS
neveu,64.64,33.408,24,34.6,36.143,25,0-100_VAS
niais,36.478,38.553,23,32.913,35.419,23,0-100_VAS
niche,76.174,24.769,24,31.478,38.578,24,0-100_VAS
nicotine,49.316,36.246,20,21.85,30.675,20,0-100_VAS
nid,83.609,18.095,23,34.333,36.686,23,0-100_VAS
niveau,48.125,30.236,24,23.13,29.877,24,0-100_VAS
noblesse,65.103,26.66,28,26.571,30.206,28,0-100_VAS
noce,79.391,25.414,24,51.391,40.281,24,0-100_VAS
noeud,78.952,27.195,24,11.5,18.294,24,0-100_VAS
noir,85.4,18.52,24,15.125,22.697,24,0-100_VAS
noisette,82.895,17.935,20,24.55,34.811,20,0-100_VAS
noix,82.739,21.741,23,30.696,32.175,23,0-100_VAS
nombril,85.4,25.015,26,16.36,29.29,26,0-100_VAS
nonne,66.222,36.407,26,33.593,34.918,27,0-100_VAS
norme,20.286,20.638,26,16.615,26.356,26,0-100_VAS
notion,33.893,32.338,28,30.571,33.403,28,0-100_VAS
nougat,78.32,30.915,26,4.692,11.081,26,0-100_VAS
nourrisson,79.478,22.827,24,70.043,30.47,24,0-100_VAS
nourriture,85.13,17.935,23,23.042,28.841,23,0-100_VAS
nouveauté,50.696,33.134,23,35.864,36.161,23,0-100_VAS
nouvelle,52.552,33.804,28,40.821,39.129,28,0-100_VAS
novembre,60.828,30.277,26,36.25,30.702,27,0-100_VAS
noyau,82.083,25.053,26,8.654,17.636,26,0-100_VAS
nu,87,21.601,26,15.192,28.48,26,0-100_VAS
nuage,84.417,17.864,24,14.708,29.411,24,0-100_VAS
nue,83.12,20.827,23,24.957,31.495,23,0-100_VAS
nuitée,60.966,31.909,28,32,31.984,28,0-100_VAS
nul,43.583,33.378,24,29.25,35.792,24,0-100_VAS
numéro,64.107,34.202,25,33.481,36.844,27,0-100_VAS
nylon,69.667,28.142,25,21.846,31.995,27,0-100_VAS
néant,56.04,38.933,24,25.44,34.28,25,0-100_VAS
nécessité,29.034,31.844,28,20.857,27.892,28,0-100_VAS
négatif,38.12,34.427,26,18.556,29.023,27,0-100_VAS
négation,36.643,31.916,28,37.889,33.912,28,0-100_VAS
négociation,34.095,35.127,24,48.381,39.85,24,0-100_VAS
oasis,82.321,19.836,28,35.966,30.668,28,0-100_VAS
objectif,43.273,35.58,24,20.429,27.373,24,0-100_VAS
objection,49.56,36.51,24,46.76,37.068,25,0-100_VAS
objectivité,31,32.891,24,22.87,32.009,24,0-100_VAS
objet,62.038,37.886,24,37.25,35.861,24,0-100_VAS
obligation,37.75,33.547,25,23.385,35.123,26,0-100_VAS
obscurcissement,61.095,38.049,24,7.571,20.22,24,0-100_VAS
obscurité,76.667,30.028,25,26.077,33.76,27,0-100_VAS
obscénité,44.893,34.115,28,42.414,36.665,28,0-100_VAS
observation,64.679,35.899,28,23.333,31.802,28,0-100_VAS
obsession,56.08,31.766,25,43.769,37.729,26,0-100_VAS
obstacle,70.071,30.058,25,38.556,37.532,27,0-100_VAS
obus,53.286,41.166,25,41.926,40.306,27,0-100_VAS
obéissance,51.846,32.203,24,34.84,34.387,25,0-100_VAS
occasion,38.346,37.351,25,22.846,31.526,26,0-100_VAS
octave,38.208,32.962,24,57.583,37.896,24,0-100_VAS
octet,44.583,39.838,23,41.318,38.656,23,0-100_VAS
octobre,68.478,34.879,24,27.227,37.593,24,0-100_VAS
octroi,27.435,32.1,23,15.261,21.922,23,0-100_VAS
océan,90.04,14.455,23,68.261,27.82,23,0-100_VAS
odeur,37.846,33.132,25,27.37,32.893,26,0-100_VAS
odorat,31.875,34.472,24,19.292,28.639,24,0-100_VAS
oedème,23.304,29.773,23,10.609,19.197,23,0-100_VAS
oeil,92.857,10.804,25,22.815,35.749,27,0-100_VAS
oestrogène,24.783,32.248,24,19.739,27.534,24,0-100_VAS
oeuf,93.714,9.985,25,37.778,36.812,27,0-100_VAS
offense,27.852,34.315,25,35.593,39.124,26,0-100_VAS
officier,68.087,25.651,23,29.043,37.023,23,0-100_VAS
oie,77.731,21.467,24,50.125,30.956,24,0-100_VAS
oignon,90.8,12.881,27,33.192,31.5,26,0-100_VAS
oiseau,91.417,15.85,24,74.88,32.18,25,0-100_VAS
olfaction,39.429,33.603,28,24.793,29.58,28,0-100_VAS
olive,85.913,21.172,23,9.957,22.737,23,0-100_VAS
olivier,75.444,24.999,27,14.538,29.315,26,0-100_VAS
ombrage,84.741,14.654,27,23.519,36.227,27,0-100_VAS
ombre,80.05,24.003,20,11.526,23.054,20,0-100_VAS
oncle,79.909,28.576,24,43.095,39.544,24,0-100_VAS
onctuosité,58.926,38.294,27,7.731,14.172,26,0-100_VAS
ongle,77.923,19.968,24,27,28.267,24,0-100_VAS
onguent,58.038,33.668,27,21.259,25.131,27,0-100_VAS
opercule,18.185,27.937,27,5.423,13.668,26,0-100_VAS
opinion,30.96,38.726,24,41.16,38.913,25,0-100_VAS
opportunité,39.621,32.556,28,31.143,29.837,28,0-100_VAS
opposition,56.071,34.381,27,53.519,36.879,27,0-100_VAS
optimisme,42.696,38.977,23,40.5,41.138,23,0-100_VAS
opéra,70.28,29.2,27,78.815,27.323,27,0-100_VAS
opérateur,44.612,35.813,24,28.56,34.918,25,0-100_VAS
or,91.458,10.701,23,12.625,25.423,23,0-100_VAS
orange,86.273,21.379,23,18.87,28.565,23,0-100_VAS
orchestre,69.286,26.095,28,81.821,27.047,28,0-100_VAS
ordinaire,51.87,32.464,24,14.913,21.53,24,0-100_VAS
ordinateur,83.731,16.004,27,57.704,35.207,27,0-100_VAS
ordonnance,65,32.113,27,31.148,34.616,27,0-100_VAS
ordre,62.435,35.114,24,38.739,39.48,24,0-100_VAS
ordure,86.769,16.508,27,20.37,30.225,27,0-100_VAS
oreiller,87.345,15.767,27,25,33.064,27,0-100_VAS
organisateur,56.524,38.97,24,21.048,25.093,24,0-100_VAS
organisation,61.478,33.1,24,25,31.366,24,0-100_VAS
organisme,51.84,35.488,24,22.32,31.881,25,0-100_VAS
orgue,67.2,27.445,20,80.4,25.151,20,0-100_VAS
orgueil,40.207,33.924,28,28.464,31.739,28,0-100_VAS
orientation,55.84,31.297,24,25.435,31.712,24,0-100_VAS
orifice,72.429,22.135,28,24.621,28.783,28,0-100_VAS
origine,43.708,34.635,24,25.28,32.821,25,0-100_VAS
ornement,81.036,19.367,27,27.111,32.454,27,0-100_VAS
ornithorynque,61.542,34.552,23,38.304,35.802,23,0-100_VAS
ornière,29.13,31.15,27,11.769,21.377,27,0-100_VAS
orteil,87.037,21.407,27,16.593,27.084,27,0-100_VAS
orthographe,60.364,35.387,24,23.381,30.281,24,0-100_VAS
ossature,71.154,17.713,27,20.222,28.219,27,0-100_VAS
osselet,64,28.223,28,23.966,26.336,28,0-100_VAS
otage,74.179,28.645,28,46.036,32.193,28,0-100_VAS
ouate,78.846,23.21,27,15.148,27.876,27,0-100_VAS
oubli,49.759,33.984,28,30.821,31.23,28,0-100_VAS
ouragan,80.958,18.045,23,53.875,31.889,23,0-100_VAS
ourlet,53.8,37.656,23,23.391,32.864,23,0-100_VAS
ourson,80.75,19.485,20,23.8,29.908,20,0-100_VAS
outil,86.667,17.914,25,59,31.534,26,0-100_VAS
ouverture,54.84,31.233,24,22.4,28.295,25,0-100_VAS
ouvrage,51.808,33.224,25,23.963,29.258,26,0-100_VAS
ovule,51.792,36.822,23,27.043,33.62,23,0-100_VAS
oxygénation,47.96,32.001,24,30.609,29.759,24,0-100_VAS
pacotille,28.208,37.922,25,13.731,25.343,26,0-100_VAS
page,83.75,24.893,20,33.35,36.445,20,0-100_VAS
paiement,67.923,27.195,25,40.68,37.547,26,0-100_VAS
paille,76.222,22.541,25,30.889,32.939,26,0-100_VAS
paillis,40.083,39.073,24,10.875,20.035,24,0-100_VAS
pain,90.6,14.036,24,18.56,27.885,25,0-100_VAS
palace,71.826,29.591,24,15.625,26.19,24,0-100_VAS
palais,82.56,22.428,24,22.435,30.446,24,0-100_VAS
palier,68.357,28.589,28,18.963,28.082,28,0-100_VAS
palissade,50.414,37.588,28,17.607,26.298,28,0-100_VAS
palme,69.565,37.783,24,25.348,31.672,24,0-100_VAS
palmier,87.217,15.021,23,20.417,29.594,23,0-100_VAS
panache,62,36.071,23,29.773,32.547,23,0-100_VAS
panda,81.542,22.733,23,28.391,39.252,23,0-100_VAS
panneau,81.87,22.56,25,20.692,30.158,27,0-100_VAS
panthère,76.52,23.756,25,53.481,35.054,27,0-100_VAS
pantoufle,91.125,3.423,24,27.217,31.445,24,0-100_VAS
paon,76.087,31.913,23,24.333,28.17,23,0-100_VAS
papa,82.583,23.929,24,64.833,33.107,24,0-100_VAS
pape,75.615,29.13,25,24.037,33.027,26,0-100_VAS
papillon,80.958,25.39,24,14.5,22.306,24,0-100_VAS
paquet,77.208,23.38,24,16.458,22.057,25,0-100_VAS
parachute,82.375,18.992,25,33.769,31.586,27,0-100_VAS
parade,74.72,28.48,24,59.042,36.359,24,0-100_VAS
paradoxe,24.708,30.077,24,26.125,36.542,24,0-100_VAS
paragraphe,63.692,33.237,24,17.292,28.782,24,0-100_VAS
paramètre,42,35.018,25,18.704,30.216,26,0-100_VAS
parapluie,86.48,16.109,24,46.261,34.287,24,0-100_VAS
parasite,52.75,34.258,24,20.5,33.599,24,0-100_VAS
parasol,90.391,14.838,24,24.458,31.959,24,0-100_VAS
paratonnerre,61.25,34.018,24,30.292,35.612,24,0-100_VAS
parc,83,19.916,23,56.217,28.816,23,0-100_VAS
parcours,58.667,37.196,24,21.52,27.964,25,0-100_VAS
pardon,44.08,37.498,25,48.778,39.445,27,0-100_VAS
pare-chocs,76.609,20.127,23,37.696,33.065,23,0-100_VAS
pareil,49.962,36.025,25,19.259,25.107,27,0-100_VAS
parenthèse,71.885,31.92,25,16.889,28.846,27,0-100_VAS
parenté,55.875,35.581,24,27.208,32.642,24,0-100_VAS
paresse,56.103,31.855,28,28.893,29.679,28,0-100_VAS
paresseux,68.44,29.642,24,26.48,26.126,25,0-100_VAS
parfum,63.783,24.264,23,22.522,24.622,23,0-100_VAS
pari,47.917,33.275,23,41.273,38.4,23,0-100_VAS
parlement,78.276,21.319,28,37.679,34.545,28,0-100_VAS
parloir,48.586,33.133,28,32.286,34.367,28,0-100_VAS
parodie,62.84,32.566,23,47.783,36.259,23,0-100_VAS
paroi,61.652,32.295,24,22.652,31.077,24,0-100_VAS
partage,60.625,35.945,24,39.292,37.787,24,0-100_VAS
partenaire,72.593,30.606,25,32.926,34.727,26,0-100_VAS
partenariat,51.286,37.2,24,21.8,25.955,24,0-100_VAS
parterre,74.727,23.041,23,21.708,30.435,23,0-100_VAS
parti,45.808,33.743,25,24.148,36.442,27,0-100_VAS
participant,59.25,29.248,25,31.321,30.954,27,0-100_VAS
participation,41.375,34.348,24,34.083,33.276,24,0-100_VAS
participe,44.091,39.1,23,30.957,35.203,23,0-100_VAS
partie,48.8,35.01,24,21.25,27.215,24,0-100_VAS
passage,68.931,22.094,25,25.741,27.242,27,0-100_VAS
passager,64,30.136,25,24.889,30.195,26,0-100_VAS
passant,72.357,22.796,25,32.148,31.131,27,0-100_VAS
passeport,81.966,18.074,25,25.519,32.914,27,0-100_VAS
passion,65.214,37.338,28,51.321,39.549,28,0-100_VAS
passoire,75.625,26.276,25,17.077,28.168,27,0-100_VAS
pastille,75.391,28.786,24,27.667,34.461,24,0-100_VAS
pastèque,77.192,28.534,24,23.4,32.813,25,0-100_VAS
patate,84.16,18.645,24,17.875,26.911,24,0-100_VAS
patience,41.565,38.407,23,37.609,42.277,23,0-100_VAS
patient,70.292,25.361,23,34.87,38.627,23,0-100_VAS
patin,88.259,20.512,28,51.593,34.439,28,0-100_VAS
patinage,76.793,24.03,28,49.37,34.748,28,0-100_VAS
patrie,38,34.273,25,24.538,28.917,26,0-100_VAS
patrimoine,63.56,37.335,24,40.348,41.002,24,0-100_VAS
patron,69.917,30.101,24,40.227,33.312,24,0-100_VAS
patrouille,73.962,16.917,25,42.148,36.149,26,0-100_VAS
patte,84.207,15.326,25,30.115,30.592,27,0-100_VAS
paume,81.269,18.928,25,19.846,31.988,27,0-100_VAS
paupière,78.24,26.453,25,12.667,24.192,27,0-100_VAS
pavillon,65.885,26.162,24,21.042,24.606,24,0-100_VAS
paysan,68.864,24.298,24,29.682,30.348,24,0-100_VAS
peigne,75.174,30.724,23,24.826,34.609,23,0-100_VAS
peine,64.083,36.346,24,56.5,39.376,24,0-100_VAS
peintre,82.345,22.38,28,31.321,32.449,28,0-100_VAS
pelage,63.357,35.5,25,10.154,19.919,26,0-100_VAS
pelle,81.077,22.569,25,35.111,32.309,26,0-100_VAS
pelote,62.414,36.165,28,18.929,26.637,28,0-100_VAS
peloton,52.92,33.667,24,23.32,30.392,25,0-100_VAS
pelouse,83.8,16.055,20,15.15,25.765,20,0-100_VAS
pelure,80.923,15.651,25,17.852,27.108,27,0-100_VAS
pelvis,43.043,35.552,23,12.957,22.671,23,0-100_VAS
penchant,44.107,31.817,28,21.107,29.738,28,0-100_VAS
pendentif,74.95,21.598,20,12.9,22.238,20,0-100_VAS
pendule,80.786,19.802,25,66.37,34.406,27,0-100_VAS
pension,31.16,29.497,24,28.875,30.21,24,0-100_VAS
pensionnat,57.318,35.104,24,26,29.047,24,0-100_VAS
perception,45.833,35.681,24,35.04,33.981,25,0-100_VAS
perchoir,72.65,28.825,24,16.048,22.644,24,0-100_VAS
perdrix,63.276,36.54,28,43.821,36.912,28,0-100_VAS
perfection,50,33.667,25,28.519,32.207,27,0-100_VAS
performance,60.5,34.887,24,41.167,37.276,24,0-100_VAS
perfusion,49.308,33.546,24,18.08,21.219,25,0-100_VAS
permanence,33.769,33.989,25,25.333,33.976,27,0-100_VAS
permis,65.08,29.072,24,24.28,28.881,25,0-100_VAS
permission,52,34.689,28,41.966,36.738,28,0-100_VAS
perron,65.074,34.943,25,16.407,25.584,26,0-100_VAS
perroquet,90,13.627,24,83,23.931,24,0-100_VAS
perruche,70.826,29.398,23,66.478,35.427,23,0-100_VAS
perruque,77.125,25.814,25,15.148,26.039,27,0-100_VAS
persil,83.69,15.691,25,21,27.529,27,0-100_VAS
personnalité,50.692,36.399,25,33.269,38.936,27,0-100_VAS
personne,84.375,21.705,25,39.792,34.387,26,0-100_VAS
perspective,46.179,35.548,28,27.31,32.443,28,0-100_VAS
peste,54.5,31.823,28,37.393,34.116,28,0-100_VAS
petit,74.72,28.566,25,30.815,42.523,27,0-100_VAS
phalange,58.786,37.335,25,26.63,30.33,27,0-100_VAS
phantasme,57.577,37.25,25,41.538,40.693,26,0-100_VAS
philatélie,14.84,30.297,25,7.038,18.922,26,0-100_VAS
phobie,60.083,37.14,25,44,39.858,26,0-100_VAS
photo,91.375,13.676,24,28.6,33.781,25,0-100_VAS
photographie,86.808,22.642,25,33.593,34.194,27,0-100_VAS
pianiste,78.5,24.881,24,82.833,23.929,24,0-100_VAS
piano,87.32,23.135,25,91.654,22.781,26,0-100_VAS
pichet,79.217,27.119,24,20.913,30.736,24,0-100_VAS
pied,85.542,15.174,24,19.375,26.567,24,0-100_VAS
pierre,82.448,22.834,28,25.679,29.469,28,0-100_VAS
pif,43.185,36.914,25,7.923,13.908,26,0-100_VAS
pige,45.5,36.731,24,17.083,26.266,24,0-100_VAS
pignon,61.852,31.66,28,16.692,24.796,28,0-100_VAS
pilier,67.3,26.503,20,14.7,22.532,20,0-100_VAS
pillage,39.179,38.067,25,23.577,34.407,26,0-100_VAS
pilon,58.038,32.793,25,28.593,27.835,27,0-100_VAS
pilote,74.158,24.123,20,44.25,35.034,20,0-100_VAS
pilule,79.846,22.344,28,35.414,33.431,28,0-100_VAS
piment,82.16,25.971,24,27.348,32.051,24,0-100_VAS
pin,75.48,29.098,25,18,23.866,26,0-100_VAS
pinceau,88.917,21.303,23,28.125,33.326,23,0-100_VAS
pincée,63.556,32.854,25,5.808,10.044,26,0-100_VAS
ping-pong,85.731,18.833,25,78.462,28.469,26,0-100_VAS
pingouin,90.607,11.948,25,34.038,33.902,26,0-100_VAS
pinson,48.24,36.821,25,50,41.592,27,0-100_VAS
pinte,83.5,16.59,25,28.48,31.094,26,0-100_VAS
piolet,18.208,32.937,25,9.269,22.115,26,0-100_VAS
pion,80.56,21.616,25,25.63,31.353,27,0-100_VAS
pipe,85.16,21.035,24,24.44,31.468,25,0-100_VAS
piquant,59.84,27.348,25,17.077,26.577,26,0-100_VAS
piquet,72.207,32.402,28,25.714,29.879,28,0-100_VAS
piqûre,81.708,22.462,25,49.308,35.23,26,0-100_VAS
piratage,50.483,34.178,28,26.071,30.538,28,0-100_VAS
pirate,77.35,20.247,20,50.2,37.327,20,0-100_VAS
pirouette,74.077,21.262,24,37.48,38.152,25,0-100_VAS
pissenlit,84,25.204,24,7.167,13.761,24,0-100_VAS
pistolet,78.7,17.327,20,72.05,22.694,20,0-100_VAS
piston,57.321,29.17,28,29.621,29.919,28,0-100_VAS
pitié,55.44,37.642,23,44.87,37.427,23,0-100_VAS
pizza,85.208,18.958,25,18.462,31.449,27,0-100_VAS
pizzeria,76.48,28.07,25,31.963,32.767,27,0-100_VAS
piège,77.034,18.51,28,30.679,29.609,28,0-100_VAS
piété,33.231,36.305,25,27.12,33.946,26,0-100_VAS
place,58.6,38.902,25,17.423,31.213,26,0-100_VAS
placement,38.148,35.188,25,20.385,27.513,26,0-100_VAS
plagiat,43.913,37.345,24,25.583,34.433,24,0-100_VAS
plaine,80.045,25.604,24,26.333,34.207,24,0-100_VAS
plaisanterie,56.238,42.403,24,44.75,42.77,24,0-100_VAS
planification,49.833,38.716,24,29.174,35.868,24,0-100_VAS
plaque,75.071,25.192,28,18.926,28.665,28,0-100_VAS
plaquette,52.038,25.244,24,20.667,27.479,24,0-100_VAS
plastique,71.136,29.464,24,19.955,25.303,24,0-100_VAS
platane,29.321,33.379,28,10.893,21.791,28,0-100_VAS
pleur,77.087,28.871,23,69.522,36.106,23,0-100_VAS
pleurs,70.423,30.245,25,71.037,30.527,27,0-100_VAS
plomb,47.913,31.575,23,13.217,19.074,23,0-100_VAS
plongeon,78.893,26.602,25,55.778,33.306,27,0-100_VAS
plongeur,74.3,22.474,20,45.95,30.32,20,0-100_VAS
pluie,88.071,14.244,25,83.852,20.333,27,0-100_VAS
plumage,79.786,23.78,25,12.462,27.947,26,0-100_VAS
plume,92.269,9.04,24,22.792,29.068,24,0-100_VAS
pluriel,44.125,34.192,24,25.04,31.737,25,0-100_VAS
plénitude,29.333,38.409,24,15.542,29.599,24,0-100_VAS
pochette,79.44,24.644,24,21.16,27.947,25,0-100_VAS
poignard,70.227,30.745,23,18.609,26.515,23,0-100_VAS
poignée,78.679,17.252,25,29.269,29.86,27,0-100_VAS
poing,76.269,23.422,25,32.346,33.226,27,0-100_VAS
pointage,58.08,33.67,24,38.08,36.476,25,0-100_VAS
pointe,70.52,34.67,25,8.846,22.43,26,0-100_VAS
pointure,63.348,29.992,23,22.583,29.004,23,0-100_VAS
poinçon,67.393,25.341,25,54.926,32.627,27,0-100_VAS
poire,86.64,15.748,24,16,20.03,24,0-100_VAS
poireau,79.407,18.007,28,25.207,26.731,28,0-100_VAS
poison,50,37.903,24,12.375,21.153,24,0-100_VAS
poisson,82.414,23.248,28,29.179,32.902,28,0-100_VAS
poitrine,79.379,20.489,25,22.593,27.712,27,0-100_VAS
poivre,74.652,27.344,23,33.25,36.018,23,0-100_VAS
poivron,82.609,25.326,24,30.913,35.12,24,0-100_VAS
polissage,59.667,32.322,26,34.615,32.228,26,0-100_VAS
polisseuse,48.037,30.689,26,38.259,33.754,27,0-100_VAS
politesse,50.519,34.818,28,59.655,35.615,28,0-100_VAS
politique,55.043,30.088,23,52.087,34.545,23,0-100_VAS
pollen,72.429,25.327,28,20.103,29.919,28,0-100_VAS
pollution,76.96,27.823,23,46.957,34.795,23,0-100_VAS
polyvalence,26.958,36.542,24,23.56,31.733,25,0-100_VAS
pomme,89.417,14.031,23,48.739,37.141,23,0-100_VAS
pomme de terre,87.292,15.641,23,21.917,31.078,23,0-100_VAS
pommette,73.143,30.103,26,26.615,33.893,27,0-100_VAS
pompon,74.435,30.172,24,27.696,35.065,24,0-100_VAS
poney,85.417,19.339,26,47.846,37.196,27,0-100_VAS
pont-levis,64.48,32.043,24,30.375,30.225,24,0-100_VAS
population,74.654,30.019,26,48.192,35.124,26,0-100_VAS
porc,82.32,26.636,26,65.296,33.824,27,0-100_VAS
porche,69.643,21.33,26,38.852,34.036,27,0-100_VAS
portail,56.52,32.5,24,31.375,31.767,24,0-100_VAS
porte,85.348,22.675,24,49.826,41.91,24,0-100_VAS
porteur,52.5,29.34,23,11.739,19.726,23,0-100_VAS
portier,69.571,26.377,26,28.185,28.267,27,0-100_VAS
portion,56.783,38.736,26,16.462,26.198,26,0-100_VAS
portrait,80.04,24.044,24,13.083,21.903,25,0-100_VAS
portée,48.565,38.873,23,24.435,31.047,23,0-100_VAS
pose,52.72,31.238,26,19.259,29.452,27,0-100_VAS
position,56.75,37.719,24,16.917,26.216,24,0-100_VAS
possibilité,43,38.772,23,38.783,36.282,23,0-100_VAS
possible,36.667,37.474,26,21.385,30.449,26,0-100_VAS
poste,65.111,27.926,28,27.241,27.323,28,0-100_VAS
potage,86.56,17.022,26,23.24,29.006,26,0-100_VAS
potager,83.069,20.669,28,18.741,25.724,28,0-100_VAS
poterie,80.52,25.063,24,30.76,32.482,25,0-100_VAS
potin,40.44,37.441,26,51.5,39.597,26,0-100_VAS
potiron,50.72,36.327,26,18.231,25.582,26,0-100_VAS
pou,62.2,29.889,26,30.48,34.319,26,0-100_VAS
pouding,75.625,25.36,23,28.727,36.387,23,0-100_VAS
poudre,79.571,27.672,24,7.905,19.063,24,0-100_VAS
pouf,74.4,23.011,24,29.542,34.927,24,0-100_VAS
poulailler,76.5,22.891,24,65.333,34.215,24,0-100_VAS
poulain,77.276,26.376,26,46.214,36.098,27,0-100_VAS
poule,89.5,13.895,26,80.963,24.516,27,0-100_VAS
poulet,92.667,11.891,25,55.963,40.124,27,0-100_VAS
poulie,74.96,22.999,25,53.52,31.22,26,0-100_VAS
poulpe,58.72,39.743,25,17.84,29.47,26,0-100_VAS
poumon,87.217,15.118,24,43.043,38.534,24,0-100_VAS
poupon,83.517,25.622,28,70.214,31.824,28,0-100_VAS
pourboire,73.286,32.379,24,32.476,34.295,24,0-100_VAS
pourcentage,59.12,35.375,25,5.385,13.963,26,0-100_VAS
poursuite,65.52,34.651,25,46.654,40.855,26,0-100_VAS
poussette,84.292,20.712,24,44.708,40.33,24,0-100_VAS
poussin,76.636,25.479,24,64.125,32.174,24,0-100_VAS
poussée,54.375,33.558,24,29.875,35.73,24,0-100_VAS
poutre,71.375,23.174,25,17.192,21.591,27,0-100_VAS
pouvoir,68.083,27.022,25,42.76,39.913,26,0-100_VAS
poésie,62.417,37.321,25,59.346,38.941,27,0-100_VAS
prairie,78.286,27.705,25,36.923,35.407,26,0-100_VAS
praline,58.24,35.251,25,19.407,29.039,27,0-100_VAS
premier,58.5,35.71,24,28.292,36.589,24,0-100_VAS
pressentiment,26.4,32.55,25,22.885,35.649,26,0-100_VAS
pression,59.458,34.103,24,38.625,38.664,24,0-100_VAS
prestation,48.286,41.321,24,38.9,41.827,24,0-100_VAS
prestige,58.857,32.373,28,28.448,28.833,28,0-100_VAS
preuve,52.727,34.774,24,32.048,33.831,24,0-100_VAS
princesse,81.04,24.667,25,29.222,32.884,27,0-100_VAS
principe,24.24,29.227,24,22.32,31.094,25,0-100_VAS
priorité,48.44,32.241,24,33.5,36.611,24,0-100_VAS
privilège,44.583,31.809,24,27.696,33.648,24,0-100_VAS
prix,63.208,36.341,24,25.083,26.965,24,0-100_VAS
prière,63.034,27.243,25,66.962,33.892,26,0-100_VAS
probabilité,43.12,33.783,24,21.48,32.205,25,0-100_VAS
procession,44.565,37.578,24,27.87,32.717,24,0-100_VAS
processus,38.5,30.808,24,23.542,29.885,24,0-100_VAS
procréation,60.103,31.724,28,46.714,36.762,28,0-100_VAS
procureur,46.053,29.656,20,34.45,37.833,20,0-100_VAS
procès,64.207,30.617,27,47.963,32.085,27,0-100_VAS
procédure,34.955,32.637,23,33.261,38.311,23,0-100_VAS
procédé,39.32,39.457,24,21.708,27.926,24,0-100_VAS
producteur,66.636,29.524,24,24.238,32.906,24,0-100_VAS
production,48.8,35.868,27,32.63,36.713,27,0-100_VAS
produit,67.103,29.57,28,21.357,29.445,28,0-100_VAS
professeur,78.536,23.843,27,66.37,37.021,27,0-100_VAS
professeure,78.448,25.527,27,58.25,37.231,27,0-100_VAS
profil,62.88,27.863,24,8.75,15.968,25,0-100_VAS
programmation,51.923,28.418,27,21.192,26.53,27,0-100_VAS
progression,49.731,37.569,27,31.148,37.206,27,0-100_VAS
progrès,41.56,41.412,24,33.25,38.084,24,0-100_VAS
projectile,66.615,29.949,27,50.154,35.003,27,0-100_VAS
projection,75.955,28.562,23,43.875,35.434,23,0-100_VAS
promesse,47.607,38.977,27,53.259,40.249,27,0-100_VAS
promotion,57.667,36.625,24,30.76,34.751,25,0-100_VAS
pronom,41.091,36.357,24,33.429,34.939,24,0-100_VAS
propagande,49.913,33.329,23,44.826,39.686,23,0-100_VAS
prophète,55.217,32.163,23,32.708,31.226,23,0-100_VAS
proportion,63.36,30.569,27,17.037,25.297,27,0-100_VAS
propos,27.368,29.029,20,48.55,38.985,20,0-100_VAS
proposition,45.818,32.522,24,36.333,36.579,24,0-100_VAS
propre,77.435,31.912,27,25.346,32.685,27,0-100_VAS
propriétaire,58.818,35.417,23,28.417,34.737,23,0-100_VAS
propulseur,44.25,33.759,24,49.32,34.333,25,0-100_VAS
protestation,59.905,38.416,24,49.429,37.367,24,0-100_VAS
protocole,40.348,35.522,24,28.652,34.677,24,0-100_VAS
prototype,63.692,20.464,27,31.5,35.586,26,0-100_VAS
proverbe,35.88,32.116,27,51.333,35.93,27,0-100_VAS
province,57.852,36.826,27,17.462,25.549,26,0-100_VAS
provision,69.368,29.781,24,12.75,19.314,24,0-100_VAS
proximité,60.833,39.42,27,15.731,27.364,26,0-100_VAS
prude,40.643,35.446,27,24.615,30.908,27,0-100_VAS
prudence,32.12,28.754,27,29.37,28.696,27,0-100_VAS
prune,78.923,23.683,27,24.481,33.898,26,0-100_VAS
pruneau,77.13,25.904,24,19.708,27.331,24,0-100_VAS
prunier,68.154,26.22,27,22.185,31.747,27,0-100_VAS
préavis,34.28,35.639,24,28.68,32.819,25,0-100_VAS
précaution,46.885,34.367,25,35.538,35.148,26,0-100_VAS
précepte,20.652,30.485,23,15.917,28.298,23,0-100_VAS
précipité,51,38.614,24,22.304,31.436,24,0-100_VAS
précis,38,37.14,25,32.741,39.364,27,0-100_VAS
précision,50.44,33.903,24,23.04,31.092,25,0-100_VAS
prédicat,14.625,29.398,24,5.958,15.499,24,0-100_VAS
prédiction,39.12,36.74,24,36.625,39.508,24,0-100_VAS
préface,54.464,31.283,28,20.586,27.318,28,0-100_VAS
préfet,30.36,34.104,24,19.609,32.147,24,0-100_VAS
préférence,32.25,33.76,24,34.5,35.956,24,0-100_VAS
préjugé,46.273,38.849,24,37.762,37.031,24,0-100_VAS
prélude,28.783,33.231,23,25.348,33.353,23,0-100_VAS
prémisse,36.321,34.321,28,26.519,30.813,28,0-100_VAS
prénommé,15.25,22.975,24,21.333,31.083,24,0-100_VAS
préoccupation,46.682,32.922,24,28,32.782,24,0-100_VAS
préparation,54.35,34.491,20,31.2,33.051,20,0-100_VAS
préposition,38.042,33.168,25,22.292,29.739,26,0-100_VAS
présent,36.96,32.323,24,21.24,25.931,25,0-100_VAS
présentation,77.2,23.661,23,57.25,31.197,23,0-100_VAS
présentoir,70.545,29.494,23,19.261,28.739,23,0-100_VAS
président,69.5,29.268,24,23.417,31.932,25,0-100_VAS
prétention,45.345,36.036,28,34.679,35.16,28,0-100_VAS
prétexte,22.9,27.294,20,44.75,39.647,20,0-100_VAS
prévention,36,35.856,25,21.077,29.293,26,0-100_VAS
puberté,69.292,22.926,23,42.783,35.736,23,0-100_VAS
publication,69.793,28.092,28,21.607,29.634,28,0-100_VAS
pudeur,53.962,32.246,27,33.385,33.657,26,0-100_VAS
puissance,61.12,30.364,24,38.087,34.037,24,0-100_VAS
puits,76.125,23.514,24,24.76,29.023,25,0-100_VAS
pull-over,66.64,31.826,24,12.88,24.313,25,0-100_VAS
pulsion,34.042,30.591,24,32.52,32.798,25,0-100_VAS
punition,71.652,32.607,24,50.696,38.814,24,0-100_VAS
pupille,80.846,19.77,27,10.444,17.749,27,0-100_VAS
pupitre,80.5,25.76,27,27.346,38.761,26,0-100_VAS
purgatoire,39.591,39.001,24,20.905,32.196,24,0-100_VAS
purée,80.346,19.528,27,24.407,31.908,27,0-100_VAS
pus,61.296,35.571,27,6,11.947,26,0-100_VAS
puzzle,76.565,25.296,24,11.652,13.127,24,0-100_VAS
pylône,53.786,39.294,27,11.308,18.624,26,0-100_VAS
pyramide,85.04,15.12,27,18.963,27.929,27,0-100_VAS
python,79.727,27.515,24,29.381,38.239,24,0-100_VAS
pâleur,55.042,32.802,24,11,21.921,24,0-100_VAS
pâtisserie,88.85,22.935,24,17,28.707,24,0-100_VAS
pâtre,14.16,26.092,25,15.037,29.145,27,0-100_VAS
pâté,75.5,25.13,28,16.5,24.208,28,0-100_VAS
pédalo,79.111,19.51,28,47.483,33.769,28,0-100_VAS
pélican,82.727,20.783,24,29.571,32.485,24,0-100_VAS
péniche,38.417,42.185,24,13.478,29.457,24,0-100_VAS
péninsule,59.52,31.57,24,23.458,30.08,25,0-100_VAS
pénitencier,68.357,28.025,25,35.423,32.906,27,0-100_VAS
pénurie,47.957,39.11,24,29.583,37.657,24,0-100_VAS
pénétration,76.667,25.272,23,47.217,37.595,23,0-100_VAS
pépin,67.481,33.578,25,17.556,26.923,26,0-100_VAS
pépinière,75.44,25.234,25,34.077,32.601,26,0-100_VAS
péril,40.679,38.048,25,27.885,36.231,26,0-100_VAS
périphérie,64.208,27.677,25,26.259,32.172,27,0-100_VAS
pétale,88.455,19.539,24,6.048,12.266,24,0-100_VAS
pétard,59.217,36.091,23,63.609,41.215,23,0-100_VAS
pétition,65.077,25.838,25,24.808,28.144,26,0-100_VAS
pétrole,70.56,32.803,25,14.769,25.25,26,0-100_VAS
pêcheur,65.565,32.474,23,23.696,29.875,23,0-100_VAS
quadrupède,63.731,30.574,27,12.778,18.232,27,0-100_VAS
qualification,37.192,37.443,27,24.037,35.253,27,0-100_VAS
qualité,59.72,32.901,27,29.654,31.778,26,0-100_VAS
quantité,58.552,33.62,28,21.036,29.073,28,0-100_VAS
querelle,59.556,32.234,27,58.885,37.071,26,0-100_VAS
question,43.136,31.79,24,48.478,37.399,24,0-100_VAS
quille,89.28,14.627,25,73.12,30.348,26,0-100_VAS
quota,29.6,26.935,25,13.962,21.873,27,0-100_VAS
rabais,67.739,38.341,24,28.167,32.686,24,0-100_VAS
rabot,27.826,30.614,24,14.375,23.355,24,0-100_VAS
rabâchage,14.524,27.958,24,10.85,29.148,24,0-100_VAS
rachat,40.172,34.402,28,22.536,29.442,28,0-100_VAS
racine,84.875,17.167,24,13.72,24.284,25,0-100_VAS
raclée,63.222,36.555,25,54.538,38.302,26,0-100_VAS
radeau,70.92,26.977,23,37.087,31.111,23,0-100_VAS
radio,69.385,28.334,25,83.923,22.298,26,0-100_VAS
radioguidage,21.654,30.67,28,30.966,34.801,28,0-100_VAS
rafale,62.16,29.227,24,43.76,35.802,25,0-100_VAS
ragoût,77.963,18.317,28,27.241,29.328,28,0-100_VAS
raid,58.517,35.163,28,44.607,38.919,28,0-100_VAS
raideur,55.375,29.966,25,22.37,26.545,27,0-100_VAS
raie,79.524,26.413,24,6.35,11.992,24,0-100_VAS
rail,79.28,15.747,28,52.966,34.126,28,0-100_VAS
raisin,85.346,22.125,24,19.125,23.013,24,0-100_VAS
raison,35.35,33.205,20,43.1,39.741,20,0-100_VAS
rallye,74.923,21.466,25,49.5,27.25,26,0-100_VAS
rame,62.783,31.843,23,28.174,26.673,23,0-100_VAS
rameau,45.769,37.846,25,13.615,25.251,27,0-100_VAS
rancune,32.96,34.658,24,27.8,34.74,25,0-100_VAS
randonnée,75.333,26.053,24,46.208,36.512,24,0-100_VAS
rançon,44.667,32.536,24,25.75,32.673,24,0-100_VAS
rappel,40.55,33.588,20,44.35,35.855,20,0-100_VAS
rapport,53.909,37.043,24,19.476,28.644,24,0-100_VAS
rapt,19.96,31.959,25,16.333,23.908,26,0-100_VAS
rareté,45.125,38.584,25,19.654,30.911,26,0-100_VAS
rasage,83.63,20.547,28,55.154,37.619,28,0-100_VAS
rasoir,82.862,18.583,28,49.929,31.558,28,0-100_VAS
rat,82.379,14.2,24,48.28,32.408,25,0-100_VAS
ration,50.375,32.332,24,20.957,25.26,24,0-100_VAS
raton,79.231,20.493,24,23.333,25.134,24,0-100_VAS
ravage,67.821,27.862,28,33.036,33.925,28,0-100_VAS
ravin,76.042,25.61,24,12.957,23.272,24,0-100_VAS
rayon,71.417,24.112,24,6.708,12.702,24,0-100_VAS
rayure,76.321,20.369,28,26.31,31.249,28,0-100_VAS
rebond,59.625,34.663,25,36.615,33.919,27,0-100_VAS
recel,28,35.487,25,15.222,24.811,26,0-100_VAS
recette,82.28,28.22,25,30.154,40.416,26,0-100_VAS
recherche,47.042,34.9,24,21.333,27.813,25,0-100_VAS
recommandation,47.24,35.266,25,42.462,34.507,26,0-100_VAS
reconnaissance,50.909,30.796,23,45.727,37.087,23,0-100_VAS
recourbure,44.318,36.524,24,5.857,12.411,24,0-100_VAS
recours,20.417,23.781,24,20.417,28.591,24,0-100_VAS
recrue,61.565,34.571,24,25.739,28.676,24,0-100_VAS
recrutement,45.333,37.715,25,12.192,22.147,26,0-100_VAS
recteur,40,34.583,25,17.148,26.101,27,0-100_VAS
recul,50.105,32.743,20,25.1,34.207,20,0-100_VAS
reflet,75.042,27.379,24,12.583,27.004,24,0-100_VAS
refrain,34.536,37.057,25,63.154,41.095,26,0-100_VAS
refuge,70.269,23.608,25,35.192,32.133,26,0-100_VAS
refus,48.955,34.305,24,46.348,38.45,24,0-100_VAS
registre,42.898,31.333,24,24.6,33.566,25,0-100_VAS
regret,37.083,33.377,25,30.222,33.07,27,0-100_VAS
rejet,54.818,38.465,24,35.143,37.212,24,0-100_VAS
relais,50.227,35.443,24,13.696,20.696,24,0-100_VAS
relativité,29.571,31.549,28,34.69,36.942,28,0-100_VAS
relaxation,69.76,31.674,25,58.667,32.806,27,0-100_VAS
relevé,40.286,38.219,25,7.462,15.358,26,0-100_VAS
relief,69.48,24.061,25,9.115,18.107,27,0-100_VAS
religion,64.32,30.424,24,46.25,37.235,24,0-100_VAS
reliure,66.833,26.322,24,15.25,20.33,24,0-100_VAS
relève,39.375,34.475,24,22.75,28.781,24,0-100_VAS
remboîtage,42.5,29.481,25,24.846,32.615,26,0-100_VAS
remerciement,42.583,41.66,24,63.125,37.794,24,0-100_VAS
remise,48.636,35.666,24,16.667,22.168,24,0-100_VAS
remords,50.292,36.247,25,38.037,38.381,27,0-100_VAS
remorqueur,80.357,20.391,25,32.5,29.162,26,0-100_VAS
remoulage,33.88,39.43,25,4.962,12.842,26,0-100_VAS
remous,60.643,34.064,25,53.074,36.354,27,0-100_VAS
rempart,56.792,38.113,24,16.833,29.632,24,0-100_VAS
remplacement,44.773,32.398,23,25.292,29.561,23,0-100_VAS
renaissance,49.724,30.14,28,26.643,32.193,28,0-100_VAS
renard,90.455,12.561,24,25.619,32.091,24,0-100_VAS
rencontre,61.88,37.146,25,44.148,40.461,27,0-100_VAS
rendement,46.391,37.906,25,21.231,28.212,26,0-100_VAS
renfort,50.375,37.952,24,28.667,36.358,24,0-100_VAS
renne,71.852,30.358,25,28.192,28.1,26,0-100_VAS
renom,31.92,32.129,25,27.88,33.042,26,0-100_VAS
renseignement,36.174,32.907,23,38.565,39.816,23,0-100_VAS
rentrée,59.821,33.234,25,44,33.935,27,0-100_VAS
renvoi,54.182,38.041,24,34.238,37.648,24,0-100_VAS
repas,79.5,24.706,25,46.593,33.486,27,0-100_VAS
repli,43.583,31.285,25,20.926,23.552,27,0-100_VAS
reporter,44.071,35.385,25,31.852,37.078,27,0-100_VAS
repos,67.483,30.601,28,37.821,35.079,28,0-100_VAS
reprise,41.357,32.622,28,30.143,30.648,28,0-100_VAS
reproche,31.154,29.366,28,55.241,37.503,28,0-100_VAS
représentant,63.364,34.827,24,35.318,37.113,24,0-100_VAS
requin,87.2,18.617,25,34.538,34.308,26,0-100_VAS
requête,30.125,29.043,25,35.148,32.356,27,0-100_VAS
respiration,60.28,33.057,25,69.185,28.375,26,0-100_VAS
ressemblance,65.208,32.753,24,25.208,31.559,24,0-100_VAS
ressort,75.7,23.751,20,45.2,35.622,20,0-100_VAS
ressource,51.583,36.577,24,23.708,28.804,24,0-100_VAS
restaurant,84.043,18.965,24,61.652,35.765,24,0-100_VAS
restauration,68.852,28.071,25,52.259,36.337,27,0-100_VAS
reste,56.5,31.521,28,22.037,29.453,28,0-100_VAS
retard,52.655,33.222,25,39.704,34.97,27,0-100_VAS
retentissement,29.583,28.385,24,60.16,32.128,25,0-100_VAS
retenue,69.32,25.908,23,29.792,31.217,23,0-100_VAS
retour,59.607,40.578,25,40.037,37.623,27,0-100_VAS
retrait,61.636,33.055,23,23.792,28.056,23,0-100_VAS
rets,17.286,32.619,25,13.593,31.987,27,0-100_VAS
revanche,41,38.304,25,28.654,38.88,26,0-100_VAS
revolver,80.957,19.736,23,75.591,19.397,23,0-100_VAS
revue,74.407,27.98,25,17.385,29.738,26,0-100_VAS
reçu,62.043,32.836,24,18.292,27.999,24,0-100_VAS
rhinocéros,84.241,14.662,28,26.143,27.738,28,0-100_VAS
ride,81.64,26.879,25,19.692,35.182,26,0-100_VAS
rideau,81.522,21.017,24,29.87,34.788,24,0-100_VAS
rien,42.036,40.352,28,19.259,28.353,28,0-100_VAS
rigole,57.435,32.774,25,56.808,37.352,27,0-100_VAS
rigueur,39.36,35.973,25,30.556,34.178,27,0-100_VAS
rires,68.889,29.979,28,82.464,25.742,28,0-100_VAS
risée,41.538,34.161,25,40.815,33.091,27,0-100_VAS
rituel,69.643,28.84,25,54.037,35.773,27,0-100_VAS
rival,47.038,33.601,24,31.042,31.465,24,0-100_VAS
rivalité,56.174,32.442,25,35.185,34.788,27,0-100_VAS
rizière,53.897,39.24,28,18.357,25.748,28,0-100_VAS
robinet,77.875,27.187,24,63.25,32.015,24,0-100_VAS
robot,76.276,25.225,25,55.423,32.75,27,0-100_VAS
roche,81.667,22.953,24,27.333,30.487,24,0-100_VAS
rocher,86.625,20.121,24,35.217,36.951,24,0-100_VAS
romancier,46.217,36.954,23,25.273,26.83,23,0-100_VAS
romanichel,26.385,33.862,25,18.556,26.432,27,0-100_VAS
romantisme,68.083,34.672,24,45.333,40.871,24,0-100_VAS
rondelle,70.038,28.242,24,27.64,31.717,25,0-100_VAS
rondin,47.423,37.313,25,16.259,25.574,27,0-100_VAS
roquette,70.32,28.793,24,31.96,32.368,25,0-100_VAS
rose,92.143,10.139,25,21.852,31.812,27,0-100_VAS
rosette,64.714,28.828,28,27.138,31.764,28,0-100_VAS
rossignol,62.714,36.611,25,62.074,37.335,27,0-100_VAS
rosée,81,26.052,24,16.542,27.163,24,0-100_VAS
rotule,68.208,32.039,24,13.667,22.48,24,0-100_VAS
roue,78.87,25.257,23,34.609,35.474,23,0-100_VAS
rouet,41.609,38.521,23,22.208,32.412,23,0-100_VAS
rougeur,84.04,22.751,25,7.769,20.148,26,0-100_VAS
rouleau,74.519,25.66,25,22.462,27.618,26,0-100_VAS
roulement,40.918,35.459,24,33.72,35.351,25,0-100_VAS
roulotte,77.852,27.135,25,10.538,18.131,26,0-100_VAS
route,87,19.011,24,39.25,36.08,24,0-100_VAS
royaume,68.958,33.018,25,22.308,29.456,27,0-100_VAS
ruade,42.556,36.063,25,15.889,23.502,26,0-100_VAS
ruban,82.4,20.04,20,12.7,20.563,20,0-100_VAS
rubis,73.05,20.035,20,14.5,24.652,20,0-100_VAS
rubrique,51.76,31.743,24,16.4,21.413,25,0-100_VAS
ruche,85.591,18.036,24,60.19,32.499,24,0-100_VAS
rudesse,49.091,37.216,24,35.238,35.513,24,0-100_VAS
ruelle,80.828,21.22,28,27.857,26.356,28,0-100_VAS
ruisseau,85.5,26.327,25,71,34.073,26,0-100_VAS
rumeur,41.435,36.968,25,53.04,40.923,27,0-100_VAS
rupture,58.04,30.094,24,42.6,37.8,25,0-100_VAS
rythme,46.13,39.906,24,77.696,27.851,24,0-100_VAS
râteau,76.292,28.193,25,31.556,35.345,27,0-100_VAS
règlement,37.579,33.383,24,35.6,36.648,25,0-100_VAS
règles,59.391,32.503,24,37.913,41.605,24,0-100_VAS
réaction,57.8,34.661,24,50.391,32.413,24,0-100_VAS
réalisation,61.217,37.056,24,38.292,40.053,24,0-100_VAS
réalisme,48.136,37.205,24,23.5,30.298,24,0-100_VAS
réalité,49.846,33.25,28,30.769,31.743,28,0-100_VAS
rébellion,54.3,30.203,20,43.8,35.994,20,0-100_VAS
réception,74.357,27.76,25,47.926,32.604,27,0-100_VAS
récipient,75.375,20.312,24,21.04,28.784,25,0-100_VAS
réciprocité,40.083,39.326,24,20.333,25.111,24,0-100_VAS
récit,53.833,32.414,23,57.833,34.314,23,0-100_VAS
réclamation,48.214,30.657,28,43.259,37.234,28,0-100_VAS
récolte,77.042,23.652,23,19.625,21.791,23,0-100_VAS
récompense,58.875,38.81,25,40.346,37.588,26,0-100_VAS
rédaction,65.043,32.135,23,24.458,30.372,23,0-100_VAS
réduit,50.769,37.625,24,18.583,26.01,24,0-100_VAS
réflexe,62.481,33.405,28,31.464,34.366,28,0-100_VAS
réflexion,45.643,27.81,28,32.185,33.195,28,0-100_VAS
réforme,47.739,40.413,24,35.652,37.88,24,0-100_VAS
réfrigérateur,86.042,16.923,23,45.478,32.698,23,0-100_VAS
référence,40.273,33.478,24,27.182,31.657,24,0-100_VAS
régal,73.143,24.971,25,35.704,36.185,27,0-100_VAS
régiment,51.852,27.69,25,29.556,32.65,26,0-100_VAS
région,51.55,29.267,20,17.8,29.076,20,0-100_VAS
réglage,57.24,31.676,25,24.269,30.945,27,0-100_VAS
réglementation,39.875,34.12,23,36.955,39.34,23,0-100_VAS
rémunération,57.32,35.488,23,26.696,30.987,23,0-100_VAS
réparation,72.875,30.977,25,40.444,28.557,27,0-100_VAS
répartition,44.043,35.415,23,37.955,35.107,23,0-100_VAS
répertoire,50.182,36.782,24,18.524,23.428,24,0-100_VAS
répit,58.083,35.286,25,30.692,29.73,27,0-100_VAS
réplique,28.143,29.473,24,52.1,44.388,24,0-100_VAS
république,51.929,33.464,25,41.296,38.202,27,0-100_VAS
réputation,42.304,36.553,24,30,38.689,24,0-100_VAS
répéteur,21.261,24.794,25,36.346,37.326,27,0-100_VAS
répétition,43.958,36.579,24,38.042,36.687,24,0-100_VAS
réseau,54.125,32.717,24,24.875,31.723,24,0-100_VAS
réservation,53.48,37.58,25,43.889,38.549,27,0-100_VAS
réserve,44.154,33.933,25,22.741,30.886,26,0-100_VAS
réservoir,67.222,30.696,25,18.148,26.96,26,0-100_VAS
résidence,80,19.269,25,37.308,37.308,26,0-100_VAS
résine,69.72,28.464,25,23.76,30.231,26,0-100_VAS
résolution,35.96,33.081,25,34.36,37.78,27,0-100_VAS
résumé,49.2,34.911,24,19.417,27.4,24,0-100_VAS
rétention,45.786,34.556,28,28.704,35.249,28,0-100_VAS
rétine,76.75,21.336,28,13.138,17.827,28,0-100_VAS
rétroprojecteur,68,38.171,24,25.409,27.989,24,0-100_VAS
réveil,67.905,33.633,24,56.19,31.47,24,0-100_VAS
réverbère,46.76,39.069,24,14.417,24.141,24,0-100_VAS
révision,56.25,38.641,24,27.208,32.981,24,0-100_VAS
révolte,71.481,27.389,28,54.786,35.255,28,0-100_VAS
révolution,65.48,33.353,25,44.423,40.514,26,0-100_VAS
révélation,44.208,41.077,23,51.609,40.343,23,0-100_VAS
révérence,41.964,32.445,25,24,27.407,27,0-100_VAS
rêverie,67.5,37.334,24,46.875,38.888,24,0-100_VAS
rôle,35.222,34.619,25,19,29.785,26,0-100_VAS
sable,90.462,11.799,25,45.704,40.455,27,0-100_VAS
sablier,85.138,20.849,28,30.143,33.991,28,0-100_VAS
sabotage,50.625,36.834,24,31.16,37.161,25,0-100_VAS
sac,81.346,24.601,25,38.222,34.544,27,0-100_VAS
sachet,77.69,22.191,25,33.393,30.668,27,0-100_VAS
sacoche,79.783,24.243,24,23.542,29.547,24,0-100_VAS
sacrifice,48.12,37.709,25,27.615,36.062,26,0-100_VAS
sadisme,53.292,34.953,24,41.792,35.387,24,0-100_VAS
sagesse,51.517,37.02,28,36.143,37.507,28,0-100_VAS
saisie,50.217,32.784,23,23.13,31.679,23,0-100_VAS
saison,81.72,28.81,25,43.741,35.402,27,0-100_VAS
saisonnier,61.821,30.675,28,35,34.427,28,0-100_VAS
salarié,46.875,37.427,24,25.84,27.402,25,0-100_VAS
salive,68.792,28.071,23,31.083,35.442,23,0-100_VAS
salière,70.167,34.419,24,39.261,33.988,24,0-100_VAS
salon,88.773,18.299,24,26.952,31.734,24,0-100_VAS
salut,59.739,31.812,23,67.174,34.843,23,0-100_VAS
salutation,62.526,34.999,20,60.5,38.406,20,0-100_VAS
sanction,34.037,31.456,25,42.333,37.347,26,0-100_VAS
sanctuaire,72.25,28.894,25,44.815,36.386,27,0-100_VAS
sandwich,85.885,16.585,24,13,19.658,24,0-100_VAS
sang,86,17.997,20,21.45,32.022,20,0-100_VAS
sanglier,74.76,33.291,25,44.731,38.181,26,0-100_VAS
sanglot,70.88,28.552,24,76.542,27.197,24,0-100_VAS
sapin,88.32,17.349,25,30.852,37.154,27,0-100_VAS
sapinière,62,37.247,24,9.905,16.607,24,0-100_VAS
sardine,81.783,20.985,23,24.435,31.14,23,0-100_VAS
satellite,74.478,25.779,23,25.125,25.263,23,0-100_VAS
satire,39.4,38.209,24,18.36,26.009,25,0-100_VAS
saucisse,82.708,24.873,24,30.783,31.92,24,0-100_VAS
saucisson,82.4,23.351,24,11.208,18.528,24,0-100_VAS
saule,64.462,30.363,24,32.333,30.677,24,0-100_VAS
saumon,89.964,14.516,28,29.778,31.303,28,0-100_VAS
sauterelle,85.04,22.751,25,49.654,39.903,26,0-100_VAS
sauvage,57.038,35.695,25,49.519,36.372,27,0-100_VAS
savane,61.962,25.741,24,35.875,32.841,24,0-100_VAS
saveur,37.52,34.246,24,21.44,26.92,25,0-100_VAS
sbire,8.167,21.602,25,4.231,14.935,26,0-100_VAS
scalp,40.84,32.285,25,22.185,31.384,27,0-100_VAS
scalpel,80.56,23.976,24,26.44,31.987,25,0-100_VAS
scandale,61,31.992,24,51.435,34.722,24,0-100_VAS
scaphandrier,52.304,36.578,23,24.435,35.328,23,0-100_VAS
scarabée,69.5,27.025,20,9.7,14.39,20,0-100_VAS
sceau,64.769,32.481,25,25,29.897,27,0-100_VAS
scellage,41.5,30.377,23,21.333,27.557,23,0-100_VAS
schéma,67.96,29.214,24,15.68,26.355,25,0-100_VAS
scie,84.72,17.121,24,69.75,28.977,24,0-100_VAS
science,63.4,30.316,24,33.84,33.856,25,0-100_VAS
scientifique,66.714,29.948,28,25.357,29.773,28,0-100_VAS
scission,32.192,33.196,25,19.654,31.172,26,0-100_VAS
scorpion,77.893,23.099,25,23.192,26.367,27,0-100_VAS
scoutisme,57.4,35.283,24,31.292,34.961,24,0-100_VAS
scrupule,26.875,32.923,25,30.963,33.103,27,0-100_VAS
scrutin,50.875,33.136,24,30.583,34.935,24,0-100_VAS
sculpture,75.954,21.516,24,14.52,20.462,25,0-100_VAS
scénario,56.077,36.405,25,41.269,38.969,26,0-100_VAS
secours,72.037,25.016,25,67.63,29.267,27,0-100_VAS
secousse,46.75,30.68,24,47.833,29.539,24,0-100_VAS
secret,45.292,40.244,24,45.72,34.363,25,0-100_VAS
secrétaire,70.857,31.624,25,25.731,28.583,26,0-100_VAS
secrétariat,72.423,24.533,25,37.407,32.92,27,0-100_VAS
section,55,35.839,24,22.25,26.711,24,0-100_VAS
seigneur,54.56,37.537,24,30,37.75,25,0-100_VAS
sein,83.52,24.374,24,13.56,18.046,25,0-100_VAS
sel,72.333,29.572,24,19.417,28.028,24,0-100_VAS
selle,71.846,31.485,25,35.115,33.95,26,0-100_VAS
sellier,39.261,35.836,24,9.565,16.18,24,0-100_VAS
semelle,69.115,26.963,25,26.037,28.32,27,0-100_VAS
semence,68.8,29.165,20,17.85,31.262,20,0-100_VAS
semonce,8.875,22.728,25,16.333,30.159,27,0-100_VAS
sens,49.24,36,24,27.08,33.499,25,0-100_VAS
sensibilité,50.826,38.395,23,35.375,34.281,23,0-100_VAS
senteur,44.2,35.638,24,23.174,29.15,24,0-100_VAS
sentiment,44.292,40.166,23,41.682,40.578,23,0-100_VAS
sentinelle,55.88,35.596,25,20.885,31.551,26,0-100_VAS
sept,64.759,32.401,25,32.259,34.5,27,0-100_VAS
septembre,55.8,35.472,25,31.222,32.341,27,0-100_VAS
serin,56.5,35.193,25,41.423,39.731,27,0-100_VAS
seringue,87.607,20.291,25,22.926,27.706,27,0-100_VAS
serment,43,34.288,25,45.038,34.837,27,0-100_VAS
sermon,38.28,33.835,24,51.583,39.6,24,0-100_VAS
serpe,51.679,42.273,25,22.778,32.223,27,0-100_VAS
serpent,89.261,13.666,24,68.261,29.027,24,0-100_VAS
serre,73.308,24.92,24,16.52,20.458,25,0-100_VAS
serre-joints,34.917,40.068,25,12.808,28.822,26,0-100_VAS
serviteur,73.444,24.109,28,40.207,36.97,28,0-100_VAS
servitude,36.692,33.399,25,26.37,34.969,27,0-100_VAS
session,41.556,35.142,25,26.731,30.924,27,0-100_VAS
sexe,76.276,30.062,28,68.964,32.421,28,0-100_VAS
sextant,35.955,39.722,24,6.905,15.843,24,0-100_VAS
shampooing,73.292,20.688,24,30.04,34.568,25,0-100_VAS
siamois,77.385,21.775,24,14.13,18.555,24,0-100_VAS
sifflement,36.778,26.962,28,87.897,12.863,28,0-100_VAS
signal,52.731,31.775,24,48.583,38.572,24,0-100_VAS
signature,83.417,19.889,25,18.481,27.915,27,0-100_VAS
silencieux,40.56,37.087,23,61.217,38.908,23,0-100_VAS
silhouette,71.6,26.497,24,15.52,24.485,25,0-100_VAS
sillage,41.75,37.962,20,19.4,29.228,20,0-100_VAS
sillon,42.115,36.846,25,12.852,23.535,26,0-100_VAS
silo,50.84,34.367,24,19.64,26.61,25,0-100_VAS
simplicité,40.385,38.477,25,25.481,34.73,27,0-100_VAS
simulation,52,36.839,25,33.462,35.02,26,0-100_VAS
sincérité,41.25,39.2,28,35.214,32.26,28,0-100_VAS
singe,88.083,18.54,25,66.846,32.118,27,0-100_VAS
sinistre,66.76,28.987,25,43.222,36.064,27,0-100_VAS
sirop,80.6,29.64,25,24.154,37.923,26,0-100_VAS
sirène,78.808,23.671,25,82.852,23.961,27,0-100_VAS
site,58.12,35.716,24,17.32,22.856,25,0-100_VAS
situation,33.769,32.465,25,34.852,34.1,27,0-100_VAS
six,61.32,34.785,25,16.385,28.205,26,0-100_VAS
skieuse,81.36,24.327,24,42.04,37.206,25,0-100_VAS
snob,64.464,31.346,28,34.179,35.63,28,0-100_VAS
soeurette,58.56,38.921,24,41.25,37.729,24,0-100_VAS
sofa,78.391,30.515,23,22.87,32.833,23,0-100_VAS
soif,43.077,36.374,25,19.741,26.272,26,0-100_VAS
sol,67.76,30.956,24,27.208,33.16,24,0-100_VAS
sole,51.556,38.735,25,2.885,9.937,26,0-100_VAS
soleil,92.643,11.265,25,32.37,38.191,27,0-100_VAS
solidarité,56.154,40.253,24,42.042,39.154,24,0-100_VAS
solidité,67.087,36.544,24,30.217,31.882,24,0-100_VAS
solitaire,61.842,30.952,20,24.474,27.346,20,0-100_VAS
solitude,60.815,32.92,28,40.103,34.178,28,0-100_VAS
solution,42.69,34.179,28,26.071,34.07,28,0-100_VAS
solvabilité,26.2,29.609,20,19.35,25.732,20,0-100_VAS
sombrero,75.577,29.376,25,39.111,37.537,27,0-100_VAS
sommaire,56.92,29.696,25,23.08,26.169,26,0-100_VAS
somme,49.448,30.221,28,19.464,27.261,28,0-100_VAS
sommeil,65.391,32.582,24,42.958,35.966,24,0-100_VAS
sommier,59.083,35.827,24,8.042,13.421,24,0-100_VAS
somnambule,68.417,30.577,24,31.174,32.655,24,0-100_VAS
son,34.414,32.621,25,83.037,24.322,27,0-100_VAS
sonate,20.593,22.491,28,45.793,38.872,28,0-100_VAS
sondage,58.56,39.487,25,26.654,35.689,26,0-100_VAS
songe,48.458,34.694,25,29.885,31.804,27,0-100_VAS
sonnerie,36.083,36.678,24,86.542,20.471,24,0-100_VAS
sonnette,65.52,30.848,25,84.111,20.811,27,0-100_VAS
sonorité,33.261,38.511,23,59.565,38.207,23,0-100_VAS
sorbet,81.103,23.553,28,18.821,29.16,28,0-100_VAS
sorcier,76.429,22.371,28,34.536,37.575,28,0-100_VAS
sorte,35.407,34.977,25,20.154,24.088,27,0-100_VAS
sortie,66.6,39.779,25,27.038,39.015,26,0-100_VAS
sottise,28.115,28.94,25,39.593,36.327,27,0-100_VAS
soucoupe,81.043,18.016,25,41.28,35.213,26,0-100_VAS
soudure,69.875,21.487,25,59.407,34.079,27,0-100_VAS
souffle,48.12,35.248,25,71.769,29.048,26,0-100_VAS
soufflé,62.28,34.372,24,36.4,33.198,25,0-100_VAS
souhait,53.414,37.588,28,41.179,38.935,28,0-100_VAS
soulagement,50.414,35.628,25,58.593,27.511,27,0-100_VAS
soulier,83.034,19.54,28,46.464,39.569,28,0-100_VAS
soulèvement,60.696,30.238,23,40.045,34.835,23,0-100_VAS
soumission,48.087,35.609,23,33.087,37.406,23,0-100_VAS
soupape,43.115,31.765,25,25.556,31.555,27,0-100_VAS
soupe,79.76,26.788,25,22.074,26.798,27,0-100_VAS
soupir,41.12,31.89,25,82.704,20.464,27,0-100_VAS
souplesse,75.304,34.498,24,24.333,30.584,24,0-100_VAS
soupçon,31.346,32.425,25,24.889,35.588,27,0-100_VAS
sourcil,84.52,24.019,25,14.444,27.672,27,0-100_VAS
sourd-muet,63.069,29.416,28,28.679,30.199,28,0-100_VAS
sourire,89,20.573,24,22.381,26.703,24,0-100_VAS
souris,87.217,15.917,23,57.042,33.21,23,0-100_VAS
soutane,40.739,37.465,23,7.609,18.1,23,0-100_VAS
soute,38.538,34.507,25,14.407,19.359,27,0-100_VAS
souterrain,75.32,17.909,25,33.63,35.762,27,0-100_VAS
soutien,49.48,34.851,25,34.407,35.839,27,0-100_VAS
souvenirs,68.821,33.901,25,50.037,40.161,27,0-100_VAS
spaghetti,89.87,12.941,24,42.167,36.898,24,0-100_VAS
sparadrap,43.414,39.778,25,12.423,25.782,26,0-100_VAS
spatule,88.042,18.728,25,25.76,32.335,26,0-100_VAS
spectacle,81.92,32.075,25,76.615,36.155,26,0-100_VAS
spectateur,83.464,21.614,25,61.444,34.908,27,0-100_VAS
sperme,77.538,21.584,25,28.259,37.95,27,0-100_VAS
sphinx,77.769,25.852,25,19.296,24.693,26,0-100_VAS
spirale,79.143,21.106,28,23.517,26.527,28,0-100_VAS
splendeur,67,32.089,23,33.25,32.932,23,0-100_VAS
spontanéité,58.864,38.501,24,41.091,40.755,24,0-100_VAS
spore,36.458,29.792,24,15.28,22.737,25,0-100_VAS
spécialiste,55.92,35.395,24,22.28,35.013,25,0-100_VAS
spécialité,42.704,32.003,28,31.483,31.918,28,0-100_VAS
spécification,29.621,34.285,28,26.214,30.918,28,0-100_VAS
spécimen,53.393,35.453,25,9.385,22.823,26,0-100_VAS
squelette,87.185,14.587,25,16.038,21.027,26,0-100_VAS
stade,67.308,25.117,25,31.038,33.134,26,0-100_VAS
stage,46.28,37.884,25,34.111,36.502,27,0-100_VAS
stalactite,49.862,44.146,28,13.179,25.005,28,0-100_VAS
standard,32.88,30.425,24,17.24,23.456,25,0-100_VAS
station,73.833,26.1,24,44.08,35.978,25,0-100_VAS
statistique,60.885,30.843,25,23.192,32.096,27,0-100_VAS
stature,47.958,35.669,25,15.692,23.557,27,0-100_VAS
statut,50.292,40.073,25,9.231,16.621,26,0-100_VAS
steak,88.435,18.488,24,32.542,33.904,24,0-100_VAS
stimulant,56.643,36.117,25,35.385,33.471,27,0-100_VAS
stimulation,58.043,33.666,24,37.375,39.444,24,0-100_VAS
stimulus,43.952,38.31,24,35.75,42.409,24,0-100_VAS
stratégie,62.76,33.229,25,37.074,37.138,27,0-100_VAS
stress,46.783,33.912,24,36.48,36.402,25,0-100_VAS
structure,66.28,27.005,24,27.583,34.327,24,0-100_VAS
studio,73.64,21.633,25,49.852,34.067,27,0-100_VAS
stupeur,27.72,34.247,25,26.731,30.893,26,0-100_VAS
stupéfiant,60.917,33.551,24,35.625,37.342,24,0-100_VAS
stylo,80.643,18.401,28,42.552,33.379,28,0-100_VAS
stèle,43.5,40.136,25,18.259,27.281,27,0-100_VAS
stéthoscope,76,26.371,25,37.556,35.612,27,0-100_VAS
submersion,42.174,36.304,23,30.826,35.533,23,0-100_VAS
substance,51.862,29.876,25,21.481,25.281,27,0-100_VAS
subvention,51.143,37.078,25,31.815,33.472,27,0-100_VAS
succession,41.042,36.772,24,19.48,27.306,25,0-100_VAS
succès,52.231,37.854,24,47.583,41.224,24,0-100_VAS
sucette,80,23.556,24,28.792,36.432,24,0-100_VAS
sucre,71.625,29.038,26,15.76,19.417,26,0-100_VAS
sucrerie,75.652,28.788,23,14.609,21.861,23,0-100_VAS
sucrier,70.25,26.443,28,33.276,32.974,28,0-100_VAS
suffixe,32.042,32.834,24,18.917,25.602,24,0-100_VAS
suggestion,34.542,31.894,24,32.87,37.276,24,0-100_VAS
suif,37.857,38.675,24,4.571,10.911,24,0-100_VAS
sujet,34.821,31.645,26,11.423,18.116,26,0-100_VAS
sumo,69.115,31.244,26,29.407,27.669,27,0-100_VAS
supercherie,35.913,30.76,24,25.478,32.109,24,0-100_VAS
supplice,47.846,35.697,26,51.346,37.738,27,0-100_VAS
supplément,51.375,35.695,26,23.423,29.251,27,0-100_VAS
support,64.292,27.621,23,42.087,33.184,23,0-100_VAS
supposition,27.72,24.342,24,27.458,32.995,24,0-100_VAS
supériorité,52.75,35.422,28,32.444,34.426,28,0-100_VAS
surdité,50.542,40.889,23,41.522,35.76,23,0-100_VAS
surplus,56.931,29.752,28,14.107,22.553,28,0-100_VAS
surprise,63.4,34.161,25,67.889,32.954,27,0-100_VAS
sursaut,63.292,30.833,24,57.88,30.147,25,0-100_VAS
surveillance,55.042,35.349,24,19.333,20.62,24,0-100_VAS
survie,54.348,36.28,23,25.348,34.655,23,0-100_VAS
survol,54.345,34.142,25,23.923,29.44,26,0-100_VAS
suspens,39.739,36.296,24,36.25,38.533,24,0-100_VAS
suspension,54.125,33.226,25,37.5,36.108,27,0-100_VAS
suédois,55.458,36.122,23,34.261,37.119,23,0-100_VAS
syllabe,47.952,36.327,23,40.542,38.983,23,0-100_VAS
sympathie,51.913,37.421,25,45.038,37.579,27,0-100_VAS
symétrie,72.583,34.548,25,4.308,11.246,26,0-100_VAS
syndicat,51.207,33.607,28,43.107,36.237,28,0-100_VAS
synonyme,41.591,37.778,24,24.304,33.182,24,0-100_VAS
synthèse,44.962,33.318,25,25.593,32.666,26,0-100_VAS
sécateur,49.036,36.736,28,33.966,32.041,28,0-100_VAS
séchage,55.692,28.308,24,41.32,36.048,25,0-100_VAS
sécheresse,76.393,20.653,28,23.179,30.186,28,0-100_VAS
sécheuse,83.655,23.48,28,74.857,28.374,28,0-100_VAS
séchoir,83.333,24.142,28,82.259,28.314,28,0-100_VAS
séducteur,71.92,29.395,23,45.708,36.417,23,0-100_VAS
séduction,64.808,37.025,24,45.417,39.177,24,0-100_VAS
séjour,63.318,40.624,24,39.524,39.84,24,0-100_VAS
sélection,47.25,34.673,24,23.042,34.645,24,0-100_VAS
séminaire,56.731,32.561,24,36.917,33.764,24,0-100_VAS
sénat,52.72,28.4,24,31.08,33.135,25,0-100_VAS
sénateur,50.115,29.161,25,22.778,32.159,27,0-100_VAS
séparation,62.148,30.802,25,40,33.681,26,0-100_VAS
séquence,62.375,30.469,23,31.609,30.259,23,0-100_VAS
sérieux,43.963,37.152,25,20.577,33.422,26,0-100_VAS
sérum,53.6,35.075,20,15.9,26.018,20,0-100_VAS
sérénité,48.077,37.271,25,43.815,40.422,27,0-100_VAS
sévérité,44.75,29.391,28,43.517,34.109,28,0-100_VAS
sûreté,58.552,31.447,28,23.357,23.986,28,0-100_VAS
tabassée,60.292,38.24,25,46.37,35.602,27,0-100_VAS
tabatière,29.25,35.507,24,10.625,24.094,24,0-100_VAS
table,88.75,17.699,24,21.333,29.506,24,0-100_VAS
tablette,82.773,22.966,24,19.952,29.292,24,0-100_VAS
tabou,39.655,32.294,28,30.778,36.506,28,0-100_VAS
tache,72.2,27.421,25,24.074,36.354,27,0-100_VAS
tact,30.708,34.929,24,35.72,37.079,25,0-100_VAS
talent,56.321,37.626,25,44.704,38.411,27,0-100_VAS
talisman,45,39.492,24,4.952,11.461,24,0-100_VAS
talon,77.826,25.101,24,62.739,32.473,24,0-100_VAS
talus,30.391,33.854,24,10.261,23.018,24,0-100_VAS
tam-tam,88.8,17.55,25,92.038,13.289,26,0-100_VAS
tambour,80.043,18.823,23,88.042,13.905,23,0-100_VAS
tamis,59.083,35.01,24,14.75,20.735,24,0-100_VAS
tampon,81.414,18.382,28,22,31.49,28,0-100_VAS
tante,77.28,29.762,24,41,36.571,25,0-100_VAS
taon,39.069,40.191,28,34.893,38.004,28,0-100_VAS
tapioca,62.64,30.462,25,16.407,29.122,27,0-100_VAS
tapisserie,83.292,21.688,24,21.87,28.906,24,0-100_VAS
tarif,58.52,29.626,27,29.308,31.662,26,0-100_VAS
tartare,74.917,27.193,27,19.846,28.122,27,0-100_VAS
tas,56.5,33.662,23,24.167,33.094,23,0-100_VAS
tasse,83.5,18.321,23,38.818,34.51,23,0-100_VAS
tatou,71.929,30.473,28,39.034,34.49,28,0-100_VAS
taudis,77.586,25.709,28,37.786,34.077,28,0-100_VAS
taupe,55.435,36.779,24,10.792,15.223,24,0-100_VAS
taureau,82.826,20.158,23,47.182,33.343,23,0-100_VAS
taxi,81.333,21.445,24,39.5,35.841,24,0-100_VAS
technicien,65.5,31.999,24,25.87,29.196,24,0-100_VAS
technique,39.207,34.503,27,16.692,28.694,26,0-100_VAS
technologie,73.538,35.256,27,48.556,40.233,27,0-100_VAS
teinte,65.32,28.568,27,12.852,23.201,27,0-100_VAS
tek,26.64,35.373,24,8.292,19.439,25,0-100_VAS
tempo,45.481,38.134,27,54.192,37.441,26,0-100_VAS
temporalité,28.182,26.082,23,24.208,32.277,23,0-100_VAS
tempérament,32.5,35.08,27,34.407,36.677,26,0-100_VAS
température,62.556,31.501,24,23.87,30.228,24,0-100_VAS
tempête,86.739,12.934,23,57.833,30.875,23,0-100_VAS
tendance,45.13,38.133,23,23.565,28.872,23,0-100_VAS
tendon,65.048,31.706,24,8.714,14.585,24,0-100_VAS
tendresse,68.964,31.386,28,48.893,39.015,28,0-100_VAS
tension,55.87,33.437,24,35.75,35.228,24,0-100_VAS
tentacule,78.478,24.087,23,18.083,28.625,23,0-100_VAS
tentation,49,38.494,25,23.654,33.028,26,0-100_VAS
tente,85.034,13.752,25,41.185,33.79,27,0-100_VAS
tenue,67.654,31.764,25,17.185,24.96,27,0-100_VAS
terminal,63.769,33.755,25,36.37,35.09,27,0-100_VAS
terminus,72.05,27.961,20,40.55,32.4,20,0-100_VAS
terrasse,86.926,17.62,25,34.577,35.69,26,0-100_VAS
terreur,57.75,38.348,24,42,35.359,24,0-100_VAS
terrier,68.8,20.944,24,27.217,32.238,24,0-100_VAS
terrorisme,77.609,33.119,24,64.652,41.44,24,0-100_VAS
testament,73.478,25.984,23,22.167,29.285,23,0-100_VAS
testostérone,46.208,37.439,24,28.125,35.137,24,0-100_VAS
thermomètre,87.12,14.937,25,31.2,39.086,26,0-100_VAS
thermos,78.72,21.396,24,24.25,32.815,24,0-100_VAS
thermostat,76.25,25.36,24,28,35.961,25,0-100_VAS
thyroïde,35.286,29.404,28,17.393,25.918,28,0-100_VAS
thème,37.304,34.511,24,26.5,31.013,24,0-100_VAS
thé,84.5,18.311,25,31.846,40.685,26,0-100_VAS
tibia,74.913,24.585,23,14.696,25.899,23,0-100_VAS
ticket,80.409,26.944,24,15.095,20.102,24,0-100_VAS
tige,68.36,28.51,25,7.385,14.716,26,0-100_VAS
timbale,55.519,34.963,25,67.556,37.322,27,0-100_VAS
timbre,84.517,17.15,25,21.741,31.368,27,0-100_VAS
timidité,58.28,34.078,25,33.704,36.072,27,0-100_VAS
tintamarre,32.571,31.175,25,50.111,41.252,27,0-100_VAS
tirage,62.64,31.659,25,32.185,34.877,26,0-100_VAS
tirelire,84.72,15.763,23,61.565,24.334,23,0-100_VAS
tiret,55.5,27.493,25,18.519,26.842,27,0-100_VAS
tiroir,76.821,19.154,28,44.586,35.356,28,0-100_VAS
tisane,76.091,30.97,24,23.727,31.085,24,0-100_VAS
tison,55.731,35.632,24,36.08,34.946,25,0-100_VAS
tissage,67,33.08,24,15.043,20.359,24,0-100_VAS
titre,46.269,33.184,25,20.519,32.247,27,0-100_VAS
titulaire,38.957,37.151,24,20.5,30.039,24,0-100_VAS
toc,45.357,34.71,25,36.704,35.334,27,0-100_VAS
toiture,80.045,20.882,24,23.174,29.788,24,0-100_VAS
tomate,92.44,14.292,23,21.478,29.545,23,0-100_VAS
tombeau,82.52,21.947,25,28.926,35.073,27,0-100_VAS
tombée,67.6,28.997,24,39.542,35.689,24,0-100_VAS
tome,57.609,33.452,24,23,33.257,24,0-100_VAS
ton,40,36.446,26,62.519,32.123,27,0-100_VAS
tonique,44.345,34.707,25,29.222,29.102,27,0-100_VAS
tonneau,75.48,23.094,24,17.125,19.659,24,0-100_VAS
tonnerre,60.25,40.334,25,85.542,23.008,24,0-100_VAS
toque,57.44,32.489,24,21.292,22.762,24,0-100_VAS
torche,73.208,24.795,26,25.667,32.597,27,0-100_VAS
torchon,78.786,26.335,26,29.889,38.997,27,0-100_VAS
tornade,80.423,22.502,26,63.481,27.722,27,0-100_VAS
torpeur,26.37,29.094,29,19.667,25.898,28,0-100_VAS
torpille,64.375,32.707,23,36.391,32.167,23,0-100_VAS
torrent,62.821,39.449,28,53.481,38.394,28,0-100_VAS
torsion,61.917,29.15,23,22.913,28.026,23,0-100_VAS
tortue,88.56,17.01,26,23.185,30.527,27,0-100_VAS
torture,73.069,28.321,28,65.321,32.887,28,0-100_VAS
total,55.846,41.638,28,31.536,34.385,28,0-100_VAS
totalité,38.714,36.817,26,8.769,17.75,26,0-100_VAS
totem,66.696,33.119,23,23.217,30.782,23,0-100_VAS
toucan,75.208,31.62,24,46.6,33.629,25,0-100_VAS
toupie,81.621,18.963,28,29.929,30.49,28,0-100_VAS
tourbillon,72.955,23.768,23,32.458,31.201,23,0-100_VAS
tourbière,35.591,32.636,24,3.524,8.704,24,0-100_VAS
tourelle,42.28,38.445,23,16.708,30.102,23,0-100_VAS
tourisme,74.708,29.006,24,42.292,38.02,24,0-100_VAS
tourment,43.296,39.928,26,38.111,38.492,27,0-100_VAS
tournage,69.125,32.411,24,57.609,34.281,24,0-100_VAS
tournant,60.966,30.354,28,24.357,28.356,28,0-100_VAS
tourne-disque,68.304,25.441,24,74.75,30.05,24,0-100_VAS
tournesol,86.241,18.99,28,16.464,25.51,28,0-100_VAS
tournevis,76.417,25.583,24,22.75,28.828,24,0-100_VAS
tourniquet,86.12,15.725,25,48.885,36.59,26,0-100_VAS
tournoi,56.3,30.962,22,43.55,34.323,20,0-100_VAS
tournée,56.783,36.591,23,36.522,36.653,23,0-100_VAS
tourterelle,62.348,33.459,24,36.696,36.34,23,0-100_VAS
toutou,85,24.555,28,32.036,37.193,28,0-100_VAS
toux,48.36,39.712,24,77.04,32.362,25,0-100_VAS
tracas,34.423,32.195,25,25.444,28.68,27,0-100_VAS
traction,42.5,34.591,25,16.6,26.382,26,0-100_VAS
tracé,63.231,31.863,24,24.542,35.864,24,0-100_VAS
tradition,59,27.939,24,54.826,26.956,24,0-100_VAS
traduction,46.913,37.81,23,47.348,38.338,23,0-100_VAS
trafic,80.04,25.745,25,63,30.116,24,0-100_VAS
tragédie,57.739,32.453,24,38.957,34.86,24,0-100_VAS
tragédien,47.583,37.978,23,41,38.186,23,0-100_VAS
trahison,49.435,36.785,25,42.038,39.881,27,0-100_VAS
traite,31.393,31.946,28,22.607,30.939,28,0-100_VAS
traitement,56.4,32.972,25,28.519,35.245,27,0-100_VAS
traité,42.286,29.318,28,32.517,28.845,28,0-100_VAS
trampoline,87.818,18.718,24,51.958,36.178,24,0-100_VAS
tranchant,71.08,27.8,25,34.481,34.591,27,0-100_VAS
tranchée,62.852,32.678,25,33,31.343,26,0-100_VAS
tranquillité,58.125,32.776,24,39.52,38.591,25,0-100_VAS
transaction,52.04,34.778,25,29.407,29.456,27,0-100_VAS
transfert,35.8,31.378,25,7.462,14.481,26,0-100_VAS
transformation,66.143,29.093,28,28.962,30.646,28,0-100_VAS
transistor,32.348,31.547,24,17.87,28.925,23,0-100_VAS
transport,83.652,17.668,23,55.739,29.188,23,0-100_VAS
trappe,60.625,30.479,25,30.192,34.222,27,0-100_VAS
travailleur,58.815,36.589,25,21.269,30.478,26,0-100_VAS
travers,34.103,27.93,25,12.077,19.139,26,0-100_VAS
traversier,74.655,27.754,28,47.25,30.664,28,0-100_VAS
traversée,62.74,31.718,24,18.32,22.013,25,0-100_VAS
travée,18.5,27.592,25,3.231,10.069,26,0-100_VAS
traîne,57.5,30.592,20,17.95,27.649,20,0-100_VAS
treillis,55.545,39.673,25,13.905,27.864,24,0-100_VAS
tremblement,71.64,27.554,27,48.038,35.32,26,0-100_VAS
triage,60.818,31.362,25,17.739,24.225,24,0-100_VAS
triangle,89.179,16.191,27,46.815,39.172,27,0-100_VAS
tribu,68.333,23.183,28,43.586,30.939,28,0-100_VAS
tribunal,63,27.211,20,48.579,30.495,20,0-100_VAS
tribune,59.958,32.723,27,46.36,34.313,26,0-100_VAS
tricot,86.609,15.585,24,24.696,27.508,24,0-100_VAS
trimestre,39.04,33.97,27,22.259,31.284,27,0-100_VAS
trio,72.043,31.903,24,27.13,33.564,24,0-100_VAS
triomphe,63.5,32.755,23,40.708,35.33,23,0-100_VAS
tristesse,67.36,33.636,27,56.667,36.775,27,0-100_VAS
trombone,79.833,23.985,27,38.148,40.824,27,0-100_VAS
trompette,85.048,19.333,24,84.6,24.682,24,0-100_VAS
tronc,79.75,24.337,24,12.625,23.666,24,0-100_VAS
trottinette,84.786,16.324,27,57.185,31.193,27,0-100_VAS
trottoir,85.75,16.69,28,35.63,35.484,27,0-100_VAS
troupeau,76.321,24.498,27,34.115,30.943,26,0-100_VAS
trousse,77.875,18.061,24,25.083,29.836,24,0-100_VAS
truc,43.069,32.241,28,25.357,30.652,28,0-100_VAS
truelle,38.826,36.168,24,18.435,26.587,24,0-100_VAS
trèfle,80.107,20.81,28,23.724,32.416,28,0-100_VAS
trésor,76.444,34.047,27,18.538,26.109,26,0-100_VAS
trône,80.84,20.024,23,18.667,29.623,23,0-100_VAS
tuba,80.379,23.246,26,50.778,35.288,27,0-100_VAS
tube,78.179,19.619,25,33.741,31.767,27,0-100_VAS
tuile,75.85,20.818,20,17.7,22.25,20,0-100_VAS
tulipe,86.208,18.238,24,5.208,7.746,24,0-100_VAS
tumeur,56.962,37.519,25,26.926,35.507,26,0-100_VAS
tumulte,33.565,30.173,25,27.913,35.265,24,0-100_VAS
tunique,71.154,18.872,24,15.042,23.564,24,0-100_VAS
tunnel,79.846,19.283,24,45.667,34.603,24,0-100_VAS
tuque,83.893,18.6,26,22.667,30.964,27,0-100_VAS
turbine,61.391,27.455,25,52.148,34.15,27,0-100_VAS
tympan,47.346,32.203,24,43.68,40.16,25,0-100_VAS
télescope,85.792,23.887,24,16.375,25.695,24,0-100_VAS
télégramme,62.957,32.961,23,57.045,36.18,23,0-100_VAS
téléphone,72.923,32.986,24,74.76,28.388,25,0-100_VAS
téléspectateur,76.462,29.654,24,65.375,31.543,24,0-100_VAS
téléviseur,90.448,14.224,28,80.643,28.524,28,0-100_VAS
témoignage,44.364,37.924,23,52.182,39.066,23,0-100_VAS
ténacité,41.034,35.57,28,20.857,30.781,28,0-100_VAS
ténèbres,57.954,32.146,24,26.04,31.006,25,0-100_VAS
tétine,79.25,23.786,25,34.423,37.136,27,0-100_VAS
têtard,66.077,28.835,25,25.963,32.459,27,0-100_VAS
tête,80.36,24.095,25,23.074,32.398,27,0-100_VAS
ulcère,56.087,33.33,23,21.273,33.265,23,0-100_VAS
unicité,39.857,34.743,26,32.654,34.094,27,0-100_VAS
uniforme,80.72,28.204,25,12.846,23.287,26,0-100_VAS
union,62.292,29.687,25,42.333,34.59,26,0-100_VAS
unisson,40.667,33.735,25,42.571,41.116,24,0-100_VAS
urgence,55.92,32.6,25,47.36,35.195,25,0-100_VAS
urine,77.423,20.377,24,54.542,33.573,24,0-100_VAS
urne,77.24,24.308,24,18.12,26.181,25,0-100_VAS
usage,43.5,35.351,25,27.538,29.3,26,0-100_VAS
usure,56.75,35.809,24,14.167,23.898,24,0-100_VAS
utilisation,36.586,29.602,28,20.964,26.556,28,0-100_VAS
vacance,78.815,24.952,25,63.038,32.291,27,0-100_VAS
vacances,80.731,28.288,25,56.519,34.104,27,0-100_VAS
vacarme,46.565,33.946,23,73.667,27.32,23,0-100_VAS
vaccin,83.957,16.375,24,25.167,30.358,24,0-100_VAS
vaccination,81.81,24.772,24,11.952,19.13,24,0-100_VAS
vache,86.292,17.972,23,70.375,24.689,23,0-100_VAS
vague,85.261,18.83,25,85.481,19.486,27,0-100_VAS
vaisseau,71.48,25.206,25,22.458,27.702,24,0-100_VAS
vaisselier,58.923,32.685,26,21.667,21.685,27,0-100_VAS
valeur,38.042,35.209,24,25.583,33.905,24,0-100_VAS
valise,89.864,16.214,24,40.957,35.46,24,0-100_VAS
vallon,30.125,31.089,26,10.556,22.519,27,0-100_VAS
vallée,66.087,27.121,23,21.826,28.568,23,0-100_VAS
vanille,72.346,26.975,26,22.038,25.641,27,0-100_VAS
vanité,46.208,32.214,24,30.48,33.428,25,0-100_VAS
vapeur,80.63,15.894,25,36.593,33.441,27,0-100_VAS
variation,55.88,32.289,25,33.88,34.016,26,0-100_VAS
variété,58.542,37.127,25,23.792,31.086,24,0-100_VAS
vase,79.208,27.107,24,19.542,32.311,24,0-100_VAS
vedette,72.778,26.114,25,41.731,29.83,27,0-100_VAS
velours,73.565,17.666,23,21.227,24.136,23,0-100_VAS
vendeur,71.76,27.875,26,52,33.735,26,0-100_VAS
vendredi,55.28,36.097,26,32.48,38.033,26,0-100_VAS
vengeance,43.44,37.876,25,33.75,39.038,24,0-100_VAS
venin,63.682,37.2,24,28.81,37.705,24,0-100_VAS
ventre,77.292,25.335,24,24.458,27.683,24,0-100_VAS
venue,45.5,31.021,26,21.821,25.643,27,0-100_VAS
ver,63.687,29.793,24,19.72,26.785,25,0-100_VAS
verbe,37.679,31.856,28,41.034,35.618,28,0-100_VAS
verdict,39.8,35.954,25,45.2,39.482,25,0-100_VAS
verge,56.808,33.208,24,17.24,21.974,25,0-100_VAS
verger,78.625,26.296,24,42.13,35.318,24,0-100_VAS
verglas,86.84,16.943,24,28.5,27.513,24,0-100_VAS
vernis,72.346,28.637,25,20.12,29.644,25,0-100_VAS
vernissage,67.208,31.253,24,19.72,22.625,25,0-100_VAS
verrière,49.885,39.162,24,11.2,19.95,25,0-100_VAS
verrou,74.043,27.91,24,44.217,37.788,24,0-100_VAS
versant,45.125,33.956,23,31.609,34.963,23,0-100_VAS
version,40.957,29.936,23,26.417,31.363,23,0-100_VAS
vertu,23.667,33.946,26,18.038,27.905,26,0-100_VAS
vertèbre,65.963,31.768,26,21.692,30.503,26,0-100_VAS
veste,77.917,18.893,26,16.885,22.93,27,0-100_VAS
vestiaire,76,23.4,26,35.769,28.049,27,0-100_VAS
vestibule,67.679,27.788,25,26.148,31.579,27,0-100_VAS
vestige,47.409,36.604,25,11.857,21.784,24,0-100_VAS
veston,84.52,25.181,25,7.269,21.389,26,0-100_VAS
viaduc,83.481,17.075,25,30.778,33.964,27,0-100_VAS
viande,78.321,22.726,28,32.759,32.388,28,0-100_VAS
vice-président,54,31.923,25,22.481,32.304,27,0-100_VAS
victime,70.625,25.548,26,38.72,37.74,26,0-100_VAS
victoire,62.091,37.179,23,62.348,32.403,23,0-100_VAS
videur,47.583,33.327,23,19.958,27.103,23,0-100_VAS
vidéo,84.346,25.83,25,74.037,32.631,27,0-100_VAS
vie,71.24,37.306,25,49.8,39.851,26,0-100_VAS
vieillard,85.92,16.573,25,50.304,32.951,24,0-100_VAS
vieillesse,68.174,35.036,23,29.478,35.639,23,0-100_VAS
vigilance,50.357,35.81,28,34.571,37.837,28,0-100_VAS
vigile,41.08,30.239,24,23.522,26.387,24,0-100_VAS
vignette,65.1,27.499,20,15.8,26.885,20,0-100_VAS
vigueur,21.36,29.132,28,16.84,29.507,26,0-100_VAS
villa,76,21.66,28,32.517,37.269,28,0-100_VAS
vin,89.808,17.96,27,48.481,41.815,27,0-100_VAS
viol,56.231,37.131,27,40.111,33.043,26,0-100_VAS
violence,76.28,29.134,27,61,38.788,26,0-100_VAS
violette,78.84,24.784,23,18.13,28.378,23,0-100_VAS
violon,81.913,18.404,24,95.391,8.343,24,0-100_VAS
vipère,63.538,36.87,28,38.296,34.378,26,0-100_VAS
virage,78.583,24.447,23,39.955,32.425,23,0-100_VAS
virgule,79.679,24.163,28,18.111,22.131,28,0-100_VAS
virilité,64.56,29.211,27,40.778,37.215,27,0-100_VAS
virtuosité,42.138,32.89,28,35.107,37.817,28,0-100_VAS
virulence,34.261,35.498,24,33.182,39.727,23,0-100_VAS
virus,54.56,37.362,27,22.385,29.76,26,0-100_VAS
visage,86.731,21.706,27,18.852,32.12,27,0-100_VAS
viscosité,61.964,30.191,28,31.333,29.789,28,0-100_VAS
visibilité,54.607,28.38,27,16.077,23.215,26,0-100_VAS
visite,69.385,32.317,27,44.778,37.249,27,0-100_VAS
visiteuse,63.957,34.956,25,28,32.986,24,0-100_VAS
visée,43.2,35.609,24,16.68,22.274,25,0-100_VAS
vitamine,67.25,25.76,23,22.083,29.327,23,0-100_VAS
vitesse,68.154,32.036,27,55.296,37.117,27,0-100_VAS
vitrail,87.28,24.337,27,11.308,23.986,26,0-100_VAS
vitre,80.391,21.775,24,20.304,27.294,24,0-100_VAS
vocation,44.364,40.616,24,22.217,33.958,24,0-100_VAS
voeu,45.577,31.524,25,41.778,35.737,27,0-100_VAS
voile,76.85,25.5,20,36.25,38.178,20,0-100_VAS
voilette,37.107,39.747,28,20.185,29.037,28,0-100_VAS
voilier,85.682,19.477,25,60,33.382,26,0-100_VAS
voisin,66.87,34.685,23,45.696,39.86,23,0-100_VAS
voisinage,71.5,29.435,24,50.875,38.222,24,0-100_VAS
voix,42.435,35.67,23,81.667,30.256,23,0-100_VAS
volaille,80.857,19.283,28,61.793,31.11,28,0-100_VAS
volcan,85.292,18.963,25,53.417,33.86,24,0-100_VAS
volet,57.923,34.035,25,28.63,31.294,27,0-100_VAS
volontaire,55.8,31.185,20,32.9,35.065,20,0-100_VAS
volonté,36.448,32.75,28,30.107,33.723,28,0-100_VAS
volt,56.625,29.717,25,35,34.391,26,0-100_VAS
voltage,55.12,32.598,25,33.292,29.246,24,0-100_VAS
volume,44.077,32.608,24,52.68,38.779,25,0-100_VAS
volupté,40.148,42.156,25,21.63,32.587,27,0-100_VAS
voyageur,73.481,35.191,25,35.077,36.438,26,0-100_VAS
voyelle,50.154,33.046,24,50.167,36.34,24,0-100_VAS
voûte,59.167,30.806,24,14.208,23.125,24,0-100_VAS
vue,63.72,34.662,25,18.185,29.71,27,0-100_VAS
vulgarité,45.793,37.28,28,60.393,36.556,28,0-100_VAS
vulve,76.5,23.56,24,27.28,33.901,25,0-100_VAS
végétal,70.75,28.862,20,15.25,25.598,20,0-100_VAS
véhicule,81.167,21.408,23,65.435,33.654,23,0-100_VAS
vélo,86.36,17.974,25,43.115,32.395,27,0-100_VAS
vérification,45.667,34.037,24,21.5,23.326,24,0-100_VAS
vérité,30.407,35.166,26,31.769,37.439,26,0-100_VAS
wagon,84.321,16.38,25,50.038,35.094,26,0-100_VAS
wok,69.625,36.014,25,35.375,36.402,24,0-100_VAS
yacht,78.25,18.637,23,37.739,33.617,23,0-100_VAS
yak,27.304,30.014,26,14.885,25.368,27,0-100_VAS
yod,17.138,30.647,25,6.769,16.503,27,0-100_VAS
yoyo,88.5,13.429,25,38.042,34.455,26,0-100_VAS
zoo,84.964,23.237,26,71.444,30.465,27,0-100_VAS
zèbre,81.7,21.672,20,22.65,19.738,20,0-100_VAS
âge,55.321,37.625,25,34.037,37.753,27,0-100_VAS
âme,30.5,34.709,25,18.714,28.548,24,0-100_VAS
âne,87.893,21.5,28,76.607,27.281,28,0-100_VAS
âtre,19.292,32.256,24,9.25,19.152,24,0-100_VAS
ébullition,76.286,23.808,27,65.423,28.825,26,0-100_VAS
écaille,76.455,18.513,23,19.364,24.705,23,0-100_VAS
écart,50.16,29.533,27,18.519,22.227,27,0-100_VAS
échalote,83.44,22.187,27,17.808,30.684,27,0-100_VAS
échange,53.843,29.62,24,33.08,30.508,25,0-100_VAS
écharpe,88.217,15.949,24,15.5,29.627,24,0-100_VAS
échauffement,63.846,26.594,27,26.111,29.595,26,0-100_VAS
échec,60.48,31.031,24,32.8,34.214,25,0-100_VAS
échelle,81.958,20.905,24,11.292,15.023,24,0-100_VAS
échine,31.56,32.592,27,12,25.067,26,0-100_VAS
échiquier,61.478,38.395,23,21.478,23.46,23,0-100_VAS
éclair,83.375,17.837,27,53.5,37.479,27,0-100_VAS
éclairage,85.32,20.623,24,22.08,32.646,25,0-100_VAS
éclaircie,77.586,23.719,28,19.75,30.475,28,0-100_VAS
éclat,64,33.996,23,39,34.747,23,0-100_VAS
éclatement,54.652,32.606,24,53.792,35.866,24,0-100_VAS
éclosion,73.792,31.047,24,26.917,31.621,24,0-100_VAS
école,79,26.164,24,49.68,36.818,25,0-100_VAS
écolier,75.125,27.583,24,42.25,41.574,24,0-100_VAS
économie,64.154,30.638,27,31.654,36.645,26,0-100_VAS
économique,46.286,37.514,27,18.769,26.177,26,0-100_VAS
écorce,70.269,29.362,27,25.444,31.722,26,0-100_VAS
écoute,57.36,37.097,27,57.5,41.787,26,0-100_VAS
écouteur,80.542,27.16,24,79.958,25.847,24,0-100_VAS
écrevisse,65.643,26.462,28,16.185,19.906,28,0-100_VAS
écritoire,43.76,36.464,27,15.926,27.271,27,0-100_VAS
écrivain,66.8,30.181,27,27.519,31.26,27,0-100_VAS
écrou,57.423,32.946,27,16.926,25.991,27,0-100_VAS
écu,41.815,39.302,27,29.037,38.964,26,0-100_VAS
écueil,27.783,33.169,24,9.13,19.377,24,0-100_VAS
écume,62.846,29.088,24,27.28,27.807,25,0-100_VAS
écureuil,90.833,12.586,24,45.375,36.024,24,0-100_VAS
écurie,82.179,22.218,27,60.519,35.299,27,0-100_VAS
écusson,67.077,27.443,27,22,30.932,26,0-100_VAS
édifice,83.167,22.44,24,22.6,28.734,25,0-100_VAS
édition,43.88,30.401,24,17.16,24.753,25,0-100_VAS
édredon,53.966,39.422,28,17.786,28.274,28,0-100_VAS
égalité,60.889,33.972,28,40.552,40.148,28,0-100_VAS
églantine,34.077,32.855,28,18.241,26.252,28,0-100_VAS
église,80.458,25.97,27,60.462,35.653,27,0-100_VAS
égoïsme,47.846,32.174,28,46.821,35.732,28,0-100_VAS
élaboration,37.231,31.958,24,21.125,25.287,24,0-100_VAS
élan,55.84,35.431,27,9.077,15.144,26,0-100_VAS
élastique,83.75,19.54,27,28.885,33.873,26,0-100_VAS
électrode,61.654,33.779,27,24.556,25.891,26,0-100_VAS
électron,53.111,30.973,28,25.464,29.224,28,0-100_VAS
élite,59.75,36.009,27,26.963,32.344,27,0-100_VAS
éloge,47.679,35.701,27,62.296,32.132,27,0-100_VAS
éloquence,27.625,33.292,27,37.154,40.607,26,0-100_VAS
élève,73.64,27.486,24,37.68,38.425,25,0-100_VAS
élégance,82.542,20.128,24,32.56,36.184,25,0-100_VAS
élément,57.111,31.543,27,18.222,27.465,27,0-100_VAS
éléphant,85.3,14.079,20,63.1,34.867,20,0-100_VAS
émail,72.448,24.087,28,24.571,35.935,28,0-100_VAS
émeraude,72.5,33.946,23,10.739,21.68,23,0-100_VAS
émission,71.5,33.718,27,55.154,39.529,26,0-100_VAS
émoi,42.071,34.461,28,34.963,35.02,28,0-100_VAS
émotion,47.379,33.795,28,39.393,33.895,28,0-100_VAS
énergie,52.522,35.994,23,34.739,33.541,23,0-100_VAS
énigme,53.071,34.668,28,50.75,39.572,28,0-100_VAS
épaisseur,62.091,33.675,24,9,15.21,24,0-100_VAS
épargne,53.875,39.194,24,15.958,26.735,24,0-100_VAS
épaule,83.821,18.97,27,8.962,16.573,26,0-100_VAS
épave,70.172,33.275,28,14.464,23.804,28,0-100_VAS
éperon,26.217,33.517,23,18.87,31.327,23,0-100_VAS
épi,51.217,37.868,23,10.826,20.755,23,0-100_VAS
épicerie,75.136,28.335,23,51.455,33.849,23,0-100_VAS
épidémie,54,34.299,27,26.593,30.348,27,0-100_VAS
épinards,89.111,16.745,28,21.269,28.049,28,0-100_VAS
épine,77.692,26.375,27,20.407,27.58,26,0-100_VAS
épinette,54.759,35.301,28,21.25,28.655,28,0-100_VAS
épingle,77.414,21.848,28,17.714,22.38,28,0-100_VAS
épisode,67.56,34.529,27,46.519,40.966,27,0-100_VAS
éponge,79.739,22.278,24,24.5,33.623,24,0-100_VAS
épopée,38.6,32.796,24,30.36,31.974,25,0-100_VAS
époque,50.786,31.48,28,21.964,27.891,28,0-100_VAS
épouse,62.241,32.569,27,34.593,30.963,27,0-100_VAS
épouvantail,79.926,19.321,28,25.655,31.32,28,0-100_VAS
époux,71.037,34.015,28,51.483,37.074,28,0-100_VAS
épreuve,57.643,34.057,27,35.333,36.647,27,0-100_VAS
éprouvette,75.296,25.136,27,9.231,15.993,26,0-100_VAS
épée,85.565,22.444,24,47.652,39.469,24,0-100_VAS
équerre,63.417,35.151,24,5.913,12.269,24,0-100_VAS
équilibre,51.56,31.632,24,23.8,25.511,25,0-100_VAS
équipage,67.75,28.039,20,28,30.098,20,0-100_VAS
équipement,58.13,34.342,23,17,22.563,23,0-100_VAS
équitation,82.481,17.432,27,60.885,31.507,26,0-100_VAS
équité,46.625,37.793,24,28.75,35.375,24,0-100_VAS
équivalent,32.963,30.578,28,17,23.292,28,0-100_VAS
érable,84.615,22.042,27,25.185,33.47,27,0-100_VAS
éruption,71.577,27.539,27,46.259,36.902,27,0-100_VAS
étable,74.8,27.458,20,43.15,37.704,20,0-100_VAS
établi,48.652,31.995,23,16.652,22.745,23,0-100_VAS
établissement,65.643,22.861,28,18.778,21.403,28,0-100_VAS
étagère,80.517,22.954,27,8.846,22.567,26,0-100_VAS
étalon,72,23.492,28,37.179,33.484,28,0-100_VAS
étamine,31.571,39.544,27,11.852,26.304,27,0-100_VAS
étang,79,17.798,20,36.65,36.876,20,0-100_VAS
étape,44.37,31.828,28,33.897,33.31,28,0-100_VAS
étendue,55.8,33.606,27,20,26.348,26,0-100_VAS
étincelle,81.455,25.886,24,28.571,31.761,24,0-100_VAS
étoffe,48.345,35.637,28,15.786,25.127,28,0-100_VAS
étoile,89.143,16.689,24,3.9,7.684,24,0-100_VAS
étonnement,60.591,37.287,24,49.714,37.888,24,0-100_VAS
étourderie,28.36,32.697,27,20.889,30.432,27,0-100_VAS
étourdissement,69.069,20.103,25,32.185,26.43,27,0-100_VAS
étranger,66.292,33.792,24,24.28,30.807,25,0-100_VAS
étreinte,59.862,36.304,28,24.964,31.525,28,0-100_VAS
étrier,41.783,35.971,23,21.739,31.443,23,0-100_VAS
étui,77.308,25.639,25,18.593,26.297,26,0-100_VAS
été,85.476,24.637,24,59.3,38.483,24,0-100_VAS
évacuation,65.042,27.954,24,44.88,37.099,25,0-100_VAS
évaluation,56.542,35.576,23,36.182,36.259,23,0-100_VAS
évasion,64.826,31.683,23,28.391,35.414,23,0-100_VAS
éveil,58.857,31.352,25,27.6,25.552,27,0-100_VAS
éventail,81.357,24.724,28,34.296,36.068,28,0-100_VAS
éviction,44.13,36.965,23,32.045,35.214,23,0-100_VAS
évidence,27.609,34.435,23,25.913,33.606,23,0-100_VAS
évier,78.607,19.124,28,51.276,32.227,28,0-100_VAS
événement,58.364,38.219,24,50.708,36.485,24,0-100_VAS
évêque,70,26.507,23,37.773,33.71,23,0-100_VAS
îlot,81.357,24.538,28,25.815,33.779,28,0-100_VAS
