simplified,traditional,pinyin,english,pos,pos_cat,visual,auditory,gustatory,olfactory,tactile,interoceptive,leg_foot,hand_arm,mouth_throat,head,torso,visual_sd,auditory_sd,gustatory_sd,olfactory_sd,tactile_sd,interoceptive_sd,leg_foot_sd,hand_arm_sd,mouth_throat_sd,head_sd,torso_sd,embodiment,embodiment_sd
吉日,吉日,jírì,auspicious day,Na,Noun,3.0,1.5,1.35,1.05,1.3,2.85,0.95,1.05,1.0,1.3,1.15,1.45,1.24,1.46,1.24,1.52,1.71,1.16,1.4,1.22,1.42,1.42,1.57,1.84
上午,上午,shàngwǔ,morning,Nd,Noun,3.6,1.85,1.45,1.55,1.35,2.45,1.75,1.5,1.0,1.25,1.15,1.39,1.49,1.47,1.66,1.42,1.53,1.51,1.47,1.0,1.37,1.35,1.52,2.2
走出,走出,zǒuchū,go out,VCL,Verb,2.95,2.2,1.2,1.4,1.9,2.15,4.6,3.65,1.15,2.25,4.1,1.75,1.81,1.66,1.66,1.7,1.62,0.8,1.46,1.71,1.73,1.09,4.78,1.53
夕阳,夕陽,xīyáng,sunset,Na,Noun,4.55,1.5,0.75,0.85,0.75,2.8,0.85,0.75,0.7,1.35,1.35,0.67,1.66,1.18,1.28,1.04,1.83,1.06,0.99,1.14,1.49,1.53,1.09,1.69
早餐,早餐,zǎocān,breakfast,Na,Noun,3.6,1.5,4.5,3.9,2.7,2.95,1.0,2.65,3.8,2.15,1.45,1.32,1.43,0.67,1.04,1.52,1.24,1.22,1.74,1.54,1.71,1.4,3.35,1.88
航空,航空,hángkōng,aviation,Na,Noun,3.45,3.1,1.0,0.95,1.5,2.0,1.2,1.25,0.85,1.15,1.2,1.36,1.51,1.61,1.43,1.66,1.55,1.4,1.44,1.39,1.19,1.29,1.87,1.54
到达,到達,dàodá,arrive,VCL,Verb,2.95,1.8,0.75,0.95,1.5,2.45,3.4,2.35,0.95,1.75,2.45,1.83,1.75,1.18,1.47,1.47,1.53,1.32,1.77,1.12,1.58,1.77,3.7,1.76
火炬,火炬,huǒjù,torch,Na,Noun,4.3,1.7,1.1,1.7,2.25,1.55,1.1,2.2,0.95,1.55,1.55,0.78,1.65,1.55,1.65,1.44,1.28,1.51,1.72,1.32,1.72,1.6,2.17,1.86
生物,生物,shēngwù,organism,Na,Noun,3.45,2.4,1.4,1.7,2.7,1.85,1.3,1.5,1.15,1.3,1.25,1.43,1.46,1.56,1.35,1.45,1.53,1.49,1.6,1.35,1.49,1.34,3.35,1.46
柔和,柔和,róuhé,soft,A,Adjective,2.65,1.75,0.9,1.05,2.7,3.15,1.2,1.55,1.0,1.5,1.55,1.46,1.76,1.18,1.12,1.65,1.65,1.36,1.8,1.55,1.83,1.83,2.61,1.71
出身,出身,chūshēn,origin,VJ,Verb,1.9,1.2,0.55,1.05,1.3,2.85,1.15,1.15,0.9,1.3,1.5,1.95,1.66,0.92,1.47,1.76,1.77,1.53,1.49,1.37,1.71,1.72,2.91,1.95
频道,頻道,píndào,channel,Na,Noun,3.7,3.2,0.75,0.65,0.65,1.65,0.75,0.8,0.65,1.25,0.85,1.62,1.78,1.13,1.28,1.11,1.28,1.13,1.25,1.11,1.48,1.15,1.04,1.78
选手,選手,xuǎnshǒu,contestant,Na,Noun,3.25,1.7,0.8,0.8,1.45,1.5,2.15,2.5,1.05,1.75,2.1,1.73,1.68,1.4,1.21,1.66,1.5,1.74,1.88,1.6,1.61,1.7,3.26,2.31
留下,留下,liúxià,leave,VC,Verb,2.85,1.75,1.25,1.05,1.35,2.4,2.4,1.85,0.7,1.3,1.6,1.74,1.84,1.67,1.53,1.65,1.69,1.74,1.62,1.0,1.45,1.43,2.78,1.91
锣鼓,鑼鼓,luógǔ,gongs and drums,Na,Noun,3.25,4.65,0.75,0.85,2.6,2.05,1.6,2.8,1.05,2.3,2.4,1.58,0.57,1.41,1.46,1.71,1.43,1.83,1.86,1.43,1.85,1.69,2.26,1.67
强调,強調,qiángdiào,emphasize,VE,Verb,1.8,3.2,0.95,1.05,0.95,3.2,1.0,1.4,2.25,2.15,2.1,1.78,1.89,1.5,1.47,1.36,1.72,1.26,1.28,1.84,1.65,1.7,2.26,1.87
乌鸦,烏鴉,wūyā,crow,Na,Noun,4.05,3.65,0.55,1.05,1.25,1.3,1.0,0.85,0.7,1.4,1.25,1.02,1.35,1.07,1.32,1.55,1.35,1.45,1.35,1.14,1.8,1.58,0.7,1.37
差异,差異,chāyì,difference,Na,Noun,3.0,2.3,2.25,2.05,2.1,2.25,1.0,0.9,1.0,1.05,1.1,1.84,1.93,1.84,1.88,1.92,1.51,1.38,1.45,1.48,1.47,1.45,1.09,1.44
死,死,sǐ,die,VH,Adjective,3.6,2.1,1.9,1.9,2.1,3.85,1.8,1.7,1.7,1.75,1.9,1.77,1.95,1.95,1.84,1.73,1.35,1.94,1.95,1.93,2.02,1.84,3.74,1.75
推出,推出,tuīchū,roll out,VC,Verb,2.95,2.0,1.45,1.5,2.2,1.85,2.25,3.35,1.45,1.25,2.6,1.6,1.9,1.75,1.75,1.83,1.56,1.76,1.71,1.5,1.48,1.77,2.57,1.69
调和,調和,tiáohé,reconcile,VH,Adjective,2.8,2.05,2.2,1.5,1.55,3.0,1.4,1.55,1.55,1.7,1.85,1.72,1.83,1.63,1.66,1.53,1.52,1.62,1.6,1.75,1.71,1.9,2.3,2.05
排斥,排斥,páichì,rejection,VC,Verb,2.35,1.95,1.6,1.4,1.95,3.75,1.6,1.55,1.55,1.9,2.1,1.65,1.75,1.59,1.69,1.6,1.37,1.71,1.4,1.69,1.73,1.37,2.3,1.8
冗长,冗長,rǒngcháng,lengthy,VH,Adjective,2.5,2.3,1.05,0.75,1.15,3.65,1.1,1.15,1.5,1.35,1.65,2.09,2.03,1.69,1.34,1.62,1.39,1.34,1.35,1.63,1.39,1.68,1.26,1.26
改变,改變,gǎibiàn,change,VC,Verb,2.85,1.9,1.5,1.45,1.45,3.5,1.3,1.5,1.35,1.55,1.5,1.74,1.76,1.66,1.69,1.6,1.28,1.52,1.69,1.68,1.72,1.57,2.57,1.69
因果,因果,yīnguǒ,cause and effect,Na,Noun,1.7,1.25,0.9,1.0,1.25,3.1,1.05,1.05,1.3,1.5,1.35,1.73,1.58,1.51,1.52,1.79,1.58,1.56,1.6,1.65,1.72,1.62,2.17,1.61
风,風,fēng,wind,Na,Noun,1.8,3.15,0.9,1.05,2.7,2.5,1.65,1.65,1.5,1.95,1.95,1.91,1.68,1.45,1.47,1.73,1.8,1.8,1.59,1.69,1.86,1.86,1.52,1.89
盖头,蓋頭,gàitou,hijab,Na,Noun,3.95,1.2,1.0,0.95,2.6,2.15,0.75,1.85,0.9,3.45,2.25,1.43,1.44,1.55,1.47,1.69,1.56,1.22,1.71,1.26,1.5,1.58,3.26,2.05
使命,使命,shǐmìng,mission,Na,Noun,1.75,1.45,0.85,1.1,1.45,3.65,1.75,1.8,1.65,2.05,2.1,1.89,1.75,1.28,1.67,1.86,1.65,1.84,1.72,1.74,1.83,1.89,2.74,2.07
消失,消失,xiāoshī,disappear,VA,Verb,3.9,2.35,1.45,1.45,1.75,2.9,1.65,1.7,1.35,1.6,1.65,1.48,1.62,1.5,1.4,1.64,1.84,1.9,1.87,1.77,1.77,1.74,2.04,1.73
表现,表現,biǎoxiàn,performance,VC,Verb,3.45,2.1,1.0,0.95,1.5,2.35,2.2,2.15,1.75,2.15,2.7,1.86,1.84,1.52,1.53,1.86,1.68,1.75,1.88,1.76,1.62,1.65,3.0,2.11
牙医,牙醫,yáyī,dentist,Na,Noun,2.52,2.38,3.05,2.57,3.19,2.38,1.19,1.24,4.14,2.43,1.05,1.59,1.84,1.7,1.43,1.62,1.73,1.62,1.63,1.39,1.73,1.25,3.57,2.28
几乎,幾乎,jīhū,almost,Da,Adverb,0.9,0.57,0.48,0.38,1.19,2.24,0.52,0.48,0.52,0.57,0.52,1.31,1.0,0.91,0.79,1.59,1.77,0.96,0.79,0.85,1.0,1.01,1.13,1.54
呢喃,呢喃,nínán,whisper,VA,Verb,1.57,3.95,0.24,0.29,0.48,1.95,0.29,0.33,2.9,1.43,0.71,1.43,1.43,0.53,0.63,0.96,1.65,0.55,0.56,1.95,1.92,1.12,3.43,2.06
作文,作文,zuòwén,composition,Na,Noun,3.14,0.9,0.38,0.57,1.1,2.14,0.38,2.67,0.76,0.95,1.38,1.75,1.31,0.9,1.05,1.57,1.83,0.72,1.89,1.11,1.29,1.7,2.13,2.19
问题,問題,wèntí,question,Na,Noun,1.48,3.0,0.57,0.67,1.05,2.52,0.33,0.86,1.9,1.33,1.29,1.43,1.88,1.29,1.43,1.68,1.71,0.84,1.21,1.77,1.46,1.35,1.7,1.9
操场,操場,cāochǎng,playground,Nc,Noun,3.62,2.14,0.67,1.52,1.67,1.62,3.52,3.1,1.43,1.86,3.38,1.33,1.86,1.52,1.89,1.73,1.79,1.56,1.66,1.68,2.01,1.65,1.96,2.18
凶手,兇手,xiōngshǒu,murderer,Na,Noun,2.81,1.86,0.9,1.05,1.52,3.24,1.95,1.86,1.48,1.57,2.14,1.79,1.88,1.57,1.59,1.84,1.87,1.84,1.81,1.84,1.84,1.88,3.13,2.29
基础,基礎,jīchǔ,abc,Na,Noun,1.0,0.62,0.33,0.52,0.57,1.38,0.71,0.57,0.33,0.33,0.48,1.38,1.0,0.64,1.01,0.9,1.62,1.24,1.05,0.78,0.78,0.96,1.26,1.62
糕点,糕點,gāodiǎn,pastry,Na,Noun,3.81,0.9,4.67,4.0,2.76,2.38,0.71,1.71,3.38,1.67,0.95,1.33,1.51,0.56,1.35,1.63,1.62,1.24,1.69,1.62,1.7,1.21,2.09,2.26
方,方,fāng,square,A,Adjective,3.67,0.29,0.14,0.19,1.57,1.19,0.48,0.48,0.19,0.52,0.48,1.75,0.7,0.47,0.5,1.92,1.74,1.14,1.14,0.5,1.05,1.14,0.52,1.28
加工,加工,jiāgōng,process,VB,Verb,2.57,1.86,1.43,1.33,2.29,1.43,1.86,3.14,0.86,1.48,2.33,1.89,1.83,1.71,1.73,2.0,1.76,2.03,1.52,1.25,1.84,1.75,3.13,2.15
购物,購物,gòuwù,shopping,VA,Verb,3.9,2.33,0.86,1.57,3.19,2.24,3.05,3.48,0.95,1.95,3.0,1.23,2.01,1.49,1.87,1.79,1.87,1.65,1.47,1.5,2.06,1.75,3.96,1.9
条件,條件,tiáojiàn,condition,Na,Noun,0.71,0.81,0.19,0.19,0.48,2.38,0.33,0.24,0.48,0.33,0.29,1.24,1.26,0.59,0.59,1.01,1.7,0.78,0.61,0.96,0.78,0.63,1.74,1.67
洋洋,洋洋,yángyáng,copious,A,Adjective,1.62,0.57,0.48,0.38,0.24,1.57,0.24,0.24,0.19,0.19,0.19,1.7,0.85,1.01,0.9,0.53,1.79,0.61,0.68,0.5,0.39,0.5,0.83,1.34
烟灰,菸灰,yānhuī,gray,Noun,Noun,3.71,0.29,1.19,3.81,1.48,1.48,0.19,0.76,0.9,0.43,0.38,1.48,0.7,1.65,1.56,1.37,1.53,0.59,1.23,1.27,0.79,0.84,1.3,1.52
思维,思維,sīwéi,thinking,Na,Noun,1.1,0.75,0.65,0.55,1.0,3.8,0.55,0.6,0.75,1.65,0.6,1.45,1.13,1.19,0.92,1.52,1.29,0.97,0.97,1.13,1.49,0.97,3.61,2.04
条理,條理,tiáolǐ,organizational,Na,Noun,2.3,0.55,0.4,0.5,1.4,2.9,1.0,1.55,0.7,0.85,1.3,2.03,1.24,0.92,1.07,1.69,1.76,1.58,1.63,1.31,1.19,1.52,2.83,2.2
正确,正確,zhèngquè,correct,VH,Adjective,1.4,0.8,0.6,0.7,0.6,2.95,0.7,0.7,0.75,0.7,0.7,1.69,1.33,1.2,1.23,1.02,1.77,1.35,1.31,1.26,1.19,1.31,1.74,1.92
保安,保安,bǎoān,security guard,Na,Noun,3.1,1.9,0.4,0.55,0.9,1.9,1.45,1.55,1.1,1.35,1.65,1.58,1.76,1.07,1.32,1.45,1.73,1.75,1.8,1.51,1.77,1.8,3.39,2.28
玄学,玄學,xuánxué,metaphysics,Na,Noun,1.1,0.85,0.3,0.5,0.95,2.9,0.5,0.5,0.6,0.7,0.55,1.61,1.49,0.78,1.12,1.6,1.61,1.24,1.02,1.02,1.14,0.97,2.0,1.96
行,行,xíng,ok,VA,Verb,1.6,1.2,0.25,0.45,0.8,2.15,2.75,1.75,0.55,0.9,2.4,1.74,1.4,0.62,1.02,1.44,1.71,1.81,1.64,1.02,1.45,1.88,2.09,2.04
电话,電話,diànhuà,telephony,Na,Noun,2.45,4.05,0.3,0.3,1.6,1.55,0.95,2.5,3.0,2.1,1.65,1.75,1.36,1.1,1.1,1.83,1.66,1.4,1.47,1.67,1.67,1.68,2.57,2.0
风扇,風扇,fēngshàn,fan,Na,Noun,2.6,2.65,0.3,0.55,2.55,2.4,0.6,0.6,0.5,0.8,0.9,1.69,1.77,1.1,1.16,1.96,1.93,1.28,1.02,1.02,1.17,1.22,1.65,1.66
再见,再見,zàijiàn,goodbye,VB,Verb,2.4,2.0,0.2,0.25,1.4,2.65,1.85,2.7,1.95,1.9,1.85,1.77,2.0,0.4,0.43,1.85,1.8,1.74,1.68,1.8,1.7,1.68,2.83,2.06
时代,時代,shídài,era,Na,Noun,1.55,1.05,0.55,0.75,0.55,2.1,0.35,0.4,0.4,0.3,0.35,1.69,1.63,1.07,1.26,1.07,1.81,0.79,0.97,0.97,0.64,0.79,1.48,1.95
入学,入學,rùxué,admission,VA,Verb,2.5,1.7,0.2,0.55,1.25,2.55,1.85,1.6,1.35,1.25,1.6,1.86,1.85,0.87,0.97,1.55,1.66,1.56,1.5,1.56,1.55,1.66,3.17,1.97
不同,不同,bùtóng,different,VH,Adjective,2.45,1.9,1.7,1.9,1.9,2.75,0.45,0.45,0.55,0.7,0.65,1.8,1.73,1.73,1.67,1.67,1.89,0.86,0.86,0.92,1.1,1.06,1.17,1.69
张力,張力,zhānglì,tension,Na,Noun,2.0,0.75,0.2,0.2,1.45,2.45,0.85,1.05,0.7,0.95,0.9,1.73,0.89,0.51,0.68,1.83,1.72,1.39,1.4,1.38,1.53,1.34,1.52,1.74
难关,難關,nánguān,difficulty,Na,Noun,1.5,0.8,0.4,0.45,1.0,3.25,1.3,1.2,1.0,1.1,1.25,1.75,1.21,0.8,0.86,1.3,1.58,1.31,1.29,1.41,1.45,1.34,1.17,1.74
义气,義氣,yìqì,loyalty,Na,Noun,1.1,0.75,0.2,0.3,0.65,3.25,0.7,0.8,0.7,0.6,0.6,1.51,1.44,0.6,0.9,1.28,1.61,1.19,1.25,1.1,1.02,1.02,2.91,2.1
欧洲,歐洲,ōuzhōu,europe,Nc,Noun,3.2,2.05,1.9,0.95,1.0,2.95,1.0,1.05,1.15,1.1,1.05,1.63,1.63,1.76,1.36,1.22,1.53,1.34,1.43,1.42,1.41,1.32,1.35,1.92
跳,跳,tiào,jump,VA,Verb,2.7,1.55,0.45,0.6,1.85,1.75,4.65,3.1,1.0,1.85,3.9,1.79,1.56,0.92,1.2,1.88,1.61,0.65,1.73,1.34,1.8,1.45,4.78,1.59
理念,理念,lǐniàn,idea,Na,Noun,0.65,0.5,0.3,0.3,0.7,3.65,0.35,0.3,0.65,0.6,0.3,1.01,0.74,0.78,0.78,1.27,1.56,0.79,0.71,1.01,0.92,0.71,2.83,1.9
行人,行人,xíngrén,pedestrian,Na,Noun,3.3,1.75,0.35,0.85,0.85,1.25,2.95,2.25,0.9,1.75,2.25,1.58,1.76,0.79,1.15,1.15,1.26,1.69,1.51,1.18,1.76,1.58,3.96,2.03
绣球,繡球,xiùqiú,hydrangea,Na,Noun,3.9,0.45,0.25,0.55,2.45,1.5,0.95,1.9,0.55,1.0,1.7,1.18,0.8,0.77,1.24,1.69,1.4,1.32,1.51,1.07,1.22,1.68,1.74,1.98
痛,痛,tòng,painful,A,Adjective,0.95,0.7,0.5,0.45,3.75,4.2,1.15,1.3,1.15,1.2,1.25,1.02,1.0,1.12,0.97,1.7,1.17,1.49,1.52,1.46,1.4,1.51,3.83,1.9
花坛,花壇,huātán,flower bed,Na,Noun,4.45,0.5,0.9,3.1,2.15,2.0,0.65,0.7,0.45,0.65,0.75,0.67,1.02,1.48,1.55,1.56,1.79,1.11,1.27,0.8,1.19,1.22,1.26,1.82
纯情,純情,chúnqíng,innocent,VH,Adjective,1.65,1.05,0.5,0.55,1.0,4.1,0.7,0.65,0.7,0.7,0.65,1.56,1.47,1.2,1.24,1.45,1.04,1.1,1.01,1.1,1.0,1.06,2.48,2.06
幼儿,幼兒,yòuér,child,Na,Noun,3.9,3.0,0.85,2.2,2.8,2.95,1.85,1.9,1.5,1.95,1.95,1.26,1.82,1.59,1.78,1.66,1.66,1.77,1.76,1.63,1.72,1.77,3.39,2.35
乐队,樂隊,yuèduì,band,Na,Noun,3.8,4.7,0.3,0.4,0.85,2.3,1.8,2.25,2.25,2.25,2.3,1.36,0.56,0.78,0.8,1.06,1.49,1.78,1.84,1.97,1.81,1.82,3.22,2.38
充满,充滿,chōngmǎn,full,VJ,Verb,2.65,1.15,1.0,0.95,1.25,3.1,0.45,0.45,0.5,0.35,0.45,1.77,1.35,1.18,1.12,1.61,1.41,0.97,0.97,0.97,0.91,0.97,1.65,1.76
数量,數量,shùliàng,quantity,Na,Noun,3.05,0.6,0.35,0.35,1.4,1.8,0.4,0.65,0.4,0.4,0.4,1.66,1.02,0.85,0.79,1.43,1.47,0.8,1.01,0.8,0.8,0.8,1.09,1.69
草包,草包,cǎobāo,straw bag,Na,Noun,2.8,0.8,0.65,1.15,1.5,2.05,0.45,0.75,0.6,0.6,0.7,1.5,1.03,1.15,1.68,1.57,1.77,0.86,1.44,1.11,1.11,1.14,1.17,1.61
定案,定案,dìngàn,conclusion,VB,Verb,1.75,1.15,0.3,0.3,0.4,2.6,0.55,0.55,0.7,0.6,0.5,1.64,1.39,0.78,0.78,0.92,1.32,1.07,0.97,1.05,1.02,0.97,1.65,2.1
状态,狀態,zhuàngtài,status,Na,Noun,2.75,1.5,0.9,0.95,1.45,3.6,0.9,1.15,0.95,0.95,0.9,1.73,1.66,1.45,1.43,1.53,1.59,1.3,1.56,1.36,1.32,1.34,2.52,2.12
伊拉克,伊拉克,yīlākè,iraq,Nc,Noun,2.2,2.0,0.55,0.75,0.65,2.7,0.4,0.55,0.55,0.55,0.6,1.47,1.67,0.97,1.26,1.11,1.49,0.8,0.97,1.2,1.2,1.28,1.65,1.81
人,人,rén,people,Na,Noun,3.9,2.85,1.65,2.25,2.4,3.35,2.05,2.25,2.05,2.05,2.2,1.22,1.88,1.93,1.79,1.66,1.42,1.75,1.84,1.83,1.72,1.81,4.91,1.89
尊重,尊重,zūnzhòng,respect,VJ,Verb,2.05,1.55,0.6,0.8,1.25,3.65,1.45,1.65,1.5,1.65,2.0,1.75,1.47,1.2,1.4,1.51,1.59,1.6,1.56,1.36,1.53,1.79,3.48,2.26
仪式,儀式,yíshì,deeds,Na,Noun,4.1,2.85,0.85,1.0,1.55,2.75,2.5,2.4,2.35,2.4,2.7,1.18,1.8,1.19,1.18,1.75,1.87,1.83,1.71,1.77,1.8,1.79,2.91,2.0
统计,統計,tǒngjì,statistics,Na,Noun,2.3,0.85,0.35,0.4,0.75,1.4,1.0,2.0,1.6,1.75,1.7,1.55,1.39,0.91,0.97,1.34,1.32,1.48,1.73,1.83,1.87,1.87,2.17,2.08
十分,十分,shífēn,really,Dfa,Adverb,1.85,1.25,1.15,1.35,1.25,2.95,0.9,0.85,0.6,0.8,0.75,1.56,1.44,1.39,1.59,1.51,1.72,1.73,1.62,1.2,1.54,1.48,1.13,1.78
案件,案件,ànjiàn,case,Na,Noun,3.25,1.9,0.75,0.8,1.15,2.25,1.6,1.65,1.75,1.7,1.85,1.37,1.61,1.34,1.21,1.46,1.26,1.59,1.56,1.76,1.73,1.8,1.87,1.96
保存,保存,bǎocún,save,VC,Verb,2.15,1.0,1.0,0.9,1.25,2.05,0.95,1.95,1.1,1.25,1.2,1.62,1.64,1.64,1.55,1.55,1.6,1.53,1.75,1.48,1.55,1.33,2.22,2.0
媒婆,媒婆,méipó,matchmaker,Na,Noun,2.9,2.8,0.9,0.9,1.45,2.05,1.5,1.9,2.3,1.95,1.8,1.7,1.86,1.61,1.48,1.47,1.24,1.75,1.87,1.98,1.94,1.99,3.3,2.44
剪彩,剪綵,jiǎncǎi,ribbon,VA,Verb,4.1,2.95,0.9,1.2,2.25,2.65,2.15,3.7,2.05,2.5,2.9,1.18,1.88,1.48,1.44,1.95,1.62,1.82,1.58,1.94,1.88,1.58,3.57,2.24
榜样,榜樣,bǎngyàng,example,Na,Noun,2.85,1.75,0.7,0.6,0.9,3.45,1.1,1.15,1.1,1.4,1.2,1.77,1.73,1.31,1.02,1.48,1.6,1.67,1.62,1.45,1.71,1.4,3.13,2.17
枷锁,枷鎖,jiāsuǒ,shackles,Na,Noun,3.35,1.45,0.3,0.45,2.15,3.8,1.9,2.05,1.25,1.5,1.35,1.59,1.56,0.78,0.97,1.82,1.12,1.45,1.43,1.51,1.47,1.28,2.09,1.79
旧时,舊時,jiùshí,old time,Nd,Noun,2.25,1.75,1.15,1.2,1.3,3.5,1.0,0.95,0.9,0.85,0.95,1.7,1.64,1.15,1.03,1.1,1.36,1.48,1.36,1.26,1.28,1.5,0.78,1.5
刺激,刺激,cìjī,stimulate,VC,Verb,4.15,3.35,3.0,2.9,3.6,4.1,1.9,2.05,1.95,2.2,2.15,1.06,1.77,1.64,1.81,1.62,1.26,1.89,1.86,1.69,1.89,1.88,2.39,2.14
手感,手感,shǒugǎn,hand feeling,Na,Noun,1.8,0.65,0.55,0.75,4.75,2.95,1.8,4.05,1.0,1.5,1.85,1.66,1.01,0.97,1.26,0.62,1.69,1.96,1.12,1.55,1.88,1.8,3.7,1.71
心志,心志,xīnzhì,will,Na,Noun,0.85,0.8,0.15,0.2,0.5,4.45,0.6,0.65,0.85,1.2,0.85,1.11,1.03,0.36,0.4,0.74,0.74,0.8,0.85,1.06,1.29,1.01,2.91,2.1
上山,上山,shàngshān,go up the mountain,VA,Verb,2.95,1.8,0.7,1.2,1.85,1.85,4.5,3.65,1.4,2.25,4.15,1.6,1.44,1.14,1.47,1.8,1.31,0.92,1.49,1.53,1.7,1.19,4.09,1.67
悲叹,悲嘆,bēitàn,lament,VE,Verb,1.75,3.05,0.2,0.3,0.55,4.25,0.5,0.8,3.05,2.15,1.0,1.7,1.77,0.51,0.56,1.02,1.09,0.59,1.12,1.72,1.65,1.3,3.65,2.14
建筑,建築,jiànzhù,building,Na,Noun,4.6,0.85,0.15,0.3,1.6,1.25,1.05,1.05,0.5,1.0,1.1,0.66,1.19,0.48,0.56,1.53,1.09,1.2,1.28,0.59,1.14,1.26,1.83,2.22
公路,公路,gōnglù,trunk_road,Na,Noun,3.55,2.3,0.25,0.8,0.75,0.9,1.2,0.95,0.55,0.8,1.15,1.32,1.55,0.62,0.81,1.04,1.22,1.36,1.2,0.92,1.25,1.35,1.7,2.07
骄傲,驕傲,jiāoào,pride,VH,Adjective,1.85,1.35,0.15,0.2,0.25,4.45,0.55,0.8,0.8,1.1,1.0,1.49,1.39,0.48,0.51,0.54,0.74,0.74,0.93,1.17,0.94,1.0,3.22,2.15
浑,渾,hún,turbid,A,Adjective,3.8,1.25,0.95,1.1,0.8,2.05,0.3,0.45,0.5,0.6,0.65,1.36,1.48,1.32,1.22,1.12,1.53,0.56,0.8,0.97,0.92,1.01,1.65,1.81
拒绝,拒絕,jùjué,reject,VF,Verb,2.05,2.35,0.25,0.2,0.75,4.05,1.05,1.9,2.0,2.0,1.75,1.63,1.49,0.43,0.4,0.83,0.92,1.32,1.34,1.61,1.52,1.34,2.65,1.99
良田,良田,liángtián,good field,Na,Noun,4.05,0.45,0.35,0.85,0.85,2.0,0.85,0.8,0.45,0.5,0.9,0.97,0.67,0.57,0.96,0.96,1.22,1.31,1.25,0.74,0.92,1.34,1.22,1.91
警犬,警犬,jǐngquǎn,police dog,Na,Noun,3.75,3.25,0.85,2.3,1.35,1.3,1.0,1.2,0.8,1.2,1.4,1.44,1.61,1.49,1.68,1.24,1.42,1.3,1.44,1.29,1.4,1.43,1.52,2.12
肌肤,肌膚,jīfū,skin,Na,Noun,3.2,0.15,0.25,0.55,4.5,1.75,0.6,1.05,0.55,0.5,0.75,1.57,0.36,0.43,0.86,0.59,1.64,0.97,1.12,0.97,0.92,0.89,4.65,2.08
够,夠,gòu,enough,VH,Adjective,2.2,1.3,1.2,0.95,2.0,3.5,1.0,1.25,1.0,1.05,1.15,1.72,1.55,1.6,1.32,1.73,1.53,1.55,1.51,1.45,1.4,1.49,1.48,1.53
运输,運輸,yùnshū,transportation,VC,Verb,2.8,1.85,0.2,0.4,0.7,1.0,1.95,1.95,0.65,0.9,1.95,1.91,1.53,0.68,0.97,1.27,1.55,1.56,1.5,1.01,1.14,1.56,1.61,1.76
持,持,chí,hold,VJ,Verb,1.6,0.5,0.4,0.25,2.05,1.05,0.75,3.35,0.45,0.65,1.7,1.53,0.81,0.97,0.54,1.53,1.47,1.09,1.62,0.67,1.06,1.35,3.87,1.94
举例,舉例,jǔlì,give an example,VA,Verb,1.65,2.5,0.45,0.3,0.5,1.75,0.3,1.05,1.8,0.85,0.8,1.49,1.83,0.97,0.56,0.87,1.7,0.56,1.28,1.57,1.11,1.25,2.0,1.87
湖泊,湖泊,húpō,lake,Na,Noun,4.4,0.95,0.25,0.75,0.95,1.9,0.55,0.6,0.3,0.6,0.6,0.73,1.12,0.54,0.94,1.24,1.26,0.92,0.97,0.56,0.92,0.8,1.09,1.53
体操,體操,tǐcāo,gymnastics,Na,Noun,3.4,2.05,0.05,0.15,1.45,1.35,4.4,4.55,1.6,4.25,4.65,1.77,1.96,0.22,0.36,1.53,1.31,1.2,0.74,1.77,1.09,0.57,4.65,1.55
美,美,měi,beautiful,VH,Adjective,4.85,2.6,1.65,1.05,1.65,3.55,0.65,0.65,0.5,0.85,1.05,0.36,1.74,1.98,1.56,1.8,1.83,1.06,1.06,1.02,1.31,1.36,3.61,1.81
高傲,高傲,gāoào,arrogant,VH,Adjective,2.3,1.4,0.1,0.1,0.25,4.4,0.5,0.75,0.75,1.6,0.85,2.0,1.66,0.44,0.44,0.7,0.66,0.81,0.99,0.99,1.36,0.96,2.35,1.71
彷徨,彷徨,pánghuáng,hesitate,VH,Adjective,2.0,0.8,0.1,0.05,0.2,3.9,1.55,1.2,0.75,1.25,1.4,1.82,1.33,0.44,0.22,0.51,1.67,1.56,1.08,0.99,1.13,1.11,2.04,1.3
广告,廣告,guǎnggào,advertising,Na,Noun,4.35,3.7,0.6,0.4,0.7,1.6,0.35,0.5,0.45,0.95,0.45,1.19,1.73,0.97,0.66,0.9,1.2,0.73,0.81,0.74,1.24,0.67,1.0,1.56
文化,文化,wénhuà,culture,Na,Noun,2.65,2.2,1.3,0.95,1.05,3.65,0.65,0.6,0.65,0.9,0.65,1.77,1.69,1.82,1.75,1.56,1.53,1.01,0.92,0.91,1.37,1.01,1.39,1.52
迅速,迅速,xùnsù,fast,VH,Adjective,3.55,1.85,0.1,0.15,0.65,2.55,3.75,3.4,1.5,2.45,3.8,1.72,1.71,0.44,0.48,1.11,1.56,1.44,1.39,1.77,1.66,1.44,2.48,1.79
遭受,遭受,zāoshòu,suffer,VJ,Verb,2.0,1.15,0.55,0.55,1.45,4.2,1.0,1.0,0.8,0.9,0.85,1.73,1.28,1.02,1.07,1.53,0.93,1.0,1.0,1.03,0.99,0.91,2.13,1.85
方言,方言,fāngyán,dialect,Na,Noun,0.95,4.45,0.25,0.15,0.15,2.25,0.25,0.25,3.3,0.7,0.5,1.16,1.16,0.62,0.48,0.48,1.61,0.7,0.54,1.73,1.05,0.97,2.74,1.94
星空,星空,xīngkōng,starry sky,Na,Noun,4.8,0.9,0.15,0.35,0.15,2.6,0.45,0.55,0.4,1.65,0.75,0.4,0.99,0.65,0.79,0.48,1.71,1.07,1.07,0.8,1.65,1.13,1.43,1.93
昏君,昏君,hūnjūn,faint monarch,Na,Noun,2.35,1.65,0.15,0.2,0.2,4.05,0.5,0.55,0.5,0.6,0.6,1.74,1.74,0.48,0.68,0.51,0.92,0.87,0.97,0.97,0.92,0.92,1.7,1.9
稿费,稿費,gǎofèi,manuscript fee,Na,Noun,2.0,0.45,0.1,0.1,0.7,2.0,0.2,1.05,0.35,0.45,0.4,1.48,0.67,0.44,0.44,1.19,1.45,0.51,1.43,0.79,0.8,0.66,1.35,1.88
西施,西施,xīshī,xishi,Nb,Noun,4.2,1.5,0.15,0.55,0.5,2.45,0.35,0.45,0.45,0.8,0.55,1.36,1.47,0.65,1.02,1.02,1.75,0.73,0.8,0.74,1.17,0.97,2.7,1.99
生活,生活,shēnghuó,life,VA,Verb,3.4,3.35,2.9,2.95,3.05,3.45,2.45,2.55,2.45,2.5,2.5,1.56,1.49,1.73,1.66,1.6,1.47,1.8,1.8,1.75,1.8,1.8,2.74,2.05
苍蝇,蒼蠅,cāngyíng,fly,Na,Noun,4.1,3.2,0.6,1.1,1.65,2.05,0.65,1.7,0.7,1.55,1.8,0.99,1.4,1.11,1.45,1.77,1.88,1.06,1.62,1.23,1.6,1.75,1.0,1.67
反弹,反彈,fǎntán,rebound,VA,Verb,3.4,1.4,0.15,0.1,2.2,1.95,1.75,1.9,0.3,1.5,1.7,1.5,1.66,0.48,0.44,2.04,1.77,1.87,1.79,0.56,1.6,1.62,1.96,1.81
团聚,團聚,tuánjù,reunion,VH,Adjective,3.6,2.7,1.1,0.8,1.6,3.05,1.15,1.8,1.5,1.7,2.0,1.39,1.76,1.41,1.33,1.39,1.66,1.59,1.75,1.72,1.71,1.84,2.91,1.95
高堂,高堂,gāotáng,highlight,Na,Noun,3.35,0.9,0.4,0.3,0.85,2.05,0.75,0.8,0.55,0.75,0.75,1.56,1.3,1.16,0.78,1.19,1.53,1.34,1.47,1.02,0.99,1.09,1.52,1.77
基调,基調,jīdiào,keynote,Na,Noun,2.2,1.8,0.45,0.4,0.45,2.15,0.6,0.75,0.6,0.75,0.6,1.66,1.66,1.02,0.97,0.86,1.65,1.02,1.26,0.97,1.04,1.11,0.96,1.4
靠,靠,kào,depend on,VJ,Verb,2.65,0.75,0.15,0.2,2.35,1.75,1.3,1.25,0.6,1.6,2.85,1.65,1.41,0.48,0.6,2.01,1.67,1.73,1.48,1.07,1.59,1.93,3.52,1.79
牌坊,牌坊,páifāng,archway,Na,Noun,4.05,0.7,0.35,0.35,1.25,0.95,0.35,0.4,0.4,0.65,0.55,1.36,1.19,1.11,0.79,1.55,1.47,0.79,0.97,1.16,1.28,1.02,1.26,1.77
呼吸,呼吸,hūxī,breathe,VC,Verb,1.6,2.05,0.75,2.4,1.0,2.4,0.6,0.55,2.85,1.35,1.0,1.39,1.77,1.37,1.71,1.34,1.5,1.28,1.24,1.56,1.62,1.64,5.09,1.47
死亡,死亡,sǐwáng,die,VH,Adjective,3.05,1.25,0.7,1.05,1.25,3.25,1.2,1.05,0.95,0.95,1.5,1.83,1.37,1.1,1.32,1.48,1.81,1.78,1.66,1.56,1.5,1.83,4.26,2.15
先,先,xiān,antecedency,D,Adverb,1.65,0.65,0.3,0.3,0.4,2.35,1.5,1.4,0.5,0.5,1.05,1.28,1.06,0.64,0.64,0.73,1.53,1.69,1.53,0.74,0.74,1.28,1.09,1.35
剧本,劇本,jùběn,script,Na,Noun,3.8,2.45,0.15,0.15,0.45,1.8,1.05,1.55,1.4,1.3,1.45,1.29,1.43,0.48,0.48,0.8,1.72,1.43,1.36,1.56,1.52,1.53,1.65,1.86
松软,鬆軟,sōngruǎn,floppy,A,Adjective,2.5,0.35,0.85,0.4,4.45,2.5,0.8,1.7,1.25,0.85,1.05,1.63,0.65,1.15,0.66,0.74,1.4,1.33,1.45,1.3,1.24,1.5,2.3,1.8
污垢,污垢,wūgòu,dirt,Na,Noun,4.35,0.25,1.15,2.2,2.05,2.5,0.85,1.25,0.55,0.6,0.6,0.79,0.54,1.53,1.36,1.56,1.77,1.53,1.55,1.24,1.11,1.2,1.87,1.54
因素,因素,yīnsù,factor,Na,Noun,1.4,0.85,0.45,0.45,0.5,2.4,0.4,0.25,0.5,0.35,0.35,1.43,1.01,0.86,0.74,0.87,1.71,0.92,0.54,0.81,0.65,0.65,0.91,1.38
为难,爲難,wéinán,embarrassed,Verb,Verb,2.25,1.1,0.15,0.15,0.45,4.0,0.75,0.8,0.8,0.8,1.1,1.44,1.22,0.36,0.36,0.8,1.34,1.37,1.21,1.29,1.25,1.51,2.04,1.97
西班牙,西班牙,xībānyá,spain,Nc,Noun,2.9,2.1,1.85,0.85,0.55,2.35,1.2,1.05,0.6,0.9,0.85,1.51,1.7,1.59,1.11,1.02,1.65,1.4,1.47,1.02,1.45,1.35,0.96,1.78
来到,來到,láidào,come,VCL,Verb,3.55,2.05,0.7,0.5,0.8,1.8,3.25,1.9,0.95,0.85,2.35,1.24,1.53,1.38,0.97,1.17,1.5,1.79,1.73,1.32,1.11,1.88,2.96,2.1
景观,景觀,jǐngguān,landscape,Na,Noun,4.7,1.65,0.65,0.9,0.85,1.65,0.55,0.6,0.5,0.95,0.65,0.64,1.49,1.46,1.18,1.56,1.46,1.12,1.24,1.07,1.4,1.35,1.61,2.1
玄机,玄機,xuánjī,mystery,Na,Noun,1.9,1.35,0.3,0.3,0.25,3.8,0.35,0.4,0.6,0.55,0.6,1.61,1.59,0.78,0.78,0.77,1.29,0.96,0.92,1.16,1.12,1.28,1.26,1.57
嫉妒,嫉妒,jídù,envy,VJ,Verb,1.8,1.15,0.3,0.3,0.25,4.5,0.3,0.7,0.6,0.7,0.85,1.6,1.39,0.95,0.95,0.77,0.81,0.71,1.27,1.07,1.23,1.35,2.17,1.97
公司,公司,gōngsī,incorporation,Nc,Noun,2.95,1.5,0.3,0.6,0.7,1.85,0.7,0.7,0.7,0.6,1.0,1.66,1.53,0.78,1.02,1.19,1.65,1.31,1.31,1.23,1.07,1.41,1.26,1.72
免费,免費,miǎnfèi,free,VH,Adjective,2.1,1.2,0.75,0.65,0.35,3.2,0.55,0.55,0.6,0.85,0.65,1.76,1.57,1.48,1.28,0.96,1.81,1.07,1.07,1.02,1.19,1.01,0.87,1.6
认真,認真,rènzhēn,scrupulousness,VH,Verb,2.35,0.95,0.6,0.6,0.6,4.15,0.35,0.65,0.75,1.2,1.05,1.8,1.28,1.28,1.2,1.24,1.06,0.65,0.96,1.18,1.47,1.5,2.48,1.98
成分,成分,chéngfèn,element,Na,Noun,2.2,0.45,1.6,1.65,1.45,1.3,0.5,0.55,0.5,0.45,0.3,1.75,0.97,1.56,1.56,1.5,1.62,1.2,1.12,1.16,0.92,0.71,1.3,1.68
非洲,非洲,fēizhōu,africa,Nc,Noun,3.75,2.45,1.4,1.1,0.7,2.25,1.3,1.3,0.9,0.85,1.2,1.51,1.75,1.77,1.41,1.1,1.64,1.62,1.55,1.37,1.39,1.4,1.13,1.92
亮,亮,liàng,bright,A,Adjective,4.45,0.55,0.35,0.35,0.3,3.1,0.35,0.65,0.3,0.75,0.6,1.16,1.02,0.85,0.85,0.71,1.34,0.79,1.11,0.71,1.34,1.02,1.74,1.92
持续,持續,chíxù,continued,VL,Verb,1.75,1.5,1.2,1.1,1.2,3.3,1.45,1.4,1.25,1.15,1.2,1.61,1.77,1.63,1.58,1.69,1.52,1.83,1.69,1.64,1.59,1.63,1.7,1.83
手工,手工,shǒugōng,manual,Na,Noun,3.6,1.1,0.8,0.55,2.6,1.85,0.5,3.55,0.6,1.4,1.9,1.24,1.48,1.47,1.12,1.85,1.71,0.97,1.53,1.2,1.56,1.64,3.78,1.86
聊天,聊天,liáotiān,chat,VA,Verb,2.9,4.3,0.55,0.6,0.75,2.5,0.65,1.8,3.4,2.05,1.85,1.55,0.78,1.28,1.28,1.3,1.72,1.15,1.69,1.66,1.66,1.65,3.91,1.93
金牌,金牌,jīnpái,gold medal,Na,Noun,4.2,1.3,0.6,0.55,2.75,2.75,0.55,1.6,0.7,1.3,1.65,1.08,1.68,1.39,1.28,1.73,1.84,1.07,1.59,1.23,1.71,1.82,1.65,2.22
得,得,dé,have to,VJ,Verb,0.95,1.2,0.25,0.2,0.9,2.35,0.35,1.5,0.6,0.7,0.75,1.28,1.75,0.54,0.51,1.34,1.9,0.65,1.72,1.2,1.23,1.22,2.39,2.06
失,失,shī,lose,VJ,Verb,2.15,0.85,0.55,0.6,0.5,3.1,0.2,0.55,0.25,0.4,0.45,1.56,1.15,1.07,1.2,0.92,1.73,0.4,0.86,0.54,0.66,0.67,2.22,2.06
插画,插畫,chāhuà,illustration,Na,Noun,4.8,0.35,0.05,0.05,0.95,1.45,0.2,1.25,0.05,0.9,0.85,0.51,0.91,0.22,0.22,1.07,1.28,0.68,1.81,0.22,1.22,1.31,2.22,2.04
讲话,講話,jiǎnghuà,speak; speech,VA,Verb,2.1,4.55,0.1,0.05,0.2,2.15,0.5,1.25,4.05,2.15,1.5,1.64,0.97,0.44,0.22,0.68,1.88,0.92,1.55,1.53,1.68,1.53,4.52,1.91
冷静,冷靜,lěngjìng,calm,A,Adjective,1.85,1.65,0.1,0.2,0.55,3.9,0.45,0.55,0.9,0.95,0.6,1.56,1.46,0.44,0.6,1.12,1.22,0.67,0.74,1.22,1.2,0.86,2.7,1.99
他日,他日,tārì,another day,D,Adverb,0.55,0.6,0.05,0.05,0.05,2.25,0.05,0.2,0.2,0.2,0.2,1.02,0.97,0.22,0.22,0.22,1.7,0.22,0.68,0.51,0.51,0.51,0.74,1.15
信念,信念,xìnniàn,belief,Na,Noun,1.1,0.85,0.1,0.15,0.25,4.05,0.3,0.8,0.65,0.6,0.5,1.18,1.06,0.44,0.48,0.62,1.36,0.64,1.25,1.11,0.92,0.74,2.3,1.9
观众,觀眾,guānzhòng,gallery,Na,Noun,4.05,3.1,0.35,0.25,0.35,1.65,0.8,1.35,1.35,1.95,1.55,1.24,1.64,0.73,0.7,0.73,1.42,1.29,1.39,1.53,1.66,1.43,2.39,1.93
硬,硬,yìng,hard,A,Adjective,2.4,0.45,0.75,0.0,4.3,2.15,0.8,1.15,0.3,0.3,0.3,1.59,1.07,1.48,0.0,1.0,1.42,1.4,1.56,0.56,0.78,0.78,1.83,1.74
开刀,開刀,kāidāo,surge,VB,Verb,3.4,1.3,0.15,0.55,1.9,2.15,1.15,3.15,0.65,2.15,2.8,1.43,1.31,0.36,0.67,1.58,1.82,1.59,1.71,0.85,1.65,1.75,3.43,2.04
模式,模式,móshì,normal,Na,Noun,2.15,0.8,0.05,0.1,0.6,2.35,0.25,0.4,0.15,0.2,0.3,1.9,1.25,0.22,0.3,1.02,1.59,0.7,0.8,0.36,0.4,0.71,0.83,1.4
市长,市長,shìzhǎng,civic_leader,Na,Noun,2.95,1.55,0.0,0.15,0.3,1.5,0.5,0.7,0.8,0.95,0.9,1.63,1.5,0.0,0.65,0.64,1.57,0.92,0.95,1.08,1.24,1.18,2.04,2.12
诡辩,詭辯,guǐbiàn,sophistry,VA,Verb,1.7,3.75,0.2,0.15,0.05,2.85,0.6,1.05,3.2,1.35,1.2,1.27,1.34,0.68,0.48,0.22,1.77,1.02,1.28,1.78,1.19,1.29,2.48,2.12
凛凛,凜凜,lǐnlǐn,cold,A,Adjective,2.15,2.35,0.0,0.25,1.3,2.65,0.8,0.95,0.95,0.8,1.1,1.49,1.68,0.0,0.7,1.62,1.53,0.98,1.02,1.28,1.03,1.09,1.61,1.76
喝,喝,hē,drink,VC,Verb,2.35,1.6,3.85,2.2,1.2,1.8,0.2,2.75,4.05,2.65,1.8,1.46,1.2,1.28,1.66,1.36,1.44,0.51,1.84,1.36,1.53,1.44,4.7,1.78
柔细,柔細,róuxì,fine,A,Adjective,3.35,1.1,1.0,0.4,3.7,2.5,0.8,2.15,0.7,0.65,0.9,1.28,1.45,1.41,0.8,1.58,1.5,1.44,1.8,1.1,1.01,1.04,2.22,1.84
武装,武裝,wǔzhuāng,arm,VC,Verb,3.9,1.55,0.3,0.45,2.1,2.4,2.3,2.7,0.95,1.65,2.65,1.18,1.43,0.78,0.97,2.05,1.77,1.79,1.58,1.16,1.39,1.46,2.48,2.04
愉快,愉快,yúkuài,joy,VH,Adjective,2.3,1.9,0.75,0.8,0.95,4.4,1.2,1.3,1.4,1.55,1.5,1.65,1.55,1.22,1.29,1.5,0.8,1.5,1.55,1.62,1.6,1.66,2.74,1.72
事迹,事蹟,shìjì,deeds,Na,Noun,1.8,2.2,0.25,0.3,0.35,2.55,0.55,0.65,1.0,0.8,0.75,1.63,1.94,0.77,0.78,0.79,1.5,1.12,1.15,1.64,1.17,1.34,2.17,2.26
改善,改善,gǎishàn,improve,VC,Verb,1.95,1.15,0.8,0.6,0.85,3.6,0.8,0.9,0.9,0.9,0.95,1.83,1.68,1.44,1.2,1.53,1.39,1.36,1.34,1.34,1.22,1.32,2.43,2.18
晚饭,晚飯,wǎnfàn,dinner,Na,Noun,3.35,0.9,4.25,3.55,1.85,2.6,0.75,2.1,4.1,2.4,2.2,1.42,1.26,1.04,1.56,1.59,1.93,1.22,1.67,1.22,1.62,1.63,2.83,2.04
继续,繼續,jìxù,continue,VF,Verb,1.4,0.65,0.4,0.4,0.45,2.45,1.3,1.65,1.1,1.2,1.35,1.43,1.01,0.92,0.92,0.92,1.75,1.52,1.62,1.37,1.44,1.49,1.57,1.61
谦恭,謙恭,qiāngōng,humble,VH,Adjective,1.85,1.45,0.3,0.3,0.5,3.35,1.0,1.3,1.3,1.55,1.8,1.65,1.53,0.9,0.9,1.24,1.56,1.1,1.05,1.35,1.43,1.47,2.7,1.94
淫威,淫威,yínwēi,abuse of power,Na,Noun,2.15,1.65,0.3,0.35,0.65,3.9,1.3,1.8,1.5,1.45,1.9,1.39,1.46,0.9,0.91,1.19,1.18,1.49,1.57,1.5,1.47,1.58,2.43,1.77
害怕,害怕,hàipà,fear,VK,Verb,2.7,2.1,0.4,0.6,1.35,4.5,2.0,2.25,2.0,2.2,2.2,1.76,1.87,0.92,1.2,1.8,0.87,1.95,1.95,2.0,1.91,1.86,2.91,1.89
依赖,依賴,yīlài,rely,VK,Verb,1.15,0.8,0.3,0.35,1.05,3.4,0.75,0.9,0.9,0.95,1.2,1.35,1.25,0.9,0.91,1.4,1.59,1.04,1.14,1.14,1.16,1.33,2.96,2.01
基金会,基金會,jījīnhuì,monetary_fund,Nc,Noun,1.3,0.85,0.3,0.3,0.35,1.85,0.45,0.65,0.75,0.5,0.5,1.45,1.28,0.9,0.9,0.91,1.68,0.92,1.06,1.04,0.81,0.81,1.52,2.24
供,供,gōng,for,VF,Verb,1.35,0.55,0.3,0.35,0.55,2.35,0.85,1.8,1.0,1.0,1.15,1.49,0.97,0.9,0.91,1.07,1.53,1.15,1.5,1.14,1.3,1.39,2.13,2.05
仓鼠,倉鼠,cāngshǔ,hamster,Noun,Noun,4.1,2.35,0.55,1.5,2.95,1.45,1.2,2.7,1.0,1.65,1.8,0.99,1.46,1.12,1.63,1.69,1.4,1.69,1.79,1.52,1.68,1.63,1.04,1.73
违反,違反,wéifǎn,violation,VJ,Verb,1.65,1.1,0.3,0.3,0.6,3.0,0.95,1.1,1.2,1.05,1.25,1.68,1.26,0.9,0.9,1.2,1.55,1.28,1.3,1.4,1.36,1.44,1.3,1.68
奸商,奸商,jiānshāng,rape,Na,Noun,2.3,1.3,0.25,0.25,0.35,3.8,0.75,0.95,1.25,0.9,0.8,1.42,1.65,0.7,0.7,0.73,1.54,1.18,1.2,1.64,1.22,1.17,1.96,2.05
笑话,笑話,xiàohuà,joke,Na,Noun,1.7,3.6,0.15,0.2,0.35,3.35,0.7,0.9,2.55,1.6,1.25,1.38,1.56,0.65,0.68,0.79,1.46,1.23,1.22,1.69,1.62,1.34,2.35,2.08
抢,搶,qiǎng,rob,VD,Verb,3.7,1.85,0.3,0.25,2.2,2.5,2.5,3.55,1.5,1.75,2.8,1.14,1.42,0.78,0.77,1.75,1.57,1.8,1.43,1.69,1.73,1.6,3.87,2.07
结束,結束,jiéshù,finish,VHC,Verb,1.7,1.25,0.5,0.45,0.55,3.1,0.75,1.0,0.7,0.9,0.95,1.65,1.48,1.2,1.12,1.2,1.67,1.13,1.26,1.14,1.3,1.36,1.3,1.71
膨胀,膨脹,péngzhàng,swell,VHC,Verb,4.0,1.3,0.55,0.45,1.65,2.7,0.5,0.7,0.7,0.55,0.5,1.34,1.55,1.2,0.97,1.82,1.65,0.92,1.23,1.1,0.97,0.97,2.09,1.89
魂魄,魂魄,húnpò,soul,Na,Noun,1.7,0.75,0.45,0.35,0.65,3.55,0.45,0.4,0.6,0.45,0.6,2.03,1.41,1.24,1.15,1.28,1.53,0.74,0.73,0.92,0.74,1.07,2.04,1.88
辛,辛,xīn,spicy hot ,A,Adjective,0.85,0.3,4.05,2.5,0.7,2.6,0.35,0.3,2.5,0.7,0.55,1.06,0.64,1.4,1.5,1.1,1.53,0.96,0.78,1.75,1.0,1.12,1.87,2.17
囚禁,囚禁,qiújìn,captivity,VC,Verb,3.4,1.4,0.3,0.4,1.15,3.1,1.35,1.1,0.7,0.55,1.05,1.46,1.59,0.64,0.73,1.31,1.41,1.42,1.22,1.1,0.97,1.12,3.22,2.23
报告,報告,bàogào,report,Na,Noun,2.7,3.15,0.4,0.3,0.55,1.3,0.8,1.45,2.75,1.3,1.35,1.38,1.71,1.16,1.1,1.36,1.31,1.36,1.56,1.7,1.35,1.49,2.17,2.35
法院,法院,fǎyuàn,courthouse,Nc,Noun,3.0,1.3,0.35,0.35,0.3,1.95,0.6,0.7,0.95,0.8,0.65,1.61,1.62,0.96,0.96,0.95,1.69,1.11,1.1,1.36,1.17,1.06,1.26,1.92
实习,實習,shíxí,practice,VA,Verb,2.55,1.7,0.2,0.25,0.7,1.7,1.65,1.9,1.55,1.65,1.6,1.72,1.73,0.51,0.54,1.1,1.52,1.62,1.67,1.77,1.68,1.56,2.48,2.06
全球,全球,quánqiú,worldwide,Nc,Noun,2.7,1.2,0.4,0.4,0.35,2.2,0.75,0.75,0.6,0.65,0.8,1.45,1.47,0.8,0.92,0.79,2.04,1.13,1.13,1.11,1.06,1.12,0.87,1.12
红尘,紅塵,hóngchén,human world,Nc,Noun,2.75,1.05,0.5,0.6,0.55,2.8,0.35,0.45,0.35,0.45,0.4,1.76,1.12,1.07,0.92,1.07,1.72,0.79,0.86,0.79,0.86,0.86,1.04,1.68
浓,濃,nóng,intense taste/concentrated,A,Adjective,2.8,0.75,2.9,2.55,1.2,2.45,0.35,0.2,1.05,0.6,0.35,1.78,1.3,1.87,1.5,1.36,1.56,0.96,0.6,1.5,1.2,0.96,1.52,1.77
掩饰,掩飾,yǎnshì,cover up,VC,Verb,2.9,1.3,0.25,0.2,0.5,2.8,0.7,1.9,1.15,1.1,1.0,1.73,1.49,0.62,0.51,0.81,1.75,1.38,1.87,1.53,1.41,1.38,2.48,1.93
请,請,qǐng,please,VF,Verb,2.4,2.3,0.2,0.15,0.4,2.65,0.95,2.85,2.0,1.25,1.3,1.53,1.76,0.51,0.48,0.8,1.42,1.28,1.28,1.61,1.44,1.27,2.74,2.03
曲目,曲目,qǔmù,repertoire,Na,Noun,1.8,3.6,0.15,0.2,0.4,2.15,0.9,0.95,2.1,1.55,1.4,1.57,1.5,0.65,0.68,0.92,1.8,1.48,1.47,1.89,1.6,1.56,1.65,2.14
汗水,汗水,hànshuǐ,sweat,Na,Noun,3.05,0.5,1.2,2.9,2.05,1.8,0.95,1.45,1.25,1.5,1.5,1.56,0.87,1.57,1.51,1.6,1.25,1.2,1.4,1.44,1.57,1.4,3.7,1.94
玩笑,玩笑,wánxiào,joke,Na,Noun,2.1,3.5,0.15,0.1,0.5,3.15,0.85,1.15,2.2,1.3,1.25,1.41,1.47,0.48,0.44,0.87,1.06,1.15,1.15,1.94,1.58,1.34,2.57,2.28
圣灵,聖靈,shènglíng,holy spirit,Na,Noun,1.7,1.3,0.15,0.2,0.5,3.1,0.2,0.25,0.4,0.65,0.65,1.49,1.42,0.65,0.68,0.92,1.61,0.68,0.7,0.8,1.19,1.15,1.26,1.85
酷吏,酷吏,kùlì,cool official,Na,Noun,3.05,1.5,0.3,0.45,0.7,2.5,0.8,1.1,1.1,1.05,1.15,1.2,1.4,0.78,0.97,1.05,1.57,1.08,1.18,1.18,1.2,1.11,2.22,2.02
驱动,驅動,qūdòng,drive,VC,Verb,2.45,1.7,0.5,0.5,0.9,2.1,2.05,2.0,1.05,1.25,2.25,1.36,1.38,1.02,0.97,1.3,1.48,1.36,1.45,1.32,1.73,1.58,3.04,2.18
落日,落日,luòrì,sunset,Na,Noun,4.3,0.4,0.2,0.25,0.5,2.75,0.25,0.25,0.25,0.75,0.35,0.95,0.92,0.68,0.7,0.97,1.48,0.7,0.7,0.7,1.09,0.79,1.26,1.87
预报,預報,yùbào,forecast,Na,Noun,2.3,2.6,0.25,0.35,0.4,2.05,0.25,0.4,1.6,0.4,0.2,1.55,1.53,0.77,0.73,0.8,1.47,0.7,0.73,1.74,0.86,0.68,1.22,1.53
证件,證件,zhèngjiàn,certificate,Na,Noun,3.7,0.4,0.25,0.4,1.9,1.5,0.25,1.0,0.3,0.45,0.25,1.1,0.8,0.7,1.07,1.7,1.5,0.7,1.45,0.78,0.86,0.7,1.7,1.83
风纪,風紀,fēngjì,discipline,Na,Noun,1.6,1.05,0.35,0.4,0.35,2.9,0.65,0.7,0.75,0.7,0.7,1.46,1.02,0.85,0.8,0.79,1.67,1.06,1.14,1.18,1.05,0.84,1.83,1.86
归,歸,guī,return,VJ,Verb,2.2,0.9,0.35,0.35,0.65,2.75,2.25,1.05,0.8,0.65,1.8,1.57,1.22,0.65,0.65,1.11,1.84,1.7,1.28,1.21,1.19,1.6,2.96,1.99
岩浆,岩漿,yánjiāng,magma,Na,Noun,4.25,2.0,0.8,1.55,1.5,1.95,0.65,0.5,0.35,0.5,0.55,0.89,1.61,1.47,1.75,1.75,1.47,1.19,1.12,0.79,1.12,1.2,1.09,1.79
真实,真實,zhēnshí,reality,VH,Adjective,2.85,2.1,1.45,1.45,1.9,3.2,0.9,1.0,0.85,0.95,0.85,1.49,1.55,1.66,1.56,1.7,1.4,1.55,1.61,1.49,1.5,1.56,1.35,1.73
瞬间,瞬間,shùnjiān,moment,Nd,Noun,2.7,1.55,1.3,1.3,1.6,3.55,1.15,1.2,1.0,1.2,1.3,1.49,1.69,1.68,1.68,1.69,1.02,1.35,1.54,1.41,1.75,1.79,0.61,1.31
提前,提前,tíqián,in advance,VB,Verb,1.6,1.15,0.4,0.5,0.65,2.25,1.55,1.15,0.9,0.8,1.15,1.56,1.31,0.86,0.92,0.96,1.48,1.63,1.62,1.41,1.29,1.53,1.26,1.48
牵挂,牽掛,qiānguà,care,VJ,Verb,1.45,1.15,0.55,0.5,1.05,4.15,0.65,0.85,1.05,0.65,0.65,1.43,1.24,1.07,0.87,1.28,1.15,1.11,1.15,1.2,1.06,1.06,2.7,2.37
光盘,光盤,guāngpán,CD,Noun,Noun,4.05,2.95,0.4,0.45,1.8,1.3,0.55,1.65,0.75,1.05,0.7,1.28,1.86,0.8,0.97,1.5,1.55,0.97,1.59,1.34,1.36,1.14,1.61,2.06
劳动,勞動,láodòng,labour,VC,Verb,3.25,2.2,0.65,1.0,2.65,2.0,3.8,3.85,2.05,2.4,3.95,1.51,1.69,1.01,1.38,1.49,1.52,1.47,1.53,1.69,2.08,1.28,4.22,2.19
汽车,汽車,qìchē,car,Na,Noun,4.05,3.25,0.7,1.1,2.65,1.2,2.1,2.3,0.9,1.75,2.1,1.4,1.48,1.05,1.04,1.59,1.33,1.7,1.65,1.14,1.7,1.7,2.52,2.06
千古,千古,qiāngǔ,eternal,Na,Noun,1.7,1.05,0.55,0.55,0.7,2.85,0.75,0.7,0.75,0.85,0.55,1.73,1.4,0.97,0.97,1.1,1.82,1.09,1.0,1.09,1.19,1.02,0.87,1.48
漫长,漫長,màncháng,long,VH,Adjective,1.6,0.9,0.55,0.6,0.55,3.9,0.75,0.7,0.65,0.6,0.5,1.43,1.18,1.12,0.97,1.07,1.45,0.99,1.0,0.91,0.92,0.87,0.87,1.3
干尸,乾屍,gānshī,dry corpse,Na,Noun,4.1,0.8,0.75,2.1,2.2,1.55,0.85,1.2,0.8,0.95,0.95,1.45,1.29,1.3,1.48,1.47,1.69,1.46,1.54,1.29,1.6,1.56,3.35,2.41
崩溃,崩潰,bēngkuì,collapse,VH,Adjective,2.3,1.8,0.6,0.7,0.8,4.5,1.9,2.1,2.0,1.8,2.05,1.49,1.33,1.16,1.23,1.29,0.97,1.61,1.37,1.26,1.4,1.6,2.39,1.95
法律,法律,fǎlǜ,statute_law,Na,Noun,1.5,1.8,0.4,0.4,0.75,2.2,0.7,0.75,0.9,0.75,0.75,1.4,1.57,0.8,0.8,1.41,1.54,1.31,1.3,1.26,1.37,1.3,1.78,2.02
七夕,七夕,qīxī,tanabata,Nd,Noun,2.4,1.9,1.35,1.2,1.25,3.1,1.5,1.45,1.7,1.5,1.55,1.66,1.7,1.82,1.57,1.55,1.37,1.47,1.5,1.58,1.53,1.63,1.87,2.01
以为,以為,yǐwéi,think,VE,Verb,1.35,1.4,0.85,0.85,0.55,3.15,0.65,0.75,0.8,0.8,0.7,1.53,1.53,1.31,1.35,1.02,1.74,1.11,1.09,1.17,1.17,1.1,1.96,2.1
带给,帶給,dàigěi,give,VD,Verb,2.2,1.15,0.75,0.7,1.1,1.7,2.0,2.8,1.25,1.4,1.6,1.6,1.24,1.09,1.0,1.3,1.27,1.48,1.6,1.26,1.36,1.69,3.04,2.14
关心,關心,guānxīn,care,VK,Verb,2.2,2.3,0.8,0.8,1.75,4.0,1.5,1.9,1.9,1.65,1.7,1.66,1.65,1.36,1.12,1.44,1.18,1.66,1.48,1.48,1.49,1.58,3.61,2.14
渊博,淵博,yuānbó,profound,VH,Adjective,1.35,1.8,0.4,0.45,0.6,3.5,0.6,0.65,1.3,0.9,0.65,1.31,1.54,0.8,0.86,0.86,1.32,0.97,0.96,1.42,1.09,0.96,1.57,1.74
缩小,縮小,suōxiǎo,subside,VHC,Verb,4.6,1.3,0.5,0.45,2.1,2.55,1.25,2.05,1.6,1.1,1.45,0.8,1.38,0.87,0.92,1.58,1.36,1.55,1.5,1.59,1.51,1.5,1.78,2.06
教授,教授,jiàoshòu,professor,Na,Noun,3.9,3.15,0.85,1.05,1.15,1.85,1.4,1.75,2.8,2.35,1.8,1.14,1.77,1.15,1.2,1.28,1.65,1.56,1.61,1.91,1.8,1.75,3.35,2.12
瘦,瘦,shòu,thin,A,Adjective,4.7,0.8,0.85,0.65,2.4,2.25,1.6,1.85,1.2,1.3,1.55,0.9,1.21,1.15,0.96,1.85,1.37,1.71,1.74,1.54,1.65,1.69,3.96,1.76
话剧,話劇,huàjù,drama,Na,Noun,4.4,4.45,0.45,0.75,0.95,2.7,2.55,2.8,3.2,2.85,2.9,1.07,0.97,0.8,1.04,1.28,1.49,1.8,1.63,1.5,1.59,1.45,2.61,2.46
六月,六月,liùyuè,june,Nd,Noun,2.7,1.7,1.5,1.95,1.45,2.65,1.1,1.25,1.15,0.85,0.95,1.71,1.52,1.47,1.66,1.47,1.59,1.26,1.22,1.46,1.11,1.12,0.83,1.52
苍苍,蒼蒼,cāngcāng,vast/hazy/gray,A,Adjective,3.75,1.3,0.55,0.9,0.9,2.2,0.55,0.5,0.75,0.65,0.6,1.67,1.68,0.97,1.14,1.26,1.63,0.8,0.87,1.09,0.91,0.86,0.65,1.2
条目,條目,tiáomù,entry,Na,Noun,3.9,1.15,0.6,0.35,0.85,1.05,0.65,1.0,0.85,0.65,0.65,1.26,1.19,1.02,0.65,1.11,1.28,1.06,1.22,1.11,1.01,1.01,0.91,1.61
秉性,秉性,bǐngxìng,natural instincts,Na,Noun,1.1,1.05,0.5,0.4,0.55,3.6,0.65,0.5,0.75,0.6,0.6,1.26,1.32,0.81,0.66,0.8,1.62,0.91,0.87,0.99,0.92,1.02,1.96,2.03
青年,青年,qīngnián,young,Na,Noun,4.25,2.55,0.95,1.15,1.7,2.65,1.65,1.65,1.5,1.7,1.75,1.04,1.86,1.4,1.35,1.65,1.39,1.8,1.8,1.6,1.68,1.73,3.7,2.03
猎人,獵人,lièrén,hunter,Na,Noun,4.3,3.4,2.15,2.95,2.55,2.05,3.05,3.15,2.25,2.8,3.15,1.05,1.83,1.71,1.72,1.66,1.53,1.88,1.8,1.67,1.72,1.53,3.78,2.04
消极,消極,xiāojí,negative,VH,Adjective,1.85,1.75,0.6,0.55,0.65,3.95,1.3,1.4,1.45,1.1,1.25,1.59,1.64,0.92,0.74,0.91,1.43,1.42,1.5,1.5,1.34,1.34,1.96,1.68
处理,處理,chǔlǐ,deal with,VC,Verb,2.25,1.6,0.9,0.95,1.6,2.4,2.25,2.85,2.0,2.05,2.45,1.67,1.77,1.26,1.24,1.53,1.77,1.48,1.35,1.7,1.69,1.63,2.78,2.15
毒蛇,毒蛇,dúshé,poisonous snake,Na,Noun,4.1,3.25,1.5,1.7,2.75,3.05,2.0,1.75,2.0,1.9,2.5,1.22,1.48,1.75,1.95,1.79,1.5,1.87,1.76,1.79,1.84,1.83,1.13,1.75
严重,嚴重,yánzhòng,serious,VH,Adjective,2.25,1.65,1.0,1.1,1.4,3.85,1.4,1.3,1.5,1.35,1.55,1.79,1.88,1.34,1.45,1.5,1.31,1.5,1.42,1.57,1.39,1.6,1.17,1.71
场面,場面,chǎngmiàn,scene,Na,Noun,4.45,3.05,1.3,1.45,1.45,2.85,1.55,1.55,1.5,1.45,1.55,0.74,1.72,1.45,1.4,1.43,1.42,1.5,1.56,1.53,1.47,1.47,1.09,1.38
天伦,天倫,tiānlún,natural bonds and ethical relations,Na,Noun,2.75,1.9,0.9,0.9,1.8,3.6,0.8,1.1,1.0,1.25,1.25,1.95,1.64,1.41,1.55,1.63,1.24,1.17,1.26,1.22,1.44,1.37,1.91,2.02
象征,象徵,xiàngzhēng,symbol,VK,Verb,3.15,0.55,0.2,0.25,0.8,3.05,0.4,0.65,0.55,0.8,0.8,1.59,0.67,0.51,0.62,1.03,1.94,0.73,1.01,0.86,1.08,1.08,0.87,1.45
火化,火化,huǒhuà,cremation,VC,Verb,4.45,2.45,0.7,2.65,1.7,2.2,1.1,1.3,1.1,1.15,1.55,0.67,1.66,1.52,1.53,1.76,1.78,1.55,1.58,1.34,1.46,1.66,3.39,2.37
在於,在於,zàiyú,in,VK,Verb,1.55,0.6,0.35,0.55,0.8,2.05,0.95,0.85,0.7,0.85,0.9,1.88,0.92,0.73,0.92,1.12,1.8,1.28,1.15,1.23,1.31,1.26,0.83,1.43
造成,造成,zàochéng,cause,VK,Verb,2.25,0.95,0.15,0.2,0.7,2.35,0.7,1.1,0.9,0.7,0.85,1.67,1.16,0.48,0.4,1.38,1.62,0.95,1.26,1.18,0.95,1.15,1.78,2.13
海军,海軍,hǎijūn,navy,Nc,Noun,4.15,2.85,1.0,1.6,1.1,2.1,2.2,2.3,1.9,2.25,2.3,1.24,1.62,1.45,1.5,1.55,1.73,1.63,1.65,1.64,1.51,1.58,2.83,2.16
检查,檢查,jiǎnchá,check,VE,Verb,4.1,3.05,1.6,1.9,2.7,2.15,2.45,3.2,2.25,2.45,2.45,1.34,1.83,1.88,1.73,2.08,1.65,1.83,1.57,1.79,1.8,1.83,3.26,2.34
生命,生命,shēngmìng,life,Na,Noun,3.9,3.8,3.1,3.35,3.65,4.05,3.1,3.25,2.95,3.3,3.3,1.7,1.83,2.02,1.93,1.65,1.63,1.92,1.79,1.88,1.73,1.82,3.7,1.76
葡萄,葡萄,pútáo,grape,Na,Noun,4.25,1.05,4.5,3.4,3.4,1.55,0.7,2.3,3.1,1.55,1.3,1.3,1.6,0.97,1.2,1.5,1.47,1.0,1.85,1.79,1.47,1.19,1.35,1.78
量杯,量杯,liángbēi,measuring cup,Na,Noun,4.35,1.4,0.75,0.45,2.7,1.3,0.6,2.8,0.7,1.1,1.25,1.24,1.5,1.37,0.86,1.76,1.27,0.92,1.75,1.05,1.34,1.55,1.48,1.77
目前,目前,mùqián,now,Nd,Noun,1.8,1.05,0.4,0.45,0.7,2.95,0.65,0.55,0.5,0.6,0.6,1.86,1.47,0.97,1.12,1.05,1.94,1.11,0.97,0.97,1.16,1.16,0.7,1.23
动向,動向,dòngxiàng,trend,Na,Noun,3.3,2.0,0.15,0.45,1.05,2.25,1.8,1.8,1.15,2.0,1.95,1.73,1.55,0.48,0.8,1.32,1.48,1.83,1.83,1.59,1.79,1.94,1.57,1.69
僵,僵,jiāng,stiff,A,Adjective,3.85,1.25,0.45,0.6,3.1,3.15,2.95,3.1,1.95,2.9,3.0,1.59,1.61,0.74,0.86,1.64,1.49,1.69,1.64,1.77,1.55,1.7,2.74,1.77
旭日,旭日,xùrì,rising sun,Na,Noun,4.5,1.1,0.45,0.75,0.75,3.05,0.8,0.9,0.8,1.65,1.25,1.12,1.48,1.16,1.3,1.34,1.53,1.12,1.09,1.29,1.74,1.51,0.91,1.64
句子,句子,jùzi,sentence,Na,Noun,2.8,3.1,0.25,0.15,0.15,1.5,0.2,0.4,1.65,1.2,0.85,1.78,1.55,0.7,0.48,0.36,1.63,0.4,0.8,1.88,1.25,1.31,1.13,1.8
利率,利率,lìlǜ,interest_rate,Na,Noun,1.85,0.35,0.25,0.3,0.25,2.35,0.4,0.5,0.3,0.5,0.3,1.68,0.65,0.54,0.64,0.54,1.74,0.8,0.92,0.46,0.92,0.46,1.04,1.85
哥哥,哥哥,gēgē,elder brother,Na,Noun,3.1,2.25,0.65,1.05,1.55,2.8,0.95,1.05,1.35,1.0,1.1,1.89,2.09,1.53,1.66,1.94,1.83,1.53,1.66,1.85,1.61,1.67,3.17,2.44
社会主义,社會主義,shèhuìzhǔyì,socialism,Na,Noun,1.4,1.3,0.1,0.2,0.1,2.55,0.3,0.5,0.45,0.6,0.65,1.5,1.45,0.44,0.51,0.3,1.75,0.56,0.87,0.97,0.97,1.01,1.57,2.02
慢慢,慢慢,mànmàn,slowly,VH,Adjective,2.35,1.45,0.25,0.25,1.5,2.65,2.55,2.4,1.9,1.95,2.25,1.82,1.69,0.62,0.62,1.91,1.82,1.88,1.74,1.81,1.83,1.95,1.74,1.7
摆脱,擺脫,bǎituō,get rid of,VC,Verb,1.95,0.85,0.45,0.4,1.45,2.8,2.7,3.0,1.3,2.1,2.75,2.04,1.35,0.97,0.86,1.77,1.83,1.71,1.58,1.52,1.7,1.73,2.57,2.16
表演,表演,biǎoyǎn,performance,VC,Verb,4.35,3.95,0.45,0.65,1.1,2.4,3.3,3.45,3.2,3.4,3.65,1.28,1.47,1.16,1.28,1.51,1.71,1.73,1.66,2.01,1.66,1.59,3.83,2.22
胖,胖,pàng,fat,A,Adjective,4.1,0.35,0.6,0.5,1.6,2.3,1.1,1.15,0.85,0.8,1.55,1.22,0.65,1.11,1.02,1.74,1.68,1.37,1.39,1.31,1.29,1.5,3.83,2.01
居民,居民,jūmín,towny,Na,Noun,1.9,1.3,0.2,0.3,0.25,1.8,0.55,0.5,0.4,0.4,0.5,1.73,1.58,0.51,0.56,0.54,1.75,0.97,0.97,0.92,0.92,0.92,3.26,2.27
邮票,郵票,yóupiào,stamp,Na,Noun,3.35,0.2,0.55,0.45,1.95,0.7,0.2,1.95,0.8,0.2,0.25,1.77,0.68,0.97,0.86,1.96,1.0,0.51,1.88,1.17,0.51,0.54,1.61,1.88
人员,人員,rényuán,personnel,Na,Noun,2.6,1.25,0.15,0.15,0.7,1.35,0.9,1.15,0.9,0.85,1.05,1.77,1.48,0.48,0.48,1.0,1.49,1.45,1.56,1.37,1.49,1.63,2.83,2.04
汪汪,汪汪,wāngwāng,tearful,A,Adjective,1.85,4.6,0.25,0.85,1.85,1.25,1.0,1.3,1.6,1.0,1.0,1.8,0.73,0.7,1.46,1.68,1.41,1.34,1.35,1.74,1.18,1.34,1.35,1.78
稀,稀,xī,sparse,A,Adjective,3.0,0.65,1.7,1.3,2.15,1.95,0.2,1.25,0.95,0.25,0.2,1.92,0.96,1.68,1.45,1.65,1.53,0.4,1.73,1.4,0.54,0.4,0.96,1.43
奋斗,奮鬥,fèndòu,struggle,VA,Verb,1.95,1.15,0.3,0.25,0.4,3.25,1.95,2.45,1.85,1.4,2.05,1.94,1.62,0.78,0.62,1.02,1.51,1.56,1.63,1.8,1.62,1.77,2.91,2.08
粉笔,粉筆,fěnbǐ,chalk,Na,Noun,3.4,2.3,0.65,1.0,2.75,0.75,0.4,2.7,0.75,0.95,1.5,1.88,1.98,1.06,1.38,2.0,1.04,0.66,2.1,0.99,1.32,1.66,1.96,2.1
打,打,dǎ,beat,VC,Verb,3.05,2.55,0.35,0.45,2.9,2.45,2.4,4.15,1.6,2.1,3.25,1.77,1.83,0.91,1.02,2.05,2.01,1.91,1.01,1.56,1.76,1.73,4.0,1.89
飞行,飛行,fēixíng,flight,VA,Verb,3.85,3.0,0.85,1.15,1.9,2.65,2.35,3.0,1.35,1.75,3.2,1.59,1.73,1.28,1.49,1.45,1.49,1.56,1.64,1.71,1.97,1.4,2.48,1.95
佳丽,佳麗,jiālì,beauty,Na,Noun,4.3,1.55,0.55,1.3,1.7,2.7,0.85,1.0,1.1,1.25,1.05,1.0,1.8,0.97,1.71,1.85,1.31,1.31,1.3,1.41,1.48,1.32,2.52,2.46
事故,事故,shìgù,accident,Na,Noun,4.05,3.7,1.25,2.1,1.95,2.6,2.3,2.4,2.25,2.45,2.4,1.12,1.31,1.44,1.64,1.77,1.77,1.65,1.66,1.73,1.66,1.59,1.83,1.9
阳光,陽光,yángguāng,sunlight,Na,Noun,4.55,0.7,0.7,1.85,2.45,3.0,1.05,1.0,1.25,1.65,1.1,0.74,1.14,1.23,1.68,1.86,1.73,1.28,1.26,1.41,1.39,1.3,1.13,1.8
热情,熱情,rèqíng,enthusiasm,Na,Noun,2.55,2.2,0.85,0.85,1.85,4.05,1.7,2.65,2.65,2.4,2.3,1.88,1.78,1.42,1.42,1.59,1.24,1.62,1.71,1.98,1.74,1.71,2.7,2.11
知识,知識,zhīshí,knowledge,Na,Noun,2.45,2.15,0.6,0.6,0.8,3.45,0.9,1.4,1.75,1.35,1.1,1.86,2.01,1.07,1.07,1.29,1.56,1.48,1.74,1.7,1.62,1.37,1.87,2.11
世界,世界,shìjiè,world,Nc,Noun,3.5,2.65,2.35,2.1,2.4,3.0,2.0,1.95,1.85,2.2,2.05,1.66,1.98,2.03,2.0,1.96,1.73,2.05,2.01,2.06,2.09,2.06,1.65,1.97
本分,本分,běnfèn,one's duty,Na,Noun,0.95,0.4,0.3,0.25,0.4,2.7,1.05,1.1,0.95,1.0,1.0,1.07,0.86,0.78,0.62,0.86,1.95,1.28,1.41,1.24,1.26,1.34,1.7,1.99
螃蟹,螃蟹,pángxiè,crab,Na,Noun,4.05,2.25,3.7,3.1,3.25,1.2,1.25,2.3,1.9,1.15,1.15,1.4,1.79,1.58,1.64,1.79,1.44,1.37,1.82,1.58,1.28,1.28,1.09,1.72
凤凰,鳳凰,fènghuáng,phoenix,Na,Noun,4.15,2.25,0.75,0.95,1.55,2.05,0.75,1.25,0.95,0.95,0.85,1.28,1.81,1.22,1.4,1.53,1.91,1.18,1.61,1.43,1.36,1.42,0.91,1.53
抵达,抵達,dǐdá,arrive,VCL,Verb,2.6,1.5,0.4,0.4,0.85,1.9,3.35,2.5,1.65,2.1,2.65,1.91,1.6,0.58,0.58,1.42,1.73,1.77,1.8,1.71,2.1,1.98,3.22,2.19
幻想,幻想,huànxiǎng,fantasy,VE,Verb,2.9,1.9,1.45,1.45,1.65,3.9,1.2,1.25,1.3,1.6,1.35,2.19,2.02,1.86,1.86,1.71,1.09,1.5,1.48,1.55,1.69,1.53,2.57,2.43
医疗,醫療,yīliáo,medical care,VC,Verb,2.9,2.25,1.4,2.0,2.7,2.15,2.0,2.3,2.05,1.95,2.15,1.89,1.84,1.74,1.7,1.65,1.8,1.76,1.87,1.83,1.75,1.8,2.78,2.17
坐,坐,zuò,sit,VA,Verb,2.7,0.9,0.5,0.5,2.35,1.4,3.95,2.75,0.95,1.65,3.7,2.0,1.3,0.97,0.81,2.06,1.5,1.4,1.7,1.4,1.74,1.38,4.48,1.84
善恶,善惡,shàn'è,good and evil,Na,Noun,1.9,1.05,0.75,0.75,0.95,3.95,0.75,0.8,0.95,0.75,0.85,1.81,1.53,1.37,1.37,1.53,1.36,1.18,1.21,1.47,1.13,1.35,1.74,1.98
屠夫,屠夫,túfū,butcher,Na,Noun,3.75,2.25,1.05,1.95,1.25,1.7,1.25,2.95,0.95,1.35,2.15,1.41,1.61,1.63,1.77,1.55,1.85,1.3,1.94,1.12,1.49,1.56,3.26,2.49
选举,選舉,xuǎnjǔ,election,Na,Noun,2.85,2.35,0.05,0.05,0.35,1.85,1.2,2.75,2.1,1.65,1.7,1.82,1.74,0.22,0.22,0.57,1.77,1.6,1.81,1.84,1.71,1.62,2.65,2.24
土地,土地,tǔdì,soil,Na,Noun,3.55,0.3,0.7,1.25,2.1,1.2,1.3,0.9,0.35,0.5,0.7,1.53,0.64,1.23,1.51,1.81,1.4,1.42,1.22,0.79,0.67,0.95,1.52,1.77
湿漉漉,濕漉漉,shīlùlù,damp,A,Adjective,3.85,1.1,0.85,1.3,4.3,2.2,0.7,0.8,0.7,0.55,0.9,1.28,1.34,1.28,1.45,1.23,1.5,0.95,1.21,1.14,0.92,1.04,1.61,1.66
花朵,花朵,huāduǒ,flower,Na,Noun,4.55,0.4,1.1,3.35,2.9,1.45,0.35,1.25,0.7,0.6,0.55,0.97,0.86,1.61,1.85,1.61,1.56,0.79,1.61,1.05,1.02,0.97,1.0,1.59
末世,末世,mòshì,eschatology,Nd,Noun,2.3,1.25,0.5,0.9,1.0,3.7,0.9,1.0,0.85,1.05,1.1,1.79,1.61,1.07,1.55,1.52,1.49,1.14,1.3,1.19,1.4,1.48,1.26,1.7
校园,校園,xiàoyuán,campus,Nc,Noun,3.75,2.8,0.7,0.85,1.15,2.3,1.4,1.25,1.2,1.15,1.25,1.51,1.83,0.9,1.01,1.19,1.9,1.66,1.55,1.5,1.31,1.51,2.26,2.25
家事,家事,jiāshì,family affairs,Na,Noun,1.95,2.0,0.4,0.7,1.05,3.05,1.5,1.65,1.1,1.25,1.45,1.8,1.7,0.92,1.31,1.53,1.63,1.5,1.53,1.22,1.3,1.32,2.22,2.24
风景,風景,fēngjǐng,landscape,Na,Noun,4.85,2.05,0.5,1.3,1.25,2.6,1.3,1.25,0.6,1.45,1.35,0.48,1.75,0.92,1.45,1.18,1.83,1.49,1.44,0.8,1.4,1.31,1.57,1.79
妖术,妖術,yāoshù,witchcraft,Na,Noun,3.15,2.25,0.55,1.1,1.2,2.9,1.1,1.75,1.65,1.5,1.9,1.68,1.61,0.97,1.34,1.25,1.55,1.37,1.58,1.8,1.43,1.67,1.87,1.96
报导,報導,bàodǎo,report,VE,Verb,3.15,4.15,0.15,0.15,0.35,1.55,0.65,1.35,2.55,1.8,1.2,1.71,1.11,0.48,0.48,0.85,1.5,1.06,1.28,1.91,1.36,1.4,3.04,2.18
长城,長城,chángchéng,great wall,Nc,Noun,4.6,0.6,0.1,0.25,2.05,1.55,2.2,1.4,0.65,1.3,1.55,0.92,1.11,0.44,0.54,1.77,1.47,1.57,1.39,0.96,1.42,1.4,2.04,1.9
面具,面具,miànjù,mask,Na,Noun,4.4,0.45,0.15,0.1,3.0,1.4,0.35,1.85,0.8,2.2,1.05,1.2,1.16,0.48,0.3,1.87,1.69,0.79,1.59,1.25,1.6,1.2,2.83,2.2
成立,成立,chénglì,establish,VC,Verb,1.2,0.5,0.1,0.05,0.25,2.7,0.35,0.55,0.6,0.4,0.35,1.72,0.81,0.44,0.22,0.62,2.05,0.65,0.8,1.07,0.73,0.73,1.83,1.88
奴隶,奴隸,núlì,slave,Na,Noun,3.4,1.65,0.2,0.75,1.05,3.2,1.7,1.75,1.2,1.35,1.6,1.62,1.59,0.68,1.34,1.53,1.63,1.85,1.84,1.47,1.53,1.74,3.22,2.41
寄,寄,jì,send,VD,Verb,2.45,0.75,0.1,0.0,1.5,1.35,1.8,3.15,0.7,0.95,1.85,1.53,1.13,0.3,0.0,1.57,1.74,1.5,1.88,1.1,1.43,1.8,2.71,2.14
喷泉,噴泉,pēnquán,fountain,Na,Noun,4.4,3.6,0.25,0.95,1.8,1.45,0.35,0.55,0.6,0.5,0.35,0.92,1.43,0.43,1.2,1.66,1.28,0.57,0.74,1.11,0.87,0.57,1.48,1.89
妓女,妓女,jìnǚ,prostitute,Na,Noun,3.85,2.55,0.7,1.3,2.3,2.95,1.75,2.0,1.85,2.0,2.1,0.96,1.66,1.38,1.42,1.73,1.32,1.73,1.61,1.62,1.61,1.55,2.76,2.27
变量,變量,biànliàng,variable,Na,Noun,1.85,0.9,0.85,0.75,0.9,2.35,0.45,0.45,0.3,0.3,0.35,1.59,1.26,1.28,1.09,1.37,1.77,1.02,0.86,0.78,0.9,0.91,0.9,1.19
雪茄,雪茄,xuějiā,cigar,Na,Noun,3.6,0.85,2.5,3.2,2.15,1.6,0.6,1.85,2.65,1.5,0.85,1.28,0.96,1.83,1.33,1.46,1.39,0.97,1.65,1.82,1.63,1.31,2.05,2.03
表象,表象,biǎoxiàng,representation,Na,Noun,3.55,0.85,0.45,0.4,0.75,2.4,0.55,0.65,0.65,0.65,0.55,1.6,1.62,1.07,0.97,1.37,1.69,1.12,1.24,1.24,1.15,1.12,1.14,1.36
聚会,聚會,jùhuì,reunion,Na,Noun,3.8,3.5,1.9,1.95,2.2,3.35,1.55,1.75,2.05,1.75,1.65,1.29,1.6,1.64,1.63,1.89,1.11,1.5,1.44,1.75,1.67,1.53,2.29,1.86
渊源,淵源,yuānyuán,origin,Na,Noun,1.4,1.0,0.4,0.45,0.5,3.45,0.4,0.4,0.6,0.45,0.35,1.53,1.34,0.92,0.97,0.92,1.47,0.8,0.73,1.07,0.97,0.91,0.95,1.56
情侣,情侶,qínglǚ,couple,Na,Noun,3.9,2.95,0.7,1.1,2.0,3.25,1.05,1.05,1.25,1.1,1.3,1.04,1.69,1.0,1.45,1.9,1.51,1.32,1.43,1.58,1.37,1.42,2.9,2.04
彩票,彩票,cǎipiào,lottery,Na,Noun,2.85,1.0,0.3,0.3,1.05,2.6,0.6,1.05,0.7,0.6,0.6,1.82,1.22,0.9,0.9,1.72,1.83,1.07,1.43,1.38,1.11,1.2,1.43,1.92
麻将,麻將,májiāng,mahjong,Na,Noun,3.95,3.25,0.25,0.75,2.95,2.7,0.55,3.45,2.05,1.7,1.55,1.12,1.61,0.89,1.41,1.69,1.62,1.16,1.4,1.6,1.58,1.63,2.24,2.14
沙漠,沙漠,shāmò,desert,Na,Noun,4.35,1.65,0.35,1.0,2.65,2.9,1.1,0.95,0.9,1.05,1.1,0.85,1.53,1.11,1.45,1.85,1.55,1.48,1.43,1.55,1.43,1.48,1.19,1.82
唱片,唱片,chàngpiàn,record,Na,Noun,2.9,4.55,0.05,0.15,1.55,2.35,0.45,0.7,0.5,0.9,0.6,1.67,0.67,0.22,0.65,1.75,1.68,1.12,1.35,1.12,1.3,1.2,1.43,1.81
进口,進口,jìnkǒu,importing,VC,Verb,1.75,0.55,0.15,0.15,0.85,1.9,0.55,0.6,0.5,0.55,0.55,1.79,0.92,0.48,0.48,1.49,1.58,1.16,1.16,1.16,1.16,1.16,1.33,1.61
失眠,失眠,shīmián,insomnia,VH,Adjective,1.9,1.25,0.1,0.2,0.8,4.15,0.8,0.75,0.5,1.2,1.35,1.7,1.22,0.44,0.4,1.12,1.19,1.25,1.26,0.67,1.4,1.42,2.62,2.17
废墟,廢墟,fèixū,ruins,Na,Noun,4.5,1.45,0.55,1.25,1.9,3.5,1.1,1.0,0.45,1.2,1.25,0.74,1.43,1.12,1.44,1.81,1.36,1.18,1.26,0.8,1.36,1.44,0.9,1.63
对手,對手,duìshǒu,opposite,Na,Noun,3.15,1.7,0.05,0.3,1.2,3.4,0.95,1.1,0.95,1.1,1.15,1.56,1.55,0.22,0.78,1.36,1.46,1.28,1.48,1.32,1.45,1.42,1.95,1.73
成语,成語,chéngyǔ,idiom,Na,Noun,2.3,2.75,0.05,0.0,0.15,2.4,0.2,0.4,1.75,0.65,0.35,1.76,1.64,0.22,0.0,0.36,1.74,0.4,0.92,1.76,0.91,0.65,1.24,1.8
出版,出版,chūbǎn,publishing,VC,Verb,3.15,0.95,0.05,0.1,0.9,2.35,0.5,0.95,0.6,0.75,0.85,1.49,1.07,0.22,0.3,1.26,1.56,0.92,1.12,0.97,1.09,1.15,1.24,1.77
地位,地位,dìwèi,estate_of_the_realm,Na,Noun,2.85,1.3,0.1,0.1,0.4,3.7,0.45,0.6,0.45,0.75,0.65,1.68,1.45,0.3,0.3,0.66,1.35,0.97,0.92,0.8,1.26,1.11,1.76,1.8
微弱,微弱,wēiruò,weak,A,Adjective,3.05,2.05,1.2,1.0,1.9,3.3,1.15,1.15,1.25,0.9,1.05,1.69,1.77,1.6,1.48,1.76,1.42,1.59,1.59,1.67,1.45,1.53,2.71,2.16
三月,三月,sānyuè,march,Nd,Noun,2.3,1.45,0.5,1.05,1.25,3.3,0.8,0.75,0.65,0.85,0.85,1.58,1.24,0.81,1.4,1.44,1.42,1.17,1.09,1.15,1.28,1.15,0.71,1.24
外交,外交,wàijiāo,diplomatic,Na,Noun,2.9,2.75,0.2,0.1,1.15,3.05,1.6,1.95,2.1,1.7,1.75,1.76,1.84,0.87,0.3,1.42,1.5,1.59,1.66,1.87,1.65,1.64,1.71,1.86
直接,直接,zhíjiē,direct,VH,Adjective,2.65,1.9,0.9,0.85,1.6,3.2,1.1,1.25,1.25,0.85,1.3,1.88,1.84,1.55,1.59,1.71,1.6,1.55,1.64,1.67,1.49,1.76,1.05,1.4
车裂,車裂,chēliè,caravan,Na,Noun,4.4,2.25,0.1,0.45,1.85,3.25,1.6,1.6,1.65,1.75,2.05,0.86,1.73,0.3,1.07,1.68,1.64,1.85,1.91,1.85,2.0,1.99,1.95,2.24
始终,始終,shǐzhōng,always,D,Adverb,0.85,0.45,0.1,0.15,0.55,3.55,0.3,0.3,0.35,0.4,0.55,0.79,0.59,0.3,0.36,0.97,1.56,0.46,0.56,0.57,0.49,1.16,0.67,1.04
朗诵,朗誦,lǎngsòng,recite,VC,Verb,3.15,4.5,0.05,0.05,0.45,2.35,0.85,1.55,3.75,2.35,1.7,1.42,0.87,0.22,0.22,0.97,1.49,0.85,1.53,1.73,1.39,1.52,3.33,2.19
轰炸,轟炸,hōngzhà,bombing,VC,Verb,4.6,4.2,0.55,2.15,2.15,3.6,1.35,1.25,1.0,1.6,1.5,0.66,1.57,1.16,1.62,1.65,1.46,1.31,1.34,1.26,1.5,1.53,2.14,2.08
饥民,饑民,jīmín,hungry,Na,Noun,4.1,2.9,0.95,1.65,1.55,3.45,1.2,1.05,1.8,1.1,1.15,1.26,1.67,1.24,1.49,1.5,1.43,0.93,0.86,1.54,1.09,1.06,2.67,2.38
激动,激動,jīdòng,excited,VH,Adjective,3.65,3.25,0.65,0.45,1.6,4.4,1.9,2.15,2.1,1.9,2.2,1.35,1.51,1.31,1.07,1.62,0.97,1.7,1.62,1.61,1.64,1.78,2.67,2.12
地雷,地雷,dìléi,mines,Na,Noun,3.45,3.5,0.2,1.05,2.25,2.9,2.05,1.85,1.2,1.5,2.1,1.12,1.53,0.87,1.77,1.92,1.79,1.91,1.82,1.54,1.53,1.89,1.14,1.73
风韵,風韻,fēngyùn,charm,Na,Noun,3.7,1.4,0.65,1.0,1.1,3.95,1.3,1.25,1.2,1.35,1.7,1.52,1.39,1.35,1.45,1.41,1.32,1.65,1.61,1.47,1.65,1.65,1.9,1.85
行业,行業,hángyè,industry,Na,Noun,2.15,1.45,0.25,0.45,0.9,2.55,0.95,1.2,1.15,1.0,1.0,1.96,1.66,0.7,1.07,1.45,1.56,1.24,1.44,1.39,1.22,1.38,0.71,1.08
不少,不少,bùshǎo,many,VH,Adjective,3.45,2.15,1.35,1.25,2.05,3.15,0.85,0.7,0.8,0.8,0.6,1.66,1.88,1.77,1.73,2.01,1.46,1.42,1.27,1.25,1.36,1.11,0.76,1.23
鸡蛋,雞蛋,jīdàn,egg,Na,Noun,4.0,1.1,3.45,2.3,2.9,1.3,0.55,1.1,1.75,0.75,0.85,1.18,1.58,1.5,1.62,1.73,1.23,1.07,1.61,1.95,1.09,1.19,0.95,1.59
烧伤,燒傷,shāoshāng,burn,VC,Verb,4.1,1.25,0.6,1.65,3.1,3.85,1.1,1.3,1.05,0.95,1.4,0.89,1.44,1.28,1.68,1.7,1.24,1.26,1.62,1.28,1.2,1.59,2.57,2.11
耐性,耐性,nàixìng,patience,Na,Noun,1.25,0.7,0.25,0.15,0.25,3.95,0.8,0.75,0.75,0.7,0.8,1.37,1.1,0.89,0.36,0.62,1.28,1.12,1.13,1.22,1.05,1.21,1.57,1.73
酥,酥,sū,crisp/flaky,A,Adjective,2.9,2.05,3.2,2.2,3.0,3.4,0.6,1.3,2.7,0.85,0.95,1.51,1.83,1.66,1.94,1.73,1.53,0.86,1.52,1.82,1.06,1.36,1.29,1.48
远见,遠見,yuǎnjiàn,foresight,Na,Noun,2.2,1.05,0.2,0.1,0.3,3.5,0.35,0.35,0.8,0.55,0.45,1.83,1.32,0.68,0.3,0.46,1.53,0.65,0.65,0.93,1.02,0.8,1.52,1.68
怪物,怪物,guàiwù,monster,Na,Noun,4.3,3.25,0.85,1.85,2.05,3.75,1.6,1.65,1.7,1.75,1.6,1.14,1.48,1.53,1.88,1.86,1.3,1.53,1.59,1.68,1.64,1.56,1.43,1.76
风光,風光,fēngguāng,scenery,Na,Noun,4.25,1.85,0.25,0.95,1.05,3.45,1.1,1.1,1.1,1.3,1.15,0.89,1.71,0.54,1.43,1.69,1.43,1.37,1.37,1.37,1.49,1.56,1.19,1.71
观点,觀點,guāndiǎn,view,Na,Noun,1.7,1.8,0.4,0.5,0.5,3.45,0.45,0.55,1.85,1.25,0.5,1.62,1.83,1.02,1.07,0.87,1.32,0.92,1.02,1.8,1.48,0.92,1.48,1.62
蔫,蔫,niān,withering,A,Adjective,3.75,1.0,1.45,0.9,1.5,2.65,0.6,0.6,0.8,0.6,0.55,1.3,1.41,1.94,1.34,1.69,1.53,0.86,0.73,1.12,0.86,1.02,1.33,1.58
少女,少女,shàonǚ,girl,Na,Noun,4.35,2.8,0.6,1.1,1.5,3.1,1.05,1.1,1.15,1.2,1.25,0.79,1.86,1.39,1.61,1.66,1.67,1.32,1.37,1.35,1.33,1.37,2.9,2.18
尚未,尚未,shàngwèi,not_yet,D,Adverb,1.05,0.55,0.25,0.35,0.45,2.9,0.4,0.5,0.45,0.5,0.4,1.47,0.97,0.77,0.91,0.97,1.81,0.66,0.81,0.59,0.67,0.58,0.86,1.28
争取,爭取,zhēngqǔ,strive for,VC,Verb,2.4,1.8,0.15,0.15,1.0,3.5,1.7,2.0,1.95,1.4,1.7,1.53,1.54,0.48,0.48,1.3,1.32,1.55,1.61,1.77,1.43,1.68,2.05,2.1
成为,成為,chéngwéi,become,VG,Verb,1.95,0.9,0.2,0.15,0.55,3.4,0.8,1.3,1.1,1.05,1.05,1.5,1.18,0.51,0.48,1.02,1.28,0.98,1.45,1.22,1.24,1.2,2.1,2.2
建立,建立,jiànlì,establish,VC,Verb,2.6,1.3,0.25,0.2,0.65,2.7,1.35,2.05,1.6,1.6,1.75,1.56,1.31,0.62,0.51,0.96,1.65,1.35,1.6,1.5,1.59,1.64,1.95,1.96
欣慰,欣慰,xīnwèi,gratitude,VK,Verb,2.3,1.65,0.6,0.45,0.7,3.85,0.65,0.85,1.1,1.45,1.05,1.58,1.56,1.28,0.86,0.9,1.31,0.96,0.91,1.3,1.63,1.24,2.38,2.17
首都,首都,shǒudū,national_capital,Nc,Noun,3.65,2.25,1.05,1.0,1.4,2.95,1.0,0.85,1.0,1.0,0.9,1.56,1.64,1.53,1.52,1.69,1.56,1.52,1.31,1.41,1.38,1.3,0.95,1.53
猝死,猝死,cùsǐ,sudden death,VH,Adjective,3.1,2.15,0.5,0.75,1.4,3.85,1.5,1.55,1.2,1.5,1.9,1.84,1.82,1.02,1.22,1.56,1.15,1.47,1.47,1.47,1.47,1.7,3.05,2.21
后来,後來,hòulái,after,Nd,Noun,1.75,1.15,0.45,0.45,0.4,2.9,0.7,0.7,0.65,0.85,0.75,1.61,1.28,0.74,0.8,0.66,1.55,1.0,1.05,0.96,1.11,1.09,1.14,1.81
真的,真的,zhēnde,really,D,Adverb,2.3,2.25,0.95,0.85,1.7,3.55,0.8,1.05,1.4,1.05,1.1,1.82,1.81,1.5,1.46,2.05,1.47,1.03,1.43,1.53,1.36,1.22,0.95,1.59
勾当,勾當,gòudàng,dirty work,Na,Noun,2.8,1.95,0.5,0.45,0.8,3.15,1.5,1.9,1.75,1.85,1.95,1.63,1.75,1.02,1.16,1.29,1.53,1.69,1.73,1.7,1.85,1.75,1.29,1.72
燥,燥,zào,dry,A,Adjective,3.35,1.85,1.35,1.3,2.3,3.6,0.85,1.05,1.65,1.2,1.05,1.28,1.65,1.53,1.49,1.79,1.46,1.19,1.28,1.74,1.57,1.36,1.43,1.62
平稳,平穩,píngwěn,smooth,VH,Adjective,3.2,1.45,0.45,0.55,1.45,3.3,1.7,1.55,0.6,1.4,1.4,1.47,1.4,0.97,1.02,1.75,1.27,1.62,1.6,0.86,1.59,1.69,1.52,1.79
恋人,戀人,liànrén,lover,Na,Noun,4.0,2.7,0.75,1.55,2.65,4.0,1.45,1.65,2.15,1.75,1.9,0.95,1.65,1.26,1.69,1.82,1.3,1.47,1.62,1.68,1.55,1.7,3.33,2.21
戏曲,戲曲,xìqǔ,Chinese opera,Na,Noun,3.95,4.45,0.7,0.9,1.0,2.85,1.95,2.2,2.75,2.85,2.85,1.5,1.02,1.31,1.26,1.18,1.56,1.77,1.83,1.76,1.88,2.03,1.81,1.97
臊,臊,sāo,of urine's smell,A,Adjective,2.5,1.2,1.05,1.9,1.0,3.25,0.65,0.75,1.2,1.25,1.0,1.32,1.25,1.56,1.97,1.14,1.51,0.91,0.89,1.6,1.51,1.38,1.43,1.62
只,只,zhǐ,only,Da,Adverb,1.95,0.6,0.35,0.45,0.95,2.25,0.5,0.5,0.4,0.4,0.55,1.63,0.92,0.73,0.92,1.43,1.87,0.92,0.92,0.73,0.92,1.12,0.62,1.17
邀请,邀請,yāoqǐng,invite,VC,Verb,2.85,2.05,0.25,0.15,0.6,2.4,0.5,2.1,2.35,0.85,0.85,1.62,1.77,0.7,0.48,1.02,1.43,0.59,1.26,1.93,0.85,1.11,2.48,1.97
宝库,寶庫,bǎokù,treasure house,Na,Noun,3.35,1.45,0.2,0.35,1.35,2.3,0.75,1.1,0.7,1.1,0.9,1.68,1.63,0.51,0.65,1.53,1.79,1.09,1.37,1.27,1.45,1.26,1.38,1.79
成败,成敗,chéngbài,success or failure,Na,Noun,1.65,0.8,0.4,0.4,0.55,4.15,0.5,0.35,0.55,0.7,0.5,1.74,1.12,0.97,1.16,1.07,1.28,0.81,0.48,0.8,1.0,0.67,1.48,1.94
人质,人質,rénzhì,hostage,Na,Noun,3.7,2.1,0.55,0.55,0.75,2.85,1.2,1.25,1.05,0.85,1.3,1.14,1.92,1.12,1.2,1.13,1.8,1.33,1.64,1.47,1.01,1.23,3.05,2.32
循环,循環,xúnhuán,cycle,Na,Noun,2.95,1.3,0.6,0.45,0.75,2.45,0.75,0.65,0.5,0.5,0.6,1.56,1.42,1.02,0.74,1.26,1.6,1.26,0.96,0.87,0.67,0.73,1.1,1.63
德行,德行,déxíng,virtue,Na,Noun,1.6,0.95,0.15,0.25,0.35,3.85,0.9,0.95,0.9,0.95,1.15,1.77,1.24,0.48,0.54,0.79,1.31,1.3,1.32,1.34,1.4,1.42,1.86,1.88
爱慕,愛慕,àimù,admire,VJ,Verb,2.6,1.65,0.3,0.4,1.15,4.25,0.75,1.0,1.15,1.3,1.25,1.96,1.82,0.71,0.73,1.59,1.13,1.04,1.34,1.56,1.55,1.41,2.57,2.19
词语,詞語,cíyǔ,word,Na,Noun,2.15,2.55,0.4,0.3,0.25,1.75,0.35,0.3,1.85,0.6,0.25,2.01,1.72,1.02,0.78,0.7,1.79,1.15,0.9,1.74,0.92,0.62,1.33,1.94
展品,展品,zhǎnpǐn,exhibits,Na,Noun,4.6,0.9,0.45,0.6,1.95,1.65,0.6,1.15,0.55,1.25,1.0,0.66,1.14,0.92,1.11,1.66,1.71,0.97,1.74,1.12,1.48,1.3,1.76,2.11
能够,能夠,nénggòu,capable,D,Adverb,1.4,0.85,0.6,0.45,0.7,2.95,0.75,0.8,0.6,0.75,0.7,1.59,1.19,1.24,0.92,1.19,1.8,1.13,1.17,0.86,1.09,1.0,1.19,1.84
麻,麻,má,trembling,A,Adjective,1.15,0.35,1.45,0.7,2.7,3.45,1.75,1.65,1.0,1.15,1.55,1.8,0.73,1.94,1.31,1.85,1.6,1.73,1.65,1.48,1.59,1.6,2.14,2.01
构思,構思,gòusī,conceive,VE,Verb,2.15,1.3,0.25,0.15,0.75,3.8,0.5,0.8,1.1,1.4,0.95,1.82,1.58,0.54,0.48,1.3,1.17,1.02,1.47,1.51,1.59,1.53,2.1,2.02
注重,注重,zhùzhòng,focus on,VJ,Verb,1.85,1.05,0.35,0.35,0.85,3.55,0.45,0.5,0.95,0.6,0.45,1.59,1.53,0.79,0.79,1.24,1.43,0.8,0.97,1.36,1.07,0.97,1.62,2.03
主权,主權,zhǔquán,sovereignty,Na,Noun,1.7,0.9,0.4,0.3,0.5,3.9,0.6,0.6,0.95,0.45,0.7,1.73,1.3,1.16,0.78,1.07,1.14,1.28,1.16,1.4,0.67,1.27,1.76,1.85
板凳,板凳,bǎndèng,bench,Na,Noun,3.6,0.75,0.25,0.35,2.05,1.0,1.75,0.85,0.5,0.5,1.3,1.53,1.22,0.7,0.96,1.56,1.14,1.58,1.35,1.07,0.87,1.31,1.81,1.71
项目,項目,xiàngmù,project,Na,Noun,3.0,1.6,0.45,0.4,0.7,2.1,0.95,1.25,1.25,1.0,1.0,2.05,1.8,1.16,1.11,1.0,1.48,1.24,1.48,1.61,1.22,1.14,1.48,1.92
起来,起來,qǐlái,stand up,VA,Verb,2.75,1.35,0.45,0.7,1.35,1.9,3.25,2.45,1.25,1.55,3.65,1.67,1.53,1.07,1.31,1.65,1.58,1.67,1.72,1.73,1.66,1.31,3.48,2.17
安全,安全,ānquán,safety,VH,Adjective,2.4,1.7,0.6,1.05,1.5,3.65,1.15,1.15,0.7,1.2,1.15,1.83,1.71,1.11,1.47,1.66,1.46,1.59,1.59,1.05,1.4,1.46,1.71,1.96
亲吻,親吻,qīnwěn,kiss,VC,Verb,3.25,1.85,1.65,1.7,3.9,3.1,0.85,1.6,4.45,3.5,1.85,1.79,1.65,1.53,1.68,1.37,2.1,1.39,1.53,0.92,1.53,1.59,4.29,2.0
相关,相關,xiāngguān,related,VH,Adjective,1.8,1.2,0.7,0.65,0.8,2.35,0.7,0.6,0.5,0.45,0.65,1.86,1.69,1.38,1.11,1.25,1.71,1.27,1.02,0.97,0.8,0.85,1.14,1.73
低于,低於,dīyú,below,VJ,Verb,3.4,1.0,0.25,0.35,0.75,1.7,0.5,0.7,0.6,0.85,0.6,1.74,1.38,0.54,0.73,1.48,1.76,0.87,1.35,1.11,1.31,1.16,1.1,1.8
成果,成果,chéngguǒ,achievement,Na,Noun,3.05,1.25,0.55,0.5,0.9,2.65,0.7,0.75,0.75,1.0,0.75,1.86,1.79,1.2,1.12,1.22,1.88,1.31,1.37,1.22,1.3,1.34,1.38,1.79
机缘,機緣,jīyuán,chance,Na,Noun,1.75,1.0,0.25,0.45,0.8,3.1,0.85,0.8,0.6,0.8,0.5,1.87,1.58,0.62,0.86,1.29,1.73,1.46,1.21,0.92,1.21,0.97,1.43,1.73
旋律,旋律,xuánlǜ,melody,Na,Noun,1.05,4.8,0.15,0.3,0.45,2.9,1.0,1.4,1.5,1.9,1.25,1.47,0.4,0.48,0.78,1.16,1.64,1.48,1.69,1.6,1.51,1.58,1.14,1.42
占,佔,zhàn,occupy,VJ,Verb,2.2,1.05,0.35,0.3,1.3,1.9,1.65,1.45,0.55,0.85,1.35,1.78,1.47,0.57,0.56,1.85,1.51,1.62,1.66,1.16,1.39,1.71,1.43,1.76
审阅,審閱,shěnyuè,review,VC,Verb,4.1,1.0,0.1,0.35,0.9,2.3,0.55,1.55,0.7,1.8,1.0,1.45,1.58,0.3,1.11,1.61,1.58,0.92,1.75,1.19,1.5,1.45,2.76,2.35
奖章,獎章,jiǎngzhāng,medal,Na,Noun,4.05,0.8,0.2,0.2,2.0,2.0,0.55,1.35,0.8,0.95,1.05,1.36,1.44,0.51,0.68,1.84,1.9,0.86,1.8,1.17,1.4,1.47,1.38,1.84
觉醒,覺醒,juéxǐng,awakening,VH,Adjective,1.7,1.1,0.3,0.2,0.7,3.9,0.9,0.9,0.9,1.3,1.3,1.9,1.67,0.64,0.51,1.45,1.55,1.55,1.51,1.45,1.58,1.76,2.29,1.98
瓜果,瓜果,guāguǒ,melons and fruits,Na,Noun,4.0,0.25,4.3,3.1,2.7,1.3,0.65,1.45,2.95,1.1,1.0,1.52,0.54,1.14,1.58,1.65,1.62,1.39,1.88,2.2,1.67,1.52,1.1,1.66
鼓楼,鼓樓,gǔlóu,drum tower,Na,Noun,4.2,1.65,0.45,0.55,0.75,1.65,1.2,0.7,0.6,1.1,0.9,1.36,1.96,1.12,1.02,1.22,1.77,1.5,1.27,1.11,1.61,1.45,1.38,1.89
信心,信心,xìnxīn,hope,Na,Noun,2.25,1.55,0.3,0.2,0.75,4.35,0.95,1.0,1.15,1.15,1.15,1.7,1.43,0.78,0.6,1.09,1.19,1.4,1.45,1.53,1.62,1.42,2.05,1.99
崇拜,崇拜,chóngbài,worship,VJ,Verb,2.75,1.6,0.45,0.45,0.75,4.1,0.95,1.35,1.1,1.3,1.2,1.76,1.36,0.86,0.86,1.09,1.34,1.28,1.53,1.3,1.49,1.5,2.14,1.98
原因,原因,yuányīn,cause,Na,Noun,1.35,1.35,0.7,0.75,0.7,2.55,0.65,0.6,0.9,0.85,0.6,1.46,1.59,1.05,1.13,1.19,1.77,1.11,1.11,1.45,1.28,1.02,0.95,1.7
形势,形勢,xíngshì,situation,Na,Noun,2.45,1.65,0.65,0.7,0.9,2.85,0.8,0.85,0.8,0.85,0.75,1.8,1.62,1.24,1.27,1.34,1.8,1.12,1.39,1.08,1.28,1.13,1.05,1.29
嫩,嫩,nèn,tender,A,Adjective,3.8,0.55,2.15,0.55,3.85,3.05,0.65,1.55,1.3,0.9,0.95,1.12,0.8,1.35,0.67,1.56,1.47,1.01,1.69,1.45,1.26,1.47,1.62,1.91
夫人,夫人,fūrén,lady,Na,Noun,3.15,1.95,0.35,0.8,1.85,2.35,1.25,1.35,1.0,1.3,1.25,1.62,1.88,0.73,1.36,2.03,1.98,1.61,1.62,1.45,1.68,1.61,2.43,2.36
虚惊,虛驚,xūjīng,false alarm,Na,Noun,2.4,1.55,0.35,0.5,1.4,4.2,1.25,1.15,1.15,1.25,1.2,1.8,1.75,0.57,0.87,1.62,0.81,1.55,1.59,1.65,1.58,1.57,1.48,2.04
烈,烈,liè,scorching,A,Adjective,2.8,1.65,2.35,1.95,1.8,2.6,1.05,1.1,1.7,1.15,1.2,1.63,1.49,1.9,1.88,1.54,1.53,1.47,1.45,1.79,1.68,1.5,1.14,1.49
还,還,hái,still,D,Adverb,1.6,0.85,0.4,0.4,1.05,1.9,1.05,1.7,1.15,1.15,1.1,1.62,1.24,0.66,0.66,1.47,1.87,1.5,1.52,1.53,1.59,1.58,1.05,1.4
机能,機能,jīnéng,function,Na,Noun,2.05,1.2,0.45,0.6,1.35,2.05,1.45,1.4,1.2,1.35,1.2,1.72,1.66,1.24,1.32,1.42,1.56,1.66,1.53,1.72,1.65,1.47,1.57,1.43
绵绵,綿綿,miánmián,continuous,A,Adjective,3.1,1.2,0.9,0.55,2.75,2.5,0.9,1.55,0.85,0.85,0.85,1.51,1.29,1.22,1.02,2.02,1.72,1.45,1.69,1.15,1.31,1.39,1.62,1.84
英文,英文,yīngwén,English,Na,Noun,3.15,4.1,0.15,0.15,0.8,2.1,0.7,1.1,2.85,1.15,0.95,1.85,1.22,0.48,0.48,1.4,1.73,1.14,1.48,1.9,1.42,1.24,2.05,2.1
阁楼,閣樓,gélóu,attic,Na,Noun,4.0,0.9,0.4,0.4,1.7,1.8,1.5,1.3,0.75,1.0,1.1,1.05,1.3,0.86,0.86,1.76,1.6,1.53,1.42,1.3,1.48,1.41,1.33,2.03
回,回,huí,return,VCL,Verb,1.9,0.75,0.3,0.3,0.6,1.75,2.1,0.85,0.75,0.8,0.9,1.76,1.3,0.78,0.78,1.16,1.95,1.73,1.31,1.41,1.4,1.45,2.05,1.86
图画,圖畫,túhuà,picture,Na,Noun,4.4,0.3,0.25,0.45,1.3,2.2,0.8,1.55,0.6,1.05,0.9,0.97,0.78,0.77,1.12,1.68,1.78,1.29,1.72,1.07,1.4,1.18,2.43,2.28
权利,權利,quánlì,privilege,Na,Noun,1.55,1.2,0.4,0.45,0.7,3.4,1.15,1.65,1.8,1.5,1.4,1.53,1.57,0.86,0.86,1.19,1.62,1.42,1.65,1.91,1.86,1.8,1.62,1.96
丰满,豐滿,fēngmǎn,full,VH,Adjective,4.3,0.5,0.5,0.55,2.95,2.7,0.95,1.25,0.75,1.05,1.15,1.27,0.87,0.97,1.12,1.86,1.73,1.28,1.44,1.26,1.6,1.59,3.1,2.0
牢笼,牢籠,láolóng,cage,Na,Noun,3.9,1.1,0.55,0.85,2.35,3.55,1.65,1.65,1.25,1.55,1.7,1.41,1.41,0.97,1.24,1.62,1.56,1.82,1.8,1.61,1.75,1.93,1.81,2.01
股市,股市,gǔshì,stock_exchange,Nc,Noun,3.35,1.1,0.3,0.5,1.0,1.9,0.55,1.0,0.9,0.95,0.6,1.74,1.48,0.78,1.2,1.61,1.84,1.2,1.52,1.55,1.32,1.24,1.14,1.67
离婚,離婚,líhūn,divorce,VA,Verb,2.4,1.8,0.65,0.55,1.0,3.8,0.85,1.3,1.4,1.15,1.15,1.91,1.86,1.31,1.2,1.58,1.72,1.42,1.73,1.83,1.62,1.71,2.29,2.16
成绩,成績,chéngjì,batting_average,Na,Noun,2.85,1.5,0.5,0.3,0.5,2.95,0.4,0.7,0.5,0.95,0.8,1.82,1.63,1.07,0.78,0.97,1.86,0.8,1.1,0.87,1.2,1.25,1.76,1.87
展览,展覽,zhǎnlǎn,exhibition,VC,Verb,4.5,2.2,0.7,0.8,1.9,2.1,1.65,1.25,0.95,1.65,1.45,0.81,1.72,1.1,1.25,1.7,1.73,1.56,1.44,1.36,1.71,1.47,2.1,2.16
评论,評論,pínglùn,comment,Na,Noun,2.55,3.2,0.7,0.85,0.7,2.4,0.4,1.2,2.5,1.0,0.95,1.72,1.54,1.35,1.42,1.35,1.93,0.8,1.33,1.86,1.45,1.53,2.43,2.24
标准,標準,biāozhǔn,grade,Na,Noun,2.2,1.2,0.65,0.55,1.0,2.95,1.1,1.1,0.75,1.05,0.95,1.91,1.5,1.06,0.92,1.34,1.94,1.3,1.41,0.99,1.32,1.28,1.1,1.6
成就,成就,chéngjiù,achievement,Na,Noun,2.55,1.3,0.25,0.3,0.8,3.9,0.75,1.2,1.4,1.3,1.1,1.86,1.73,0.77,0.78,1.25,1.37,1.18,1.63,1.8,1.62,1.64,1.76,1.82
普遍,普遍,pǔbiàn,universal,VH,Adjective,1.95,0.9,0.8,0.7,0.9,2.65,0.85,0.75,0.65,0.9,0.7,1.88,1.18,1.08,1.1,1.22,1.8,1.31,1.09,1.15,1.41,1.14,0.9,1.44
开,開,kāi,open,VC,Verb,3.15,1.75,0.55,0.75,2.6,1.4,1.45,3.0,0.95,1.1,1.85,1.82,1.79,1.36,1.41,1.96,1.59,1.56,1.82,1.32,1.61,2.06,2.29,2.03
相同,相同,xiāngtóng,same,VH,Adjective,3.0,1.85,1.6,1.55,2.15,2.65,0.9,0.95,0.95,0.65,0.8,1.76,1.71,1.8,1.75,1.88,1.77,1.26,1.32,1.5,1.15,1.29,1.29,1.75
仁慈,仁慈,réncí,kindness,VH,Adjective,2.35,1.7,0.4,0.55,0.75,3.95,0.8,0.9,1.0,0.95,0.85,1.98,1.58,0.73,1.02,1.18,1.43,1.21,1.41,1.48,1.5,1.46,2.1,1.8
强烈,強烈,qiángliè,strong,VH,Adjective,2.45,1.9,1.8,1.95,1.5,3.5,0.85,0.95,1.15,1.0,1.1,1.96,1.84,1.81,1.94,1.5,1.75,1.46,1.36,1.62,1.38,1.73,2.0,2.02
协助,協助,xiézhù,assist,VC,Verb,2.85,1.65,0.3,0.15,1.45,2.95,1.55,1.9,1.3,1.4,2.0,1.46,1.68,0.64,0.48,1.5,1.6,1.5,1.45,1.49,1.59,1.58,2.52,2.32
浮尘,浮塵,fúchén,floating dust,A,Adjective,3.85,0.65,0.4,1.0,1.4,2.1,0.4,1.0,0.8,0.6,0.35,1.11,1.01,1.07,1.45,1.71,1.64,0.97,1.48,1.21,0.97,0.85,0.76,1.34
电子,電子,diànzi,electron,Na,Noun,2.3,1.3,0.25,0.2,1.3,1.7,0.5,1.05,0.65,0.6,0.85,1.79,1.45,0.62,0.6,1.35,1.45,0.97,1.47,1.11,1.02,1.42,0.76,1.51
天堂,天堂,tiāntáng,heaven,Nc,Noun,2.75,1.6,0.7,0.75,1.1,3.2,0.9,0.8,0.7,0.75,0.75,1.92,1.71,1.31,1.37,1.51,1.57,1.41,1.25,1.31,1.18,1.34,1.95,1.86
经典,經典,jīngdiǎn,classic,Na,Noun,2.65,2.15,0.9,0.6,0.9,3.35,0.4,0.85,0.7,0.75,0.5,1.65,1.82,1.18,0.92,1.14,1.49,0.92,1.53,1.19,1.18,1.12,0.76,1.34
浓郁,濃郁,nóngyù,rich,A,Adjective,2.1,0.8,3.5,3.25,1.45,2.05,0.55,0.7,1.9,0.9,0.45,1.64,1.4,1.69,1.55,1.63,1.66,0.97,1.1,1.7,1.04,0.92,1.48,1.99
僵尸,殭屍,jiāngshī,zombie,Na,Noun,4.25,2.15,0.45,1.45,1.65,3.1,2.15,2.35,1.45,1.8,1.95,0.83,1.88,1.24,1.77,1.68,1.73,1.8,1.77,1.5,1.86,1.8,3.05,2.21
甜润,甜潤,tiánrùn,pleasantly sweet,A,Adjective,1.35,0.85,4.35,2.05,1.15,2.2,0.3,0.45,2.35,0.6,0.55,1.59,1.24,1.24,1.72,1.42,1.89,0.78,0.86,1.96,1.11,1.12,1.67,2.08
经营,經營,jīngyíng,operate,VC,Verb,2.2,1.1,0.3,0.2,0.85,2.25,1.35,1.9,1.6,1.5,1.8,1.78,1.58,0.64,0.6,1.28,1.64,1.46,1.7,1.71,1.57,1.57,1.67,2.05
包括,包括,bāokuò,include,VK,Verb,1.7,0.7,0.4,0.4,0.9,2.2,0.6,0.8,0.5,0.35,0.55,1.71,1.14,0.66,0.73,1.34,1.69,0.97,0.98,0.81,0.57,0.97,0.67,1.43
嚣张,囂張,xiāozhāng,arrogant,VH,Adjective,3.35,2.8,0.35,0.5,0.95,3.5,1.25,1.6,2.0,1.6,1.85,1.42,1.44,0.91,0.92,1.6,1.24,1.55,1.74,1.87,1.71,1.88,2.52,2.13
类似,類似,lèisì,similar,VG,Verb,2.45,1.55,1.3,1.35,1.7,3.05,0.35,0.55,0.4,0.4,0.4,1.86,1.56,1.58,1.59,1.73,1.6,0.65,0.92,0.8,0.66,0.73,0.76,1.34
写,寫,xiě,write,VC,Verb,3.85,0.95,0.3,0.55,2.0,1.7,0.4,4.0,0.55,1.5,1.2,1.19,1.43,0.95,1.12,1.79,1.52,0.8,1.14,0.8,1.4,1.33,3.71,2.19
通讯,通訊,tōngxùn,communication,Na,Noun,2.0,3.05,0.4,0.35,1.05,2.4,0.6,2.45,2.55,1.45,1.2,1.79,1.66,0.97,0.73,1.5,1.62,1.11,1.6,1.83,1.4,1.36,2.43,2.13
商业,商業,shāngyè,business,Na,Noun,2.95,1.85,0.85,0.8,0.75,2.3,1.05,1.3,1.15,1.15,1.05,1.53,1.88,1.28,1.36,1.26,1.79,1.32,1.45,1.46,1.59,1.4,1.48,1.99
小时,小時,xiǎoshí,hour,Na,Noun,2.4,1.1,0.2,0.35,0.35,2.7,0.65,0.7,0.7,0.9,0.8,1.77,1.48,0.6,1.06,0.79,1.68,1.06,1.23,1.23,1.58,1.54,0.86,1.86
限,限,xiàn,limit,VJ,Verb,1.75,0.8,0.5,0.5,0.7,2.75,0.7,0.95,0.85,0.75,0.8,1.48,1.21,1.12,1.2,1.27,1.48,1.23,1.36,1.39,1.41,1.36,0.48,0.85
政府,政府,zhèngfǔ,res_publica,Na,Noun,2.65,1.9,0.25,0.35,0.45,2.4,0.65,0.8,1.45,0.85,0.6,1.53,1.95,0.62,0.79,0.74,1.5,1.19,1.36,1.83,1.46,1.07,1.19,1.74
学者,學者,xuézhě,learned_person,Na,Noun,3.0,2.3,0.35,0.35,1.15,2.5,0.9,1.45,1.65,1.15,1.0,1.52,1.79,0.79,0.79,1.42,1.63,1.41,1.75,1.93,1.56,1.41,2.95,2.21
尖酸,尖酸,jiānsuān,acrimonious,VH,Adjective,1.5,2.9,1.1,0.75,1.0,3.4,0.7,1.05,1.9,1.25,1.05,1.57,1.84,1.7,1.48,1.45,1.24,1.31,1.4,1.7,1.61,1.4,2.19,1.94
赞赏,讚賞,zànshǎng,appreciate,VJ,Verb,2.45,3.35,0.2,0.15,0.95,3.45,0.35,1.7,2.65,1.15,0.8,1.6,1.39,0.51,0.36,1.2,1.2,0.65,1.49,1.28,1.35,1.17,2.95,2.13
寒,寒,hán,chilling,A,Adjective,2.55,0.75,0.35,0.65,3.3,3.75,1.75,1.8,1.4,1.3,1.45,1.53,0.94,0.79,0.91,1.58,1.18,1.76,1.63,1.56,1.45,1.53,1.9,2.18
出去,出去,chūqù,go out,VA,Verb,3.05,2.05,0.5,0.5,0.95,1.7,3.5,2.55,1.5,1.35,2.5,1.6,1.72,1.28,1.02,1.69,1.62,1.4,1.53,1.5,1.53,1.75,2.76,2.29
来自,來自,láizì,from,VJ,Verb,1.35,1.1,0.45,0.75,0.5,2.05,1.45,1.3,0.8,0.9,0.85,1.31,1.34,0.86,1.37,1.02,1.56,1.43,1.31,0.98,1.09,1.19,2.43,2.17
现场,現場,xiànchǎng,scene,Nc,Noun,3.45,2.6,0.3,0.55,1.15,2.25,1.55,1.45,1.25,1.35,1.2,1.24,1.71,0.64,0.86,1.62,1.76,1.56,1.53,1.51,1.62,1.47,1.33,2.01
堕落,墮落,duòluò,degenerate,VH,Adjective,2.6,1.15,0.25,0.45,0.75,3.55,1.6,1.3,1.2,1.4,1.45,1.28,1.42,0.62,0.97,1.3,1.28,1.71,1.62,1.6,1.71,1.75,2.48,2.08
清淡,清淡,qīngdàn,insipid,A,Adjective,1.9,0.4,4.2,2.45,0.5,1.85,0.25,0.45,2.1,0.7,0.55,1.84,1.16,1.12,1.63,0.81,1.56,0.62,0.8,1.58,1.14,0.97,1.52,1.94
实施,實施,shíshī,implement,VC,Verb,2.4,1.35,0.35,0.3,1.4,1.85,1.6,2.05,1.45,1.25,1.7,1.85,1.68,0.79,0.71,1.8,1.71,1.43,1.5,1.4,1.41,1.79,1.57,1.92
诙谐,詼諧,huīxié,humorous,VH,Adjective,2.0,2.85,0.4,0.5,0.5,3.4,0.75,1.25,1.75,1.0,1.0,1.76,1.71,0.92,1.12,1.02,1.43,1.22,1.55,1.73,1.41,1.45,1.86,2.17
魅力,魅力,mèilì,charm,Na,Noun,3.55,1.65,0.55,0.9,1.1,3.45,1.55,1.55,1.35,1.45,1.5,1.72,1.62,1.07,1.37,1.64,1.36,1.53,1.53,1.46,1.53,1.53,2.9,2.22
大陆,大陸,dàlù,mainland,Nc,Noun,4.0,1.1,0.5,0.35,0.85,1.95,0.95,0.9,0.7,0.8,1.05,1.22,1.67,1.12,0.91,1.28,1.66,1.43,1.55,1.19,1.4,1.53,0.81,1.59
读,讀,dú,read,VC,Verb,3.4,3.25,0.3,0.45,0.75,1.85,0.55,1.35,2.75,1.7,1.15,1.71,1.92,0.56,0.74,1.3,1.8,1.07,1.85,2.07,1.58,1.53,3.86,2.08
雷声,雷聲,léishēng,thunder,Na,Noun,2.35,4.7,0.35,0.25,0.25,2.0,0.45,0.5,0.65,0.85,0.55,2.1,0.56,0.65,0.62,0.54,1.55,0.92,0.97,1.01,1.19,1.12,1.33,1.98
东西,東西,dōngxī,thing,Na,Noun,3.75,1.15,0.95,0.95,2.15,1.3,0.7,1.3,0.65,0.45,0.55,1.67,1.53,1.4,1.53,1.9,1.55,1.35,1.71,1.15,0.86,1.02,0.86,1.58
旅行,旅行,lǚxíng,travel,VA,Verb,3.8,2.9,2.65,2.2,2.35,3.45,3.25,2.5,2.0,1.95,2.25,1.47,1.97,1.9,1.78,1.68,1.32,1.7,1.91,1.79,1.94,1.92,3.0,2.41
赢,贏,yíng,win,VD,Verb,2.8,1.9,0.2,0.25,0.5,4.05,1.15,1.6,1.55,1.6,1.45,1.81,2.05,0.51,0.7,1.12,0.97,1.56,1.69,1.56,1.74,1.63,2.1,2.27
同胞,同胞,tóngbāo,compatriot,Na,Noun,3.15,1.55,0.65,0.3,0.8,3.1,0.8,0.8,1.0,0.8,0.8,1.71,1.77,1.31,0.64,0.98,1.81,1.25,1.21,1.41,1.21,1.21,1.9,2.29
预感,預感,yùgǎn,pre -feel,Na,Noun,1.55,1.0,0.65,0.5,0.55,3.8,0.8,0.85,0.65,1.15,0.6,1.66,1.55,1.28,0.97,1.02,1.6,1.12,1.24,1.01,1.42,1.02,1.57,1.79
挣扎,掙扎,zhēngzhá,struggle,VA,Verb,3.25,2.4,0.45,0.4,1.75,3.95,2.6,2.9,2.15,2.4,2.8,1.61,1.71,1.07,0.92,1.79,1.28,1.53,1.45,1.88,1.88,1.54,3.43,1.68
忏悔,懺悔,chànhuǐ,repent,VH,Adjective,1.95,2.3,0.35,0.35,0.55,4.2,1.2,1.65,2.45,1.75,1.7,1.75,1.87,0.96,0.79,1.02,0.81,1.75,1.82,1.96,1.84,1.82,2.9,1.87
堵车,堵車,dǔchē,traffic jam,VH,Adjective,4.3,2.8,0.3,1.05,0.75,3.05,1.25,1.55,1.25,1.5,1.3,1.0,1.91,0.9,1.83,1.37,1.72,1.64,1.66,1.7,1.8,1.82,1.81,2.42
月,月,yuè,calendar_month,Na,Noun,2.85,0.6,0.55,0.8,0.5,2.35,0.75,0.75,0.85,0.85,0.7,2.01,1.39,1.28,1.57,1.2,1.96,1.51,1.41,1.59,1.46,1.45,0.62,1.33
束缚,束縛,shùfù,bondage,VC,Verb,3.15,1.35,0.5,0.55,2.35,3.4,2.0,2.05,1.1,1.35,1.6,1.82,1.96,1.28,1.4,1.77,1.53,1.52,1.6,1.45,1.49,1.5,2.76,2.09
赞助,贊助,zànzhù,sponsor,VD,Verb,2.4,0.95,0.35,0.35,0.85,2.8,0.75,1.3,1.45,0.95,0.95,1.66,1.5,0.91,0.96,1.24,1.5,1.26,1.73,1.6,1.53,1.6,2.0,2.18
病房,病房,bìngfáng,ward,Nc,Noun,4.0,2.3,1.0,2.75,1.8,2.9,1.0,1.05,1.35,1.25,1.3,1.48,2.03,1.55,2.05,1.66,1.45,1.48,1.56,1.53,1.48,1.58,2.1,2.09
灵气,靈氣,língqì,Reiki,Na,Noun,2.5,1.25,0.35,0.35,0.65,3.7,0.95,1.15,0.95,1.05,1.0,1.88,1.61,0.91,0.91,1.24,1.1,1.47,1.65,1.36,1.47,1.61,1.9,2.09
敷衍,敷衍,fūyǎn,perfunctory,VC,Verb,2.05,2.25,0.35,0.3,1.0,3.65,0.75,1.1,1.5,1.3,0.75,1.77,1.84,0.96,0.78,1.48,1.39,1.37,1.51,1.6,1.58,1.26,2.24,1.74
显示,顯示,xiǎnshì,show,VK,Verb,4.0,0.85,0.4,0.35,0.6,1.5,0.5,0.7,0.45,0.85,0.45,1.26,1.35,0.97,0.85,1.11,1.69,1.07,1.23,0.86,1.24,0.97,1.71,2.0
相互,相互,xiānghù,in_return,D,Adverb,1.85,0.95,0.3,0.3,1.2,2.65,0.85,1.15,1.1,0.95,1.1,1.77,1.43,0.64,0.64,1.44,1.49,1.31,1.46,1.55,1.47,1.37,1.19,1.62
峭壁,峭壁,qiàobì,cliff,Na,Noun,4.45,1.35,0.2,0.25,2.35,1.65,1.6,1.6,0.9,0.95,1.45,0.74,1.71,0.6,0.54,1.8,1.49,1.46,1.53,1.34,1.47,1.6,1.24,1.74
轻盈,輕盈,qīngyíng,lightsome,A,Adjective,3.3,1.35,0.3,0.25,2.3,3.0,2.25,1.7,0.8,1.3,1.9,1.42,1.46,0.64,0.62,1.9,1.58,1.89,1.87,1.29,1.58,1.95,1.9,1.77
八月,八月,bāyuè,aug,Nd,Noun,1.75,0.9,0.5,0.9,1.0,2.05,0.65,0.7,0.75,0.75,0.75,1.61,1.41,0.97,1.3,1.45,1.63,1.28,1.42,1.41,1.41,1.41,0.76,1.66
增强,增強,zēngqiáng,up,VHC,Verb,1.2,0.95,0.5,0.5,0.95,2.75,0.85,0.95,0.75,0.7,0.8,1.25,1.16,0.74,0.74,1.28,1.84,1.46,1.43,1.41,1.42,1.29,1.43,1.92
凉,涼,liáng,cool,A,Adjective,0.9,0.45,0.7,0.85,4.45,3.45,1.0,1.25,1.15,0.95,1.55,1.04,0.74,1.1,1.35,0.86,1.4,1.55,1.64,1.65,1.4,1.75,2.0,2.12
人品,人品,rénpǐn,moral quality,Na,Noun,1.25,1.1,0.2,0.3,0.7,3.75,0.75,0.8,0.95,1.0,0.7,1.51,1.51,0.6,0.71,1.14,1.37,1.55,1.44,1.32,1.58,1.27,1.76,1.8
占星,占星,zhānxīng,horoscope,VB,Verb,2.45,0.85,0.3,0.25,0.8,2.75,0.6,1.75,1.3,1.15,0.9,1.47,1.06,0.64,0.62,1.21,1.58,1.24,1.51,1.58,1.65,1.34,1.1,1.66
电,電,diàn,electricity,Na,Noun,2.0,1.4,0.25,0.35,3.35,1.6,0.85,1.05,0.9,0.95,0.85,1.64,1.46,0.77,0.79,1.31,1.74,1.56,1.56,1.55,1.66,1.56,0.86,1.55
作,作,zuò,as,VC,Verb,2.1,0.85,0.25,0.25,1.05,2.2,0.9,2.3,1.3,1.3,1.2,1.64,1.24,0.62,0.62,1.43,1.86,1.48,1.65,1.55,1.58,1.72,0.9,1.31
青少年,青少年,qīngshàonián,teens,Na,Noun,3.3,1.65,0.25,0.8,1.05,1.9,1.05,1.05,1.0,1.1,1.1,1.52,1.59,0.7,1.5,1.56,1.79,1.53,1.5,1.41,1.61,1.58,2.86,2.42
科研,科研,kēyán,research,Na,Noun,2.4,1.1,0.35,0.55,1.2,2.45,0.9,1.7,1.35,1.35,1.05,1.74,1.26,0.73,1.07,1.6,1.6,1.3,1.35,1.59,1.53,1.4,1.9,2.09
内在,內在,nèizài,intrinsic,Na,Noun,1.15,1.1,1.4,1.15,1.15,3.65,1.15,1.2,1.1,0.9,1.2,1.46,1.34,1.74,1.46,1.49,1.49,1.53,1.6,1.09,1.14,1.44,1.33,1.96
连线,連線,liánxiàn,connect,VB,Verb,2.7,2.05,0.7,0.8,1.85,1.6,2.0,3.05,1.95,2.35,2.45,1.68,1.66,1.0,1.12,1.74,1.39,1.87,1.47,1.66,1.65,1.72,1.14,1.78
歪,歪,wāi,slanting,A,Adjective,4.05,0.7,0.65,0.65,1.45,1.8,2.0,2.15,1.1,2.75,2.9,1.36,1.14,1.15,1.24,1.53,1.6,1.87,1.8,1.22,1.51,1.58,1.76,2.02
观光,觀光,guānguāng,go sightseeing,VA,Verb,4.3,2.55,1.75,2.0,1.75,2.25,2.1,1.9,1.25,1.8,2.2,1.1,1.83,1.95,1.84,1.73,1.76,1.7,1.55,1.79,1.89,1.75,2.48,2.42
负责,負責,fùzé,responsible,VL,Verb,1.1,1.3,0.85,0.9,1.1,3.35,1.55,1.8,1.6,1.7,1.7,1.18,1.55,1.31,1.34,1.55,1.56,1.75,1.86,1.77,1.85,1.85,1.67,2.23
这样,這樣,zhèyàng,so,VH,Adjective,1.45,1.35,0.9,0.9,1.1,1.75,1.0,1.2,1.1,1.1,1.25,1.75,1.59,1.37,1.3,1.41,1.7,1.34,1.57,1.51,1.41,1.55,0.52,1.05
具备,具備,jùbèi,have,VJ,Verb,1.25,0.9,0.65,0.65,1.1,2.1,0.9,1.1,0.9,1.2,1.25,1.51,1.3,1.11,1.06,1.48,1.84,1.26,1.45,1.26,1.57,1.61,0.86,1.52
苹果,蘋果,píngguǒ,apple,Na,Noun,3.65,0.75,4.3,3.5,2.8,1.25,0.7,1.15,2.35,1.0,1.15,1.31,1.3,0.78,1.53,1.66,1.41,1.1,1.49,1.74,1.38,1.46,1.95,2.3
过程,過程,guòchéng,process,Na,Noun,1.65,1.1,0.85,0.9,1.3,2.5,1.5,1.6,1.35,1.25,1.25,1.68,1.51,1.39,1.41,1.76,1.86,1.77,1.66,1.68,1.58,1.7,0.67,1.32
抗,抗,kàng,anti-,VJ,Verb,1.9,1.1,0.65,0.7,2.25,2.35,2.4,3.05,1.45,2.05,3.05,1.79,1.34,1.06,1.27,1.92,1.68,1.91,1.8,1.56,1.69,1.69,1.9,1.87
粮仓,糧倉,liángcāng,granary,Nc,Noun,3.4,0.95,1.6,2.3,2.45,1.05,1.1,1.15,0.85,1.05,1.05,1.36,1.24,1.66,1.76,1.77,1.56,1.55,1.53,1.31,1.43,1.5,2.24,2.29
柳树,柳樹,liǔshù,willow,Na,Noun,4.0,1.75,0.85,1.35,2.25,1.25,0.7,0.95,0.5,1.1,0.8,1.1,1.61,1.39,1.56,1.51,1.44,0.95,1.32,0.87,1.48,1.12,1.52,2.13
海鲜,海鮮,hǎixiān,seafood,Na,Noun,3.35,1.55,3.65,3.7,2.35,1.55,0.55,1.35,2.35,1.35,0.95,1.62,1.69,1.56,1.27,1.77,1.5,1.12,1.71,1.85,1.77,1.5,1.76,2.2
圈套,圈套,quāntào,trap,Na,Noun,2.45,1.65,0.85,0.9,1.35,3.05,1.75,1.65,1.4,1.7,1.65,1.88,1.88,1.39,1.45,1.56,1.6,1.81,1.8,1.66,1.73,1.74,1.05,1.59
思想,思想,sīxiǎng,imaging,Na,Noun,0.65,0.6,0.45,0.55,0.5,3.5,0.8,0.85,0.75,1.6,0.9,1.15,1.02,0.86,0.92,0.87,1.8,1.21,1.35,1.34,1.91,1.51,1.95,1.86
斑斑,斑斑,bānbān,spotty,A,Adjective,3.75,0.65,0.45,0.6,1.05,1.2,0.35,0.35,0.4,0.6,0.4,1.48,1.31,0.92,0.97,1.32,1.4,0.91,0.91,0.92,1.02,0.92,1.0,1.51
丰润,豐潤,fēngrùn,plump,A,Adjective,4.05,0.45,0.9,0.3,3.4,2.0,1.05,1.3,0.8,0.7,1.0,1.24,0.97,1.51,0.56,1.56,1.73,1.43,1.49,1.33,1.27,1.34,3.0,2.0
易,易,yì,easy,VH,Adjective,1.1,0.85,0.35,0.35,0.75,2.55,0.45,0.7,0.45,0.4,0.5,1.37,1.19,0.79,0.73,1.09,1.75,1.02,1.35,0.97,1.02,1.02,0.62,1.13
绢花,絹花,juànhuā,silk flower,Na,Noun,4.25,0.45,0.7,1.15,2.6,1.15,0.3,1.45,0.2,0.55,0.75,1.09,1.12,1.38,1.68,1.91,1.24,0.64,1.6,0.6,1.07,1.34,1.67,2.12
恼火,惱火,nǎohuǒ,annoying,VH,Adjective,2.2,1.75,0.35,0.35,1.25,4.2,1.35,1.5,1.9,2.05,1.85,1.72,1.55,0.65,0.65,1.55,1.36,1.53,1.63,1.76,1.53,1.59,2.33,2.1
病逝,病逝,bìngshì,die,VH,Adjective,2.35,1.55,0.8,1.0,1.15,3.65,1.4,1.5,1.35,1.5,1.55,1.9,1.83,1.44,1.61,1.42,1.74,1.83,1.83,1.8,1.75,1.75,3.76,2.18
任务,任務,rènwù,task,Na,Noun,1.9,1.8,0.85,0.8,1.15,2.05,1.65,1.8,1.25,1.65,1.9,1.61,1.69,1.49,1.36,1.31,1.99,1.68,1.83,1.44,1.59,1.64,1.9,2.04
沙尘,沙塵,shāchén,dust,Na,Noun,4.15,1.65,1.05,1.25,3.15,2.05,1.35,1.35,1.4,1.3,1.4,1.01,1.53,1.4,1.37,1.49,1.83,1.59,1.53,1.62,1.55,1.59,0.9,1.38
治疗,治療,zhìliáo,treat,VC,Verb,2.5,1.4,1.2,1.25,2.65,2.95,1.7,2.0,1.1,1.55,2.0,1.43,1.43,1.81,1.61,1.68,1.66,1.52,1.55,1.26,1.6,1.52,3.14,2.01
流星,流星,liúxīng,meteor,Na,Noun,4.3,1.15,0.3,0.2,0.3,2.0,1.05,1.25,0.85,2.05,1.65,1.05,1.53,0.78,0.51,0.64,1.97,1.69,1.84,1.62,2.11,1.9,0.81,1.47
牺牲,犧牲,xīshēng,sacrifice,VJ,Verb,2.15,1.55,0.6,0.85,1.5,3.2,1.25,1.25,1.15,1.4,1.5,1.93,1.63,1.28,1.56,1.6,1.66,1.61,1.64,1.59,1.66,1.6,2.9,2.27
放,放,fàng,put,VC,Verb,2.25,0.95,0.35,0.4,1.7,1.45,1.3,2.8,0.75,1.3,2.05,1.67,1.32,0.73,0.86,1.52,1.63,1.31,1.63,1.04,1.58,1.6,3.19,2.17
再,再,zài,further,D,Adverb,0.65,0.5,0.4,0.4,0.4,1.95,0.5,0.55,0.45,0.35,0.5,1.06,0.81,0.8,0.66,0.66,1.72,0.87,1.02,0.74,0.73,0.92,0.52,1.01
文本,文本,wénběn,text,Na,Noun,3.5,0.95,0.55,0.65,1.4,1.05,0.4,1.1,0.65,1.1,0.95,1.4,1.32,1.2,1.28,1.56,1.47,0.86,1.58,1.19,1.48,1.53,0.57,1.05
快速,快速,kuàisù,fast,VH,Adjective,3.15,2.0,0.3,0.3,1.7,2.25,3.2,2.75,1.7,1.85,2.4,1.77,1.7,0.64,0.64,1.55,1.64,1.6,1.61,1.76,1.65,1.83,1.86,1.75
插花,插花,chāhuā,flower arrangement,VA,Verb,4.25,0.8,1.3,2.3,3.25,2.2,0.85,3.35,1.0,1.85,1.95,1.18,1.08,1.52,1.79,1.04,1.47,1.06,1.71,1.18,1.59,1.43,3.24,2.14
礼仪,禮儀,lǐyí,etiquette,Na,Noun,3.6,2.4,0.75,0.85,1.85,3.0,3.3,3.35,2.85,3.55,3.9,1.69,1.69,1.22,1.31,1.74,1.41,1.42,1.53,1.65,1.32,1.04,2.81,1.89
冲劲,衝勁,chòngjìn,pushfulness,Na,Noun,2.6,1.65,1.0,1.05,1.7,3.05,2.8,2.75,1.75,2.35,2.7,1.88,1.71,1.34,1.4,1.73,1.69,1.89,1.73,1.67,1.85,1.73,2.33,1.86
国货,國貨,guóhuò,domestic goods,Na,Noun,2.85,1.95,2.0,1.85,2.3,2.2,1.3,1.6,1.5,1.4,1.4,1.8,1.8,1.76,1.8,1.79,1.69,1.52,1.69,1.6,1.43,1.5,1.0,1.54
在场,在場,zàichǎng,be present,VA,Verb,3.15,2.5,1.35,1.35,2.45,2.3,2.3,1.75,1.6,1.25,1.9,1.77,1.88,1.62,1.62,1.83,1.68,1.71,1.81,1.8,1.58,1.7,2.48,2.01
见面,見面,jiànmiàn,meet,VA,Verb,4.1,3.0,1.1,1.25,2.75,2.5,2.35,2.7,2.45,2.65,2.6,1.14,1.64,1.51,1.64,1.76,1.63,1.88,1.65,1.77,1.71,1.77,3.48,1.97
陪葬,陪葬,péizàng,funeral,VA,Verb,3.4,2.0,1.35,1.3,2.15,3.3,1.85,1.95,1.75,1.85,2.4,1.74,2.0,1.88,1.73,1.8,1.76,1.82,1.88,1.84,1.9,1.85,3.33,2.1
决赛,決賽,juésài,final,Na,Noun,3.8,2.85,0.9,1.0,2.1,3.0,3.15,3.25,2.85,3.35,3.3,1.63,1.93,1.58,1.52,1.95,1.67,1.85,1.73,1.82,1.74,1.71,2.57,2.01
劳苦,勞苦,láokǔ,toil,VH,Adjective,3.35,2.15,1.15,1.9,2.45,3.35,2.95,2.85,2.45,2.85,3.15,1.62,1.98,1.49,1.79,1.72,1.71,1.8,1.82,1.77,1.88,1.74,3.33,2.15
首饰,首飾,shǒushì,jewelry,Na,Noun,4.25,0.95,0.55,0.65,3.35,2.0,1.1,2.55,1.4,2.25,1.8,1.3,1.24,1.07,1.11,1.59,1.79,1.45,1.69,1.62,1.64,1.69,2.48,1.76
乞丐,乞丐,qǐgài,beggar,Na,Noun,3.95,2.5,1.3,2.55,2.2,2.45,1.75,2.15,2.15,2.35,2.0,1.28,1.75,1.79,1.75,1.47,1.72,1.87,1.96,1.93,1.98,1.92,2.95,2.13
沉,沉,chén,heavy,A,Adjective,2.8,1.45,0.65,0.9,2.15,2.7,2.25,2.45,1.55,1.9,2.3,1.86,1.8,1.24,1.58,1.77,1.55,1.7,1.72,1.88,1.76,1.79,2.19,1.82
杀气,殺氣,shāqì,murderous look,Na,Noun,3.0,1.75,0.7,1.6,1.6,4.35,1.85,1.95,1.6,2.1,1.9,1.67,1.84,1.23,1.66,1.83,0.96,1.9,1.96,2.01,2.07,1.97,2.33,2.01
宣布,宣佈,xuānbù,hail,VE,Verb,2.7,3.45,0.6,0.65,0.8,2.2,1.3,1.8,3.15,2.1,1.85,1.65,1.91,1.16,1.24,1.25,1.54,1.58,1.69,1.62,1.67,1.68,2.86,2.01
导致,導致,dǎozhì,lead to,VL,Verb,1.6,1.25,1.05,1.0,1.4,2.15,1.6,1.65,1.6,1.5,1.55,2.01,1.76,1.6,1.52,1.71,1.77,1.85,1.68,1.71,1.69,1.77,1.71,2.03
改革,改革,gǎigé,reform,VC,Verb,2.45,2.05,0.45,0.65,1.4,3.05,1.5,1.75,1.6,1.8,1.85,1.77,1.47,0.86,1.11,1.62,1.43,1.47,1.58,1.46,1.57,1.53,1.67,2.1
高,高,gāo,high,A,Adjective,4.5,0.75,0.6,0.6,1.85,2.8,1.95,1.8,0.75,1.4,1.65,0.74,1.09,0.97,1.11,1.46,1.78,1.69,1.63,1.04,1.36,1.62,2.67,2.12
点滴,點滴,diǎndī,bit,Na,Noun,3.15,2.4,1.1,0.75,1.75,2.05,0.75,1.5,1.2,0.8,0.85,1.49,1.66,1.41,1.26,1.73,1.8,1.09,1.57,1.44,0.98,1.06,0.86,1.36
恩典,恩典,ēndiǎn,grace,Na,Noun,1.9,1.2,0.35,0.5,1.3,3.4,0.9,1.2,1.1,1.0,1.1,1.81,1.4,0.65,1.02,1.42,1.59,1.22,1.4,1.3,1.22,1.22,1.48,1.68
缺少,缺少,quēshǎo,lack,VJ,Verb,2.45,1.35,1.4,1.25,1.85,2.95,0.65,0.75,1.1,0.8,0.65,1.96,1.39,1.39,1.41,1.62,1.72,0.96,1.09,1.48,1.17,0.96,1.05,1.33
热辣,熱辣,rèlà,scorching,A,Adjective,2.75,1.7,3.0,2.2,3.05,3.2,1.4,1.6,1.7,1.5,1.7,1.79,1.38,1.76,1.83,1.36,1.75,1.39,1.32,1.52,1.43,1.49,1.95,1.81
冠军,冠軍,guànjūn,champion,Na,Noun,3.6,1.95,0.45,0.3,1.7,3.15,1.6,1.75,1.6,1.9,2.1,1.74,1.88,0.92,0.64,1.58,1.65,1.56,1.73,1.71,1.64,1.79,2.24,2.16
青,青,qīng,green,A,Adjective,4.05,0.35,0.65,0.75,0.65,1.25,0.55,0.6,0.5,0.65,0.6,1.2,0.57,0.85,1.04,0.96,1.41,0.92,1.11,0.74,1.11,1.11,1.05,1.46
短,短,duǎn,short,A,Adjective,3.85,0.65,0.5,0.45,1.45,1.95,0.8,0.85,0.6,0.9,0.85,1.59,1.06,0.81,0.74,1.72,1.69,0.93,1.06,0.97,1.18,1.15,1.95,2.21
波浪,波浪,bōlàng,wave,Na,Noun,4.4,3.45,1.0,1.2,2.5,1.9,1.55,1.95,0.85,1.1,1.7,0.86,1.43,1.38,1.54,1.63,1.41,1.77,1.75,1.35,1.45,1.62,1.19,1.76
脸颊,臉頰,liǎnjiá,cheek,Na,Noun,3.85,0.8,0.85,0.85,3.05,1.7,0.5,1.65,1.45,2.0,1.1,1.49,1.33,1.49,1.31,1.8,1.52,0.87,1.46,1.66,1.67,1.3,4.38,2.15
淫秽,淫穢,yínhuì,obscenity,VH,Adjective,3.5,2.7,0.85,1.05,2.75,3.8,1.65,2.25,2.25,2.05,2.35,1.75,2.03,1.28,1.43,1.7,1.29,1.74,1.84,1.81,1.75,1.65,2.9,2.11
学校,學校,xuéxiào,school,Nc,Noun,3.75,2.65,0.7,0.9,1.7,1.95,1.95,1.95,1.45,2.0,1.95,1.55,1.82,1.14,1.3,1.68,1.43,1.66,1.66,1.6,1.84,1.86,1.43,1.62
革命,革命,gémìng,revolution,VA,Verb,2.9,2.25,0.8,0.5,1.6,3.25,2.1,1.8,1.8,2.2,2.35,1.92,1.87,1.47,1.02,1.62,1.41,1.76,1.6,1.78,1.72,1.68,2.14,2.01
前奏,前奏,qiánzòu,prelude,Na,Noun,1.5,3.55,0.8,1.0,1.25,2.3,1.25,1.65,1.55,1.25,1.3,1.72,1.63,1.25,1.34,1.55,1.73,1.44,1.49,1.5,1.37,1.38,1.14,1.21
谋略,謀略,móulüè,strategy,Na,Noun,2.2,1.95,0.4,0.55,0.85,3.05,1.55,2.2,2.05,2.15,2.0,1.81,1.88,0.92,1.07,1.06,1.32,1.56,1.66,1.66,1.35,1.52,1.81,2.04
凯旋,凱旋,kǎixuán,triumph,Na,Noun,3.95,3.05,0.5,0.4,0.8,3.7,2.55,2.35,1.85,2.2,2.4,1.2,1.32,1.07,0.97,1.17,1.62,1.4,1.42,1.42,1.57,1.71,2.38,2.26
米,米,mǐ,rice,Na,Noun,4.15,1.6,3.3,2.8,3.2,1.9,0.7,1.6,2.25,1.15,0.8,1.11,1.53,1.68,1.69,1.47,1.51,1.19,1.46,1.76,1.31,1.17,0.81,1.43
净,淨,jìng,clean,A,Adjective,4.1,1.9,1.65,1.85,1.95,3.35,1.05,1.1,0.9,0.8,0.9,0.83,1.7,1.82,1.77,1.69,1.39,1.2,1.22,1.14,1.25,1.3,1.48,1.84
贵族,貴族,guìzú,noble,Na,Noun,3.95,2.35,0.45,0.5,1.3,3.65,1.1,1.15,0.9,1.15,1.0,1.4,1.71,0.97,0.97,1.52,1.49,1.48,1.39,1.22,1.42,1.45,2.62,1.96
选择,選擇,xuǎnzé,choose,VC,Verb,2.6,1.35,0.85,0.9,1.3,3.85,1.0,1.45,1.45,1.3,0.95,1.66,1.31,1.31,1.41,1.38,1.15,1.34,1.47,1.47,1.45,1.36,2.24,2.04
热潮,熱潮,rècháo,upsurge,Na,Noun,2.9,1.6,1.05,1.0,2.0,3.7,0.85,1.2,1.2,0.85,1.0,1.64,1.36,1.4,1.41,1.76,1.52,1.28,1.44,1.54,1.19,1.38,0.9,1.31
廉洁,廉潔,liánjié,integrity,VH,Adjective,2.2,1.35,0.5,0.6,0.8,4.1,0.95,1.0,1.1,1.25,0.85,1.91,1.49,1.12,1.28,1.25,1.37,1.32,1.34,1.45,1.55,1.28,1.9,2.04
愁苦,愁苦,chóukǔ,sorrowful,VH,Adjective,3.6,2.0,1.0,0.75,1.6,4.3,1.0,1.05,1.3,1.65,1.5,1.85,1.64,1.41,1.09,1.74,1.31,1.26,1.24,1.49,1.39,1.6,2.67,1.81
聘礼,聘禮,pìnlǐ,bride price,Na,Noun,4.05,1.05,0.55,0.6,2.3,2.95,1.5,2.1,1.55,1.95,1.95,1.32,1.32,0.8,0.92,1.73,1.88,1.53,1.67,1.6,1.63,1.47,2.29,2.19
兴奋,興奮,xīngfèn,excited,VH,Adjective,3.75,2.55,0.85,0.75,1.6,3.95,2.45,2.8,2.7,2.85,2.8,1.81,1.96,1.42,1.18,1.59,1.5,1.56,1.57,1.68,1.65,1.63,2.81,2.13
候选人,候選人,hòuxuǎnrén,campaigner,Na,Noun,3.6,1.9,0.55,0.55,0.95,2.95,1.3,1.65,1.7,1.5,1.55,1.39,1.67,1.12,1.12,1.4,1.63,1.52,1.56,1.68,1.47,1.6,2.9,2.33
瘫痪,癱瘓,tānhuàn,paralysis,VH,Adjective,3.85,1.4,0.85,0.95,2.45,3.55,2.0,1.95,2.1,2.25,2.0,1.56,1.74,1.42,1.53,1.72,1.53,1.97,1.96,2.02,1.95,1.97,4.24,1.72
报刊,報刊,bàokān,newspaper and magazine,Na,Noun,4.05,1.15,0.45,0.85,2.35,1.7,1.1,2.45,1.2,2.05,1.5,1.36,1.31,0.97,1.01,1.59,1.49,1.34,1.56,1.29,1.66,1.6,0.95,1.36
清,清,qīng,limpid,A,Adjective,4.25,1.85,1.7,1.9,1.9,3.55,0.8,1.15,0.95,0.85,0.85,0.99,1.74,1.58,1.84,1.51,1.32,1.25,1.42,1.24,1.19,1.42,1.29,1.58
指尖,指尖,zhǐjiān,fingertip,Nc,Noun,3.35,0.2,0.25,0.4,3.85,1.6,0.6,3.2,0.5,0.55,0.8,1.68,0.51,0.62,0.73,1.06,1.53,0.92,1.4,0.81,1.16,1.44,4.57,1.92
本能,本能,běnnéng,instinct,Na,Noun,2.1,1.65,1.1,1.4,1.6,3.25,1.7,1.55,1.25,1.6,1.8,1.45,1.65,1.37,1.66,1.62,1.61,1.38,1.32,1.18,1.43,1.66,2.43,2.28
抑扬,抑揚,yìyáng,rise and fall,Na,Noun,1.9,2.4,0.35,0.35,0.65,3.3,0.75,1.0,1.6,1.3,1.15,1.34,1.69,0.79,0.79,0.96,1.55,1.09,1.18,1.59,1.31,1.31,2.29,1.96
心跳,心跳,xīntiào,heartbeat,VA,Verb,1.8,2.85,0.25,0.2,1.8,3.85,0.95,1.0,0.85,0.9,1.65,1.78,1.71,0.89,0.68,1.57,1.42,1.32,1.48,1.31,1.45,1.85,4.52,1.74
地球,地球,dìqiú,earth,Na,Noun,3.7,1.7,0.4,0.8,1.4,2.0,1.05,0.8,0.5,1.1,0.7,1.76,1.87,0.8,1.47,1.71,1.82,1.43,1.29,0.87,1.51,1.31,0.9,1.27
座谈,座談,zuòtán,discussion,Na,Noun,3.9,4.1,0.15,0.4,0.8,2.6,1.1,1.65,2.95,2.0,1.95,1.26,1.26,0.48,0.86,1.36,1.93,1.14,1.53,1.75,1.55,1.66,2.86,2.17
勇士,勇士,yǒngshì,warrior,Na,Noun,3.35,1.75,0.2,0.5,1.25,3.25,2.15,2.4,1.85,1.85,2.2,1.65,1.87,0.68,0.92,1.58,1.67,1.74,1.88,1.71,1.77,1.99,3.19,2.22
特点,特點,tèdiǎn,features,Na,Noun,2.5,1.9,1.45,1.4,1.65,3.0,0.95,1.25,1.0,0.9,1.15,1.94,1.84,1.77,1.8,1.9,1.79,1.16,1.26,1.34,1.18,1.31,1.43,1.76
喜爱,喜愛,xǐài,favorite,VL,Verb,2.5,1.95,1.6,1.6,2.15,4.0,1.5,1.5,1.5,1.45,1.5,1.72,1.77,1.77,1.74,1.77,1.34,1.57,1.69,1.63,1.86,1.72,2.67,2.03
内力,內力,nèilì,internal force,Na,Noun,1.2,0.8,0.3,0.4,1.0,4.1,1.45,1.6,1.2,1.2,1.7,1.5,1.36,0.78,0.92,1.3,1.04,1.66,1.59,1.54,1.63,1.55,2.81,2.15
黄金,黃金,huángjīn,gold,Na,Noun,4.65,0.5,0.35,0.45,3.05,2.75,0.6,1.7,0.95,1.05,1.2,0.57,1.07,0.91,0.86,1.5,1.44,0.92,1.65,1.24,1.24,1.5,0.76,1.44
攻打,攻打,gōngdǎ,attack,VC,Verb,3.5,2.65,0.4,0.6,2.15,2.7,3.35,3.65,2.65,2.85,3.65,1.72,1.74,1.2,1.16,1.77,1.79,1.28,1.24,1.82,1.82,1.49,3.43,1.97
醇厚,醇厚,chúnhòu,mellow,A,Adjective,2.35,1.3,3.4,2.9,1.75,2.7,0.75,1.0,2.25,0.9,0.75,1.62,1.55,1.66,1.76,1.51,1.52,1.04,1.45,1.97,1.18,1.04,1.67,1.96
干裂,乾裂,gānliè,cracked,VH,Adjective,3.9,1.15,1.05,0.65,3.25,2.15,0.8,1.35,1.1,0.55,0.6,1.22,1.42,1.5,0.96,1.58,1.53,0.98,1.35,1.18,0.86,1.02,2.0,1.85
适度,適度,shìdù,appropriate,A,Adjective,1.8,1.4,1.25,1.2,1.15,3.25,0.95,0.9,1.0,0.95,0.9,1.66,1.56,1.58,1.57,1.59,1.64,1.4,1.45,1.48,1.53,1.48,1.0,1.41
送医,送醫,sòngyī,send a doctor,VB,Verb,3.55,2.7,0.5,1.0,1.9,2.95,3.25,3.15,2.15,2.25,3.0,1.43,1.45,1.12,1.34,1.55,1.28,1.13,1.28,1.46,1.41,1.41,3.29,2.1
皇上,皇上,huángshàng,emperor,Na,Noun,4.05,2.45,0.6,0.7,1.2,2.9,1.5,1.55,1.6,1.75,1.45,1.16,1.56,1.36,1.38,1.44,1.67,1.5,1.6,1.69,1.34,1.53,2.57,2.34
会谈,會談,huìtán,colloquy,VA,Verb,3.7,4.25,0.4,0.55,1.2,2.45,1.7,2.7,3.6,2.8,2.4,1.31,1.04,0.73,1.02,1.12,1.36,1.38,1.49,1.53,1.4,1.46,2.95,2.24
农民,農民,nóngmín,agriculture,Na,Noun,3.95,2.05,0.45,1.0,1.6,2.45,2.95,3.05,1.95,2.25,2.75,1.12,1.72,0.97,1.38,1.39,1.47,1.63,1.5,1.53,1.58,1.58,3.1,2.37
滋味,滋味,zīwèi,taste,Na,Noun,2.25,1.2,4.55,3.25,1.7,3.15,0.85,1.45,2.8,1.95,1.3,1.41,1.44,0.97,1.64,1.45,1.39,1.15,1.43,1.86,1.63,1.23,2.0,2.14
上升,上升,shàngshēng,rise,VA,Verb,3.95,1.45,0.3,0.45,1.05,3.0,2.25,2.25,1.05,1.7,2.05,1.2,1.24,0.64,0.74,1.12,1.22,1.81,1.67,1.36,1.45,1.69,1.43,1.87
天鹅,天鵝,tiāné,swan,Na,Noun,4.45,2.55,0.65,0.7,1.7,1.65,1.3,1.1,1.1,1.8,1.6,0.74,1.43,1.15,1.1,1.45,1.24,1.38,1.04,1.3,1.6,1.74,0.67,0.99
灵位,靈位,língwèi,souls,Na,Noun,3.75,1.2,0.55,1.05,1.25,3.55,1.45,1.5,1.35,1.65,1.3,1.51,1.57,1.2,1.43,1.26,1.28,1.12,1.2,1.42,1.28,1.23,1.81,1.97
停车,停車,tíngchē,parking,VA,Verb,4.15,2.75,0.15,0.55,2.2,2.65,3.4,3.3,1.15,2.75,2.8,1.01,1.76,0.65,1.12,1.72,1.42,1.53,1.45,1.15,1.79,1.81,2.57,2.3
落后,落後,luòhòu,behind,VJ,Verb,3.6,1.45,0.35,0.65,0.8,3.3,1.95,1.65,1.3,1.45,1.45,1.62,1.24,0.65,1.01,1.12,1.68,1.53,1.35,1.38,1.32,1.24,1.71,1.88
气量,氣量,qìliàng,tolerance,Na,Noun,2.7,1.55,0.3,0.65,0.75,2.95,0.8,1.1,1.7,0.95,0.8,1.9,1.66,0.78,1.15,1.26,1.66,0.93,1.3,1.82,1.16,0.93,2.33,2.23
进行,進行,jìnxíng,conduct,VC,Verb,2.95,1.7,0.3,0.3,1.15,2.3,2.45,2.1,1.65,1.65,2.25,1.5,1.31,0.64,0.46,1.19,1.49,1.28,1.22,1.15,1.46,1.51,2.05,2.1
密,密,mì,dense,A,Adjective,2.85,2.0,0.4,0.4,0.9,3.15,1.05,1.15,1.2,1.15,1.1,1.8,1.7,0.8,0.8,1.14,1.62,1.2,1.28,1.63,1.42,1.34,1.0,1.27
犯罪,犯罪,fànzuì,crime,VA,Verb,3.75,2.7,0.45,0.55,1.25,3.55,2.45,2.55,2.05,2.2,2.05,1.37,1.55,1.16,1.2,1.22,1.2,1.43,1.56,1.5,1.6,1.69,2.86,2.23
雇工,僱工,gùgōng,hire,VF,Verb,3.35,1.4,0.4,0.5,1.0,2.15,2.2,2.2,1.95,2.05,2.1,1.65,1.59,0.73,0.92,1.14,1.35,1.83,1.83,1.75,1.88,1.92,2.95,2.4
睿智,睿智,ruìzhì,wise,Na,Noun,1.95,1.85,0.5,0.45,0.55,3.35,0.9,0.95,1.2,1.15,1.0,1.28,1.65,1.02,0.92,0.8,1.11,1.22,1.07,1.5,1.28,1.22,2.71,2.27
参赛,參賽,cānsài,participate,VA,Verb,3.5,2.5,0.5,0.55,1.55,2.5,3.2,3.0,2.45,2.35,2.95,1.32,1.66,0.92,1.07,1.53,1.28,1.6,1.67,1.99,1.88,1.56,3.1,2.22
充沛,充沛,chōngpèi,abundant,VH,Adjective,3.1,1.9,0.8,0.7,1.3,3.3,1.45,1.75,1.1,1.4,1.4,1.48,1.55,1.25,1.19,1.38,1.31,1.53,1.61,1.18,1.39,1.59,2.1,2.14
杂志,雜誌,zázhì,magazine,Na,Noun,4.3,0.7,0.2,0.7,2.45,1.9,0.7,2.15,0.45,1.7,1.2,0.95,0.9,0.51,1.0,1.53,1.45,0.9,1.8,0.59,1.52,1.4,1.05,1.56
更,更,gèng,more,Dfa,Adverb,1.8,1.1,0.65,0.8,0.85,2.3,0.8,0.85,0.7,0.8,0.8,1.57,1.18,0.91,0.98,1.06,1.9,0.98,1.01,1.0,1.03,1.17,0.81,1.3
动静,動靜,dòngjìng,movement,Na,Noun,2.35,3.6,0.55,0.45,1.0,2.7,1.55,1.5,1.1,1.55,1.35,1.8,1.36,1.07,0.97,1.14,1.1,1.56,1.4,1.3,1.53,1.28,1.81,2.01
错觉,錯覺,cuòjué,illusion,Na,Noun,3.2,2.05,0.8,0.9,1.25,3.5,0.95,1.1,0.8,1.35,0.95,1.6,1.32,1.12,1.26,1.13,1.32,1.2,1.22,1.21,1.62,1.16,2.05,2.08
繁华,繁華,fánhuá,bustling,VH,Adjective,4.25,2.85,0.65,0.95,1.0,3.45,0.95,1.0,1.0,1.45,1.05,0.77,1.53,1.01,1.24,1.38,1.16,1.32,1.26,1.22,1.5,1.36,1.14,1.32
吝啬,吝嗇,lìnsè,stingy,VH,Adjective,1.8,1.2,0.45,0.35,0.55,4.05,0.65,0.75,0.65,0.6,0.65,1.54,1.47,0.8,0.65,0.86,1.07,0.91,1.13,0.91,0.8,1.15,2.19,2.04
就读,就讀,jiùdú,study,VCL,Verb,2.8,2.3,0.35,0.35,1.0,2.45,1.3,1.6,1.9,1.35,1.15,1.63,1.71,0.73,0.85,1.18,1.5,1.52,1.53,1.84,1.49,1.46,3.19,2.3
晚上,晚上,wǎnshàng,night,Nd,Noun,3.9,2.1,0.5,0.8,0.7,2.65,1.05,0.9,0.7,0.9,0.95,1.26,1.48,1.12,1.4,1.19,1.59,1.24,1.04,1.14,1.18,1.36,0.43,0.73
明显,明顯,míngxiǎn,obvious,VH,Adjective,3.55,2.15,1.3,1.35,1.3,2.8,0.85,1.0,1.05,0.85,0.8,1.16,1.74,1.62,1.59,1.55,1.36,1.15,1.34,1.5,1.31,1.21,0.9,1.27
厂商,廠商,chǎngshāng,maker,Na,Noun,2.9,1.75,0.35,0.6,0.9,1.7,0.75,0.8,0.9,0.8,0.65,1.89,1.76,0.65,1.24,1.34,1.45,1.18,1.33,1.34,1.33,1.28,1.62,2.01
军官,軍官,jūnguān,officer,Na,Noun,3.75,2.45,0.3,0.25,0.9,2.25,2.0,2.25,1.65,2.1,2.0,1.26,1.63,0.78,0.77,1.18,1.61,1.82,1.76,1.74,1.76,1.73,2.62,2.15
战友,戰友,zhànyǒu,comrade-in-arms,Na,Noun,3.55,2.2,0.45,0.7,1.75,3.2,1.8,1.85,1.5,1.8,1.9,1.43,1.81,0.97,1.23,1.73,1.4,1.81,1.77,1.72,1.89,1.84,3.1,2.27
约,約,yuē,take_out,Da,Adverb,1.8,1.0,0.6,0.7,1.2,2.7,1.5,1.3,1.2,1.5,1.45,1.5,1.3,0.92,1.14,1.47,1.93,1.47,1.35,1.33,1.63,1.66,2.14,1.98
楼房,樓房,lóufáng,building,Na,Noun,4.35,1.2,0.35,1.05,2.2,1.95,1.3,1.25,0.4,0.8,1.2,0.65,1.25,0.73,1.16,1.81,1.69,1.52,1.34,0.73,1.08,1.47,1.81,2.04
一起,一起,yìqǐ,side_by_side,D,Adverb,3.2,1.65,0.45,1.05,2.45,3.15,1.7,2.4,2.0,1.65,1.95,1.54,1.59,0.74,1.43,1.96,1.31,1.38,1.77,1.73,1.59,1.6,0.95,1.21
试图,試圖,shìtú,attempt,VF,Verb,2.0,1.1,0.7,0.7,1.2,3.1,1.65,1.8,1.65,1.55,1.6,1.76,1.51,1.19,1.23,1.47,1.51,1.59,1.54,1.56,1.66,1.53,2.57,2.19
韵味,韻味,yùnwèi,lingering charm,Na,Noun,2.9,2.1,1.6,1.75,1.5,3.55,1.15,1.1,1.2,1.15,1.35,1.61,1.64,1.74,1.87,1.5,1.2,1.56,1.51,1.47,1.39,1.53,2.86,2.34
岁月,歲月,suìyuè,years,Na,Noun,2.25,1.35,1.1,0.9,1.15,3.2,1.1,1.15,1.0,1.05,1.2,2.0,1.71,1.45,1.41,1.49,1.63,1.58,1.53,1.45,1.43,1.63,2.19,2.01
浅见,淺見,qiǎnjiàn,humble opinion,Na,Noun,1.4,0.95,0.35,0.45,0.9,3.0,0.65,0.65,0.9,0.7,0.55,1.59,1.16,0.73,0.8,1.45,1.64,1.01,1.11,1.45,1.05,0.8,2.86,2.21
喇叭,喇叭,lǎbā,speaker,Na,Noun,2.45,4.45,0.25,0.3,0.95,1.6,0.45,1.4,1.85,1.45,0.95,1.6,1.07,0.62,0.56,1.4,1.66,0.74,1.66,1.93,1.8,1.47,2.19,2.08
权力,權力,quánlì,power,Na,Noun,1.85,1.3,0.6,0.55,0.95,3.85,1.1,0.95,0.75,0.85,0.9,1.88,1.58,1.2,1.16,1.47,1.24,1.34,1.32,0.99,1.15,1.09,0.86,1.32
白云,白雲,báiyún,clouds,Na,Noun,4.55,0.3,0.2,0.15,0.3,2.05,0.3,0.4,0.3,1.3,0.35,0.59,0.56,0.51,0.48,0.78,1.63,0.56,0.66,0.46,1.38,0.57,0.9,1.31
心思,心思,xīnsī,thought,Na,Noun,1.45,0.95,0.25,0.25,0.3,3.95,0.65,0.6,0.4,0.85,0.4,1.53,1.16,0.54,0.62,0.78,1.24,1.11,0.8,0.66,1.49,0.66,2.05,1.79
情感,情感,qínggǎn,emotion,Na,Noun,1.65,1.25,0.7,0.7,1.15,4.3,0.7,0.9,0.85,1.1,0.95,2.01,1.64,1.05,1.05,1.49,0.95,1.05,1.26,1.24,1.45,1.07,1.9,2.04
必须,必須,bìxū,must,D,Adverb,0.8,0.75,0.15,0.05,0.55,2.85,0.9,1.0,0.8,0.95,0.7,1.54,1.37,0.48,0.22,0.92,1.82,1.26,1.41,1.5,1.56,1.27,1.19,1.47
瞩目,矚目,zhǔmù,pay attention to,VB,Verb,3.65,1.1,0.3,0.4,0.7,2.8,0.7,0.95,0.75,1.7,1.2,1.68,1.51,1.1,1.11,1.31,1.69,0.95,1.24,1.18,1.55,1.25,2.0,1.95
辛辣,辛辣,xīnlà,spicy,VH,Adjective,1.25,0.2,4.7,3.05,0.85,3.25,0.25,0.7,2.45,0.8,0.45,1.64,0.51,0.64,1.72,1.39,1.64,0.54,1.14,1.88,1.33,0.74,2.57,2.13
敢,敢,gǎn,dare,VL,Verb,1.8,1.35,0.25,0.2,1.0,3.45,1.15,1.35,1.8,1.4,1.85,1.66,1.42,0.54,0.51,1.48,1.75,1.19,1.56,1.72,1.53,1.85,0.38,0.72
无法,無法,wúfǎ,fail,D,Adverb,1.35,0.95,0.9,0.7,1.25,3.0,1.05,1.05,1.05,0.95,1.35,1.49,1.16,1.34,1.19,1.61,1.82,1.63,1.4,1.5,1.32,1.68,0.86,1.32
吵,吵,chǎo,loud,A,Adjective,1.65,4.85,0.3,0.3,0.4,3.3,1.1,1.35,2.35,1.65,1.7,1.53,0.48,0.71,0.71,0.92,1.58,1.37,1.59,2.17,1.82,1.68,1.38,1.81
洼,窪,wā,hollow,A,Adjective,3.15,0.85,0.3,0.45,0.95,1.6,0.6,0.6,0.4,0.7,0.8,1.71,0.91,0.56,0.8,1.24,1.71,1.11,1.02,0.8,1.14,1.17,2.19,2.15
培育,培育,péiyù,cultivate,VC,Verb,2.25,1.35,0.75,0.5,2.0,3.05,1.1,1.7,1.5,1.25,1.5,1.92,1.62,0.99,0.81,1.76,1.72,1.41,1.73,1.63,1.37,1.75,2.38,2.34
盗版,盜版,dàobǎn,piracy,Na,Noun,2.35,1.85,0.4,0.35,0.5,2.6,0.3,0.6,0.5,0.35,0.35,1.8,1.77,0.73,0.73,0.81,1.88,0.64,1.02,1.07,0.73,0.73,1.19,1.74
圣言,聖言,shèngyán,holy words,Na,Noun,1.7,3.5,0.3,0.15,0.45,3.1,0.45,0.7,1.55,1.15,0.9,1.49,1.5,0.9,0.65,0.8,1.81,0.97,1.05,1.94,1.53,1.22,1.33,1.67
倾听,傾聽,qīngtīng,listen,VC,Verb,1.1,4.5,0.25,0.3,0.45,1.95,0.25,1.05,0.95,2.2,1.0,1.48,1.2,0.7,0.78,0.86,1.8,0.54,1.63,1.66,2.11,1.48,3.0,2.09
缘分,緣分,yuánfēn,fate,Na,Noun,1.25,1.05,0.35,0.3,0.9,3.85,0.5,0.55,0.7,0.75,0.7,1.51,1.5,0.79,0.71,1.55,1.62,0.97,1.12,1.23,1.26,1.19,1.76,1.95
发展,發展,fāzhǎn,development,VC,Verb,2.15,1.85,0.6,0.7,1.25,3.4,1.15,1.05,1.1,0.95,1.15,1.71,1.82,0.97,1.14,1.51,1.83,1.46,1.4,1.48,1.32,1.59,1.48,1.79
设立,設立,shèlì,set up,VC,Verb,1.85,1.3,0.35,0.35,1.5,2.55,1.1,1.45,0.85,1.0,1.3,1.77,1.85,0.73,0.91,1.8,1.75,1.64,1.66,1.31,1.34,1.76,1.57,1.94
河流,河流,héliú,river,Na,Noun,4.35,3.6,1.0,1.65,2.15,1.55,1.2,1.25,0.95,0.8,1.05,0.91,1.5,1.34,1.68,1.62,1.53,1.63,1.67,1.47,1.12,1.66,0.71,1.12
雪山,雪山,xuěshān,snow mountain,Na,Noun,4.6,1.65,0.75,1.3,1.9,2.6,1.6,1.35,0.7,1.15,1.5,0.8,1.74,1.18,1.62,1.7,1.77,1.66,1.46,1.45,1.71,1.63,0.62,0.9
感情,感情,gǎnqíng,affection,Na,Noun,1.9,1.6,0.4,0.65,1.3,3.95,0.65,0.65,1.05,0.9,0.8,1.84,1.53,0.8,1.24,1.62,1.66,1.11,1.06,1.75,1.61,1.4,2.57,1.87
收养,收養,shōuyǎng,adoption,VC,Verb,2.15,1.4,0.35,0.4,1.3,2.95,1.4,1.65,1.35,1.15,1.55,1.71,1.69,0.79,0.73,1.58,1.88,1.88,2.01,1.85,1.56,1.91,2.86,1.98
课程,課程,kèchéng,course,Na,Noun,3.6,3.05,0.45,0.4,1.3,2.9,1.0,1.6,1.95,2.0,1.7,1.46,1.8,0.86,0.66,1.14,1.58,1.05,1.62,1.8,1.82,1.52,1.19,1.65
可以,可以,kěyǐ,can,D,Adverb,1.4,1.5,0.6,0.55,0.75,3.15,1.0,1.25,1.1,1.0,1.15,1.5,1.69,0.97,0.97,1.04,1.56,1.41,1.41,1.37,1.14,1.39,0.71,1.2
温和,溫和,wēnhé,gentle,A,Adjective,2.4,1.95,1.4,1.6,1.9,2.95,0.9,1.25,1.5,1.0,1.45,1.39,1.6,1.62,1.56,1.76,1.75,1.18,1.51,1.69,1.3,1.5,1.71,1.64
炼狱,煉獄,liànyù,purgatory,Nc,Noun,3.4,2.7,1.2,1.45,2.3,4.1,1.2,1.2,1.1,1.45,1.3,1.8,1.87,1.69,1.66,2.08,1.09,1.6,1.54,1.41,1.72,1.65,1.48,1.97
走进,走進,zǒujìn,go into,VCL,Verb,2.9,1.35,0.65,0.9,1.75,1.9,4.1,1.8,0.85,1.25,3.4,1.76,1.49,1.39,1.48,1.64,1.7,1.09,1.57,1.15,1.61,1.62,3.33,1.96
回答,回答,huídá,answer,VE,Verb,1.8,3.6,0.65,0.55,0.4,2.0,0.7,1.55,3.35,1.4,1.15,1.4,1.59,1.28,1.16,0.73,1.82,1.27,1.56,1.8,1.62,1.39,3.29,1.96
新加坡,新加坡,xīnjiāpō,singapore,Nc,Noun,3.05,1.95,1.6,1.55,0.9,2.85,1.35,1.4,1.25,1.3,1.5,1.77,1.8,1.88,1.83,1.34,1.65,1.77,1.77,1.79,1.73,1.86,0.67,1.55
冷淡,冷淡,lěngdàn,frigid,A,Adjective,3.3,2.2,0.65,0.65,1.0,3.45,0.9,1.1,0.9,1.1,1.0,1.38,1.72,0.85,0.91,1.1,1.86,1.26,1.3,1.37,1.48,1.38,1.67,1.46
柔顺,柔順,róushùn,soft and smooth,A,Adjective,3.35,1.4,0.6,0.5,3.45,2.7,0.75,1.8,0.9,0.8,1.05,1.65,1.62,1.02,0.92,1.72,1.79,1.04,1.63,1.26,1.08,1.32,2.05,1.56
嫌疑,嫌疑,xiányí,suspect,Na,Noun,2.45,1.9,0.5,0.7,0.75,3.2,0.85,1.0,1.05,1.1,1.1,1.75,1.76,0.87,1.05,1.09,1.89,1.15,1.3,1.5,1.41,1.45,1.67,1.64
公厕,公廁,gōngcè,public tolite,Nc,Noun,4.25,1.75,0.8,3.7,1.6,2.75,1.45,1.5,0.9,1.2,1.75,0.89,1.73,1.44,1.62,1.71,1.61,1.53,1.77,1.26,1.54,1.76,1.9,2.18
要,要,yào,want,VC,Verb,1.45,1.45,0.85,0.85,0.9,2.4,0.85,1.75,1.65,1.4,1.15,1.72,1.63,1.35,1.31,1.37,1.91,1.31,1.67,1.96,1.69,1.39,1.81,1.94
发,發,fā,hair,VD,Verb,2.5,1.2,0.65,1.4,1.75,1.6,0.85,1.95,0.6,1.3,1.35,1.77,1.6,1.01,1.69,1.7,1.59,1.28,1.86,1.02,1.49,1.35,1.95,2.15
招呼,招呼,zhāohū,greeting,VC,Verb,3.7,4.05,0.5,0.65,1.3,2.3,1.25,3.05,2.8,2.45,2.1,1.38,0.97,1.07,1.06,1.42,1.58,1.37,1.77,1.72,1.53,1.51,3.48,1.82
美德,美德,měidé,virtue,Na,Noun,2.25,1.55,0.55,0.65,0.7,3.65,0.8,0.95,1.25,1.15,1.05,1.87,1.75,1.02,0.91,0.95,1.53,1.17,1.2,1.76,1.56,1.4,2.14,1.75
回家,回家,huíjiā,go home,VA,Verb,2.6,1.7,1.2,1.2,1.45,3.5,2.85,2.05,1.1,1.6,2.5,1.85,1.9,1.72,1.78,1.88,1.75,1.85,1.75,1.58,1.88,1.83,3.0,1.93
锐意,銳意,ruìyì,determined,Na,Noun,2.05,0.95,0.45,0.25,0.75,2.9,0.5,0.55,0.55,0.75,0.45,1.77,1.32,1.02,0.7,1.13,1.84,0.81,1.02,0.92,1.37,0.97,1.38,1.62
男子,男子,nánzi,gent,Na,Noun,4.0,2.15,0.3,1.25,1.15,2.1,0.9,0.8,0.9,0.7,0.8,1.3,1.88,0.78,1.61,1.59,1.64,1.22,1.21,1.34,1.14,1.25,3.05,2.36
共同,共同,gòngtóng,together,A,Adjective,1.65,0.85,0.5,0.45,0.5,2.65,0.6,0.55,0.55,0.35,0.5,1.74,1.56,0.87,0.8,0.97,1.9,1.02,1.07,0.92,0.65,0.97,0.81,1.43
倦容,倦容,juànróng,tiring,Na,Noun,4.35,1.4,0.25,0.25,0.35,3.1,0.9,1.15,0.85,1.5,1.25,0.73,1.71,0.62,0.7,0.65,1.37,1.18,1.53,1.24,1.66,1.37,3.05,2.03
古朴,古樸,gǔpǔ,quaint,VH,Adjective,3.85,0.85,0.55,0.85,1.1,3.25,0.3,0.5,0.35,0.4,0.35,1.19,1.19,1.12,1.11,1.58,1.44,0.64,0.92,0.65,0.8,0.73,1.43,1.71
纪录,紀錄,jìlù,record,Na,Noun,3.2,1.9,0.65,0.6,0.95,2.0,0.6,1.5,1.0,0.85,1.4,1.36,1.81,0.91,1.07,1.36,1.64,0.92,1.57,1.45,1.24,1.62,1.33,1.7
领导,領導,lǐngdǎo,head_up,VC,Verb,2.8,1.6,0.15,0.35,0.45,2.8,1.0,1.5,1.3,1.35,1.5,1.6,1.62,0.48,0.79,0.86,1.44,1.61,1.57,1.58,1.56,1.63,2.05,1.91
焚烧,焚燒,fénshāo,incineration,VC,Verb,4.35,1.75,0.75,2.95,1.4,2.15,0.8,1.75,0.95,1.0,1.2,0.91,1.37,1.26,1.53,1.69,1.8,1.33,1.73,1.43,1.34,1.4,2.19,1.99
客户,客戶,kèhù,clientage,Na,Noun,3.35,1.65,0.3,0.25,0.75,1.9,0.85,0.9,1.05,0.95,0.85,1.39,1.65,0.64,0.54,1.13,1.55,1.31,1.45,1.56,1.47,1.46,2.81,2.22
功夫,功夫,gōngfu,effort,Na,Noun,4.05,1.9,0.45,0.35,1.35,2.65,3.55,3.9,2.3,2.75,4.0,1.16,1.51,1.02,0.73,1.71,1.53,1.56,1.26,1.73,1.79,1.18,3.29,2.25
优异,優異,yōuyì,pretty,VH,Adjective,2.0,0.95,0.5,0.35,0.6,4.0,0.6,0.55,0.75,0.75,0.6,1.87,1.36,1.12,0.85,1.28,1.26,1.2,0.92,1.22,1.26,1.11,1.1,1.63
梧桐,梧桐,wútóng,sycamore,Na,Noun,3.95,1.2,0.4,1.5,2.0,1.5,0.4,0.45,0.3,0.75,0.45,1.02,1.66,0.73,1.66,1.61,1.69,0.97,0.92,0.78,1.04,0.92,0.62,0.95
纵,縱,zòng,vertical,A,Adjective,2.4,0.35,0.25,0.4,0.75,1.85,0.7,0.6,0.55,0.6,0.85,1.74,0.79,0.62,0.97,1.34,1.74,1.1,1.07,1.12,1.07,1.28,0.95,1.21
重,重,zhòng,heavy,A,Adjective,3.0,0.8,0.55,0.6,2.6,3.0,1.6,2.35,1.0,1.35,1.8,1.67,1.21,1.28,1.36,2.03,1.52,1.71,1.82,1.58,1.77,1.86,2.38,2.17
四周,四周,sìzhōu,all around,Ncd,Noun,4.0,2.05,0.75,1.2,1.4,2.2,1.65,1.65,1.05,2.65,2.0,1.26,1.69,1.26,1.4,1.59,1.57,1.74,1.82,1.43,1.53,1.82,0.71,1.08
晚霞,晚霞,wǎnxiá,sunset,Na,Noun,4.3,0.9,0.55,0.55,0.65,2.5,0.6,0.7,0.5,1.45,0.9,1.1,1.48,1.2,1.07,1.24,1.96,0.92,1.14,0.87,1.28,1.26,0.62,1.05
傻子,傻子,shǎzi,fool,Na,Noun,3.35,2.25,0.5,0.6,0.8,2.65,1.05,1.05,0.95,1.25,1.2,1.53,1.41,0.92,0.92,1.29,1.68,1.32,1.43,1.24,1.51,1.36,2.48,1.92
才能,才能,cáinéng,capableness,Na,Noun,2.6,1.75,0.85,0.6,0.75,3.55,1.2,1.35,0.8,1.3,1.1,1.62,1.64,1.24,0.92,1.18,1.4,1.54,1.77,1.21,1.62,1.45,2.38,1.89
妇女,婦女,fùnǚ,woman,Na,Noun,3.95,2.65,0.65,0.75,1.7,2.55,1.4,1.2,1.2,1.25,1.45,1.2,1.56,1.11,1.22,1.73,1.75,1.59,1.36,1.47,1.34,1.5,3.14,2.1
兵营,兵營,bīngyíng,barracks,Nc,Noun,4.0,2.65,0.6,0.9,1.1,2.4,1.8,1.7,1.3,1.55,1.6,0.89,1.77,1.2,1.37,1.45,1.74,1.78,1.73,1.79,1.86,1.83,1.71,1.58
交通,交通,jiāotōng,transportation,Na,Noun,4.0,3.2,0.45,0.8,0.9,2.25,1.9,1.6,1.1,1.35,1.65,1.1,1.47,1.16,1.33,1.34,1.44,1.79,1.88,1.7,1.74,1.56,1.1,1.54
努力,努力,nǔlì,effort,VH,Adjective,2.05,1.35,0.2,0.35,0.75,3.25,1.45,1.55,1.4,1.45,1.6,1.77,1.53,0.51,0.73,1.34,1.76,1.66,1.72,1.77,1.69,1.71,2.52,1.87
有所,有所,yǒusuǒ,some,VJ,Verb,1.05,0.75,0.3,0.35,0.6,1.7,0.3,0.3,0.3,0.3,0.35,1.69,1.48,0.78,0.91,1.32,2.03,0.64,0.64,0.64,0.64,0.65,0.52,0.96
能,能,néng,can,D,Adverb,1.35,1.1,0.45,0.4,0.6,2.7,0.85,0.85,0.75,0.75,0.9,1.53,1.55,0.92,0.86,1.2,1.9,1.24,1.15,1.13,1.13,1.34,1.52,1.84
歌剧,歌劇,gējù,opera,Na,Noun,3.75,4.6,0.35,0.3,0.65,3.2,1.3,1.65,1.9,2.1,1.65,1.76,0.66,0.96,0.71,1.15,1.66,1.62,1.85,1.92,1.7,1.71,1.57,2.04
熠熠,熠熠,yìyì,bright,A,Adjective,3.95,0.8,0.1,0.2,0.35,2.05,0.5,0.5,0.45,0.75,0.5,1.47,1.21,0.3,0.51,0.73,1.77,0.81,0.74,0.74,0.94,0.74,0.9,1.41
只是,只是,zhǐshì,only,D,Adverb,0.65,0.75,0.2,0.2,0.45,2.25,0.2,0.3,0.25,0.15,0.15,1.15,1.55,0.51,0.51,0.97,2.17,0.51,0.64,0.62,0.48,0.48,0.48,0.96
其间,其間,qíjiān,meantime,Nd,Noun,1.1,0.65,0.1,0.1,0.25,1.95,0.15,0.15,0.15,0.15,0.1,1.61,1.39,0.3,0.3,0.62,2.01,0.36,0.36,0.48,0.36,0.3,0.33,0.89
营养,營養,yíngyǎng,nutrition,Na,Noun,1.45,0.55,2.9,2.05,1.05,2.55,0.45,0.8,2.1,1.2,0.85,1.43,1.16,1.73,1.75,1.24,1.47,0.8,1.25,2.0,1.54,1.24,1.9,1.77
道德,道德,dàodé,morality,Na,Noun,1.25,1.05,0.2,0.25,0.7,3.9,0.5,0.65,0.7,0.65,0.75,1.73,1.56,0.87,0.89,1.42,1.51,0.92,1.31,1.38,1.24,1.13,1.19,1.62
司仪,司儀,sīyí,master of ceremonies,Na,Noun,3.5,3.2,0.2,0.5,0.6,1.5,1.6,1.9,2.25,2.35,2.4,1.5,1.86,0.51,0.97,1.24,1.43,1.83,1.92,2.07,1.96,1.91,2.67,2.23
手铐,手銬,shǒukào,handcuff,Na,Noun,3.6,1.6,0.4,0.35,3.5,1.55,0.85,3.4,0.75,0.9,1.4,1.5,1.69,1.11,0.91,1.63,1.8,1.31,1.56,1.3,1.48,1.56,2.81,1.99
头发,頭髮,tóufà,hair,Na,Noun,4.0,0.25,0.4,1.8,3.2,1.0,0.35,0.7,0.65,2.4,0.65,1.45,0.7,1.07,1.86,1.72,1.3,0.91,1.45,1.24,1.96,1.19,4.48,1.92
妃嫔,妃嬪,fēipín,concubine,Na,Noun,3.2,1.7,0.25,0.6,1.55,1.55,0.95,1.1,1.05,0.9,1.15,1.81,1.9,0.54,1.11,1.75,1.72,1.43,1.64,1.77,1.51,1.71,2.52,2.11
美景,美景,měijǐng,fine view,Na,Noun,4.9,1.55,0.6,1.45,1.15,2.35,0.95,1.15,0.7,1.25,1.4,0.3,1.53,1.07,1.4,1.31,1.98,1.24,1.53,1.19,1.79,1.91,1.24,1.92
发出,發出,fāchū,give_off,VC,Verb,1.35,1.85,0.3,0.3,0.55,1.35,1.1,1.7,1.5,1.15,1.2,1.68,2.08,0.9,0.9,0.92,1.8,1.64,1.95,1.75,1.42,1.36,1.71,1.91
牵手,牽手,qiānshǒu,hold hands,Na,Noun,3.35,0.3,0.25,0.3,3.85,2.0,0.6,4.6,0.6,0.8,1.35,1.74,0.71,0.7,0.56,1.96,1.84,1.2,1.11,1.24,1.36,1.46,4.67,1.58
情景,情景,qíngjǐng,scene,Na,Noun,3.8,1.5,0.6,0.85,1.05,1.9,0.85,0.7,0.75,1.15,1.05,1.63,1.83,1.2,1.46,1.63,1.81,1.31,1.05,1.13,1.59,1.66,0.71,1.16
母亲,母親,mǔqīn,mother,Na,Noun,3.8,3.1,1.95,2.85,2.8,4.05,1.35,1.25,1.25,1.2,1.4,1.63,1.95,2.01,1.93,1.86,1.28,1.9,1.81,1.79,1.75,1.8,2.9,2.22
优势,優勢,yōushì,dominance,Na,Noun,1.3,1.05,0.2,0.45,0.55,3.1,0.35,0.25,0.35,0.45,0.35,1.85,1.88,0.51,1.07,1.24,1.89,0.91,0.54,0.79,0.86,0.79,0.81,1.1
楷模,楷模,kǎimó,model,Na,Noun,2.45,1.35,0.4,0.4,0.5,2.85,0.45,0.45,0.7,0.85,0.85,1.83,1.8,0.97,0.97,0.87,1.88,0.92,0.92,1.42,1.49,1.53,2.14,1.93
思潮,思潮,sīcháo,trend of thought,Na,Noun,1.3,0.85,0.25,0.3,0.4,3.3,0.6,0.7,0.7,0.65,0.35,1.85,1.56,0.62,0.78,0.86,1.76,1.16,1.31,1.31,1.06,0.85,1.38,1.56
杀戮,殺戮,shālù,kill,VC,Verb,3.9,2.95,1.2,2.4,2.3,3.2,2.0,2.65,1.55,1.75,2.55,1.41,1.91,1.81,1.88,2.03,1.83,1.76,1.96,1.83,1.87,1.99,2.62,2.08
冷气,冷氣,lěngqì,air -conditioning,Na,Noun,1.2,1.1,0.25,0.45,3.45,2.4,0.85,0.9,0.9,0.95,1.15,1.72,1.45,0.62,0.8,1.69,1.77,1.42,1.55,1.55,1.47,1.71,0.71,1.28
实现,實現,shíxiàn,achieve,VC,Verb,1.95,1.05,0.35,0.35,1.25,3.35,0.95,1.2,0.95,0.9,0.95,1.88,1.4,0.91,0.91,1.7,1.71,1.53,1.6,1.63,1.51,1.4,1.05,1.65
传奇,傳奇,chuánqí,legend,Na,Noun,2.1,2.25,0.5,0.3,0.8,3.6,0.8,1.0,1.0,1.0,0.95,1.76,1.89,1.16,0.71,1.12,1.39,1.25,1.48,1.34,1.38,1.4,1.05,1.53
网路,網路,wǎnglù,web,Na,Noun,2.4,1.4,0.3,0.2,0.6,2.15,0.55,1.45,0.6,1.25,0.85,1.69,1.59,0.9,0.51,0.92,1.56,0.92,1.56,1.11,1.61,1.15,0.76,1.23
宫殿,宮殿,gōngdiàn,palace,Na,Noun,4.4,1.3,0.25,0.35,1.55,2.15,1.2,1.3,0.9,1.35,1.15,1.02,1.31,0.54,0.65,1.63,1.74,1.44,1.55,1.34,1.46,1.46,0.76,1.27
保障,保障,bǎozhàng,cover,VC,Verb,1.0,0.7,0.25,0.3,0.5,3.3,0.7,0.8,0.75,0.75,0.75,1.45,1.19,0.62,0.78,0.87,1.68,1.19,1.21,1.26,1.13,1.09,1.14,1.83
辛苦,辛苦,xīnkǔ,hard,VHC,Verb,2.3,1.4,0.95,0.6,1.95,3.6,2.35,2.45,1.7,2.05,2.55,1.87,1.62,1.36,0.97,1.53,1.69,1.82,1.77,1.65,1.77,1.99,2.43,2.19
作风,作風,zuòfēng,style,Na,Noun,2.3,1.4,0.35,0.4,0.65,2.7,1.15,1.25,1.2,1.1,1.4,1.82,1.53,1.06,1.07,1.15,1.85,1.59,1.64,1.54,1.37,1.8,1.52,1.94
便,便,biàn,so,D,Adverb,1.95,0.7,0.9,2.2,1.0,1.75,0.7,0.95,0.7,0.7,0.9,1.77,1.19,1.41,2.14,1.26,1.81,1.05,1.4,1.19,1.23,1.3,0.62,1.09
蓝天,藍天,lántiān,blue sky,Na,Noun,4.85,1.25,0.4,0.55,0.8,2.8,1.05,1.25,0.9,2.25,1.65,0.48,1.76,1.02,1.07,1.47,1.78,1.32,1.64,1.3,1.81,1.82,0.67,1.17
患者,患者,huànzhě,patient,Na,Noun,2.95,2.25,0.55,1.0,1.7,2.95,1.3,1.45,1.2,1.05,1.45,1.63,1.79,1.2,1.34,1.58,1.63,1.49,1.75,1.6,1.32,1.63,3.1,2.22
网页,網頁,wǎngyè,web page,Na,Noun,3.9,1.8,0.15,0.2,1.0,1.9,0.45,2.0,0.7,1.5,1.25,1.41,1.69,0.48,0.68,1.38,1.67,0.74,1.87,1.23,1.57,1.58,1.22,1.78
鲜润,鮮潤,xiānrùn,fresh,A,Adjective,3.1,1.05,2.6,2.25,2.45,2.25,0.5,1.05,1.45,0.85,0.95,1.79,1.36,1.93,1.73,1.66,1.73,1.16,1.43,1.56,1.11,1.47,1.67,1.56
短片,短片,duǎnpiàn,short film,Na,Noun,4.2,3.9,0.25,0.15,0.85,2.25,1.05,1.6,1.05,1.8,1.2,1.36,1.48,0.89,0.48,1.28,1.73,1.66,2.01,1.69,1.72,1.72,1.44,1.86
款待,款待,kuǎndài,hospitality,VC,Verb,2.7,1.65,2.0,1.55,1.7,3.2,1.4,1.7,1.65,1.45,1.6,1.68,1.62,1.67,1.47,1.49,1.44,1.28,1.45,1.46,1.32,1.36,2.78,2.12
煌煌,煌煌,huánghuáng,brilliant/sparkling ,A,Adjective,2.85,1.3,0.45,0.5,0.85,2.0,0.55,0.7,0.65,0.8,0.7,1.88,1.55,1.2,1.02,1.49,1.87,1.12,1.42,1.28,1.33,1.19,0.56,0.9
肩膀,肩膀,jiānbǎng,shoulder,Na,Noun,3.15,0.55,0.1,0.2,2.75,1.35,0.55,1.85,0.4,1.1,2.15,1.68,1.12,0.44,0.51,1.64,1.59,0.92,1.82,0.73,1.48,1.71,4.28,2.16
柔美,柔美,róuměi,graceful,A,Adjective,3.8,1.5,0.2,0.5,2.15,2.45,1.1,1.65,0.35,1.3,1.25,1.33,1.63,0.68,1.02,1.98,1.88,1.34,1.68,0.79,1.58,1.51,3.22,2.22
受到,受到,shòudào,suffer,VJ,Verb,1.25,1.1,0.15,0.45,1.3,2.5,0.6,1.05,0.6,0.5,0.9,1.58,1.58,0.48,0.97,1.73,1.86,1.02,1.36,1.02,0.92,1.34,1.89,2.0
灼灼,灼灼,zhuózhuó,shining/ scorching,A,Adjective,3.05,0.9,0.85,0.95,2.15,2.4,0.45,1.05,0.85,0.55,0.5,1.5,1.3,1.31,1.36,1.62,1.74,0.8,1.53,1.35,1.07,0.74,1.5,1.61
灵柩,靈柩,língjiù,bier,Na,Noun,3.35,0.7,0.15,0.4,1.6,2.85,0.75,1.2,0.45,0.85,1.15,1.77,1.35,0.48,0.73,1.74,1.82,1.04,1.4,0.74,1.11,1.31,2.39,2.24
军队,軍隊,jūnduì,regular_army,Na,Noun,3.75,3.0,0.2,0.5,0.95,2.05,2.7,2.5,2.0,2.15,2.35,1.44,1.55,0.68,1.02,1.2,1.63,1.82,1.91,1.9,1.68,1.8,2.39,1.86
谢谢,謝謝,xièxiè,thanks,VJ,Verb,1.75,2.55,0.25,0.3,1.05,3.55,0.5,1.45,2.05,1.4,1.25,2.05,1.91,0.89,0.95,1.6,1.77,0.74,1.32,1.75,1.43,1.34,1.72,2.05
提议,提議,tíyì,proposal,VE,Verb,1.65,2.75,0.1,0.25,0.55,2.15,0.5,1.25,2.55,1.35,0.7,1.65,1.95,0.44,0.62,0.92,1.85,0.81,1.41,1.86,1.49,1.05,2.5,2.22
完整,完整,wánzhěng,whole,VH,Adjective,2.7,1.2,0.35,0.4,1.35,2.75,0.45,0.7,0.5,0.55,0.8,2.05,1.78,0.73,0.73,1.68,2.02,0.86,1.35,1.02,1.12,1.36,0.83,1.34
本质,本質,běnzhì,nature,Na,Noun,1.5,0.8,0.4,0.5,0.9,2.9,0.5,0.65,0.6,0.55,0.55,1.8,1.36,0.97,0.97,1.41,2.02,0.87,1.24,1.11,1.02,1.02,0.44,0.83
倾诉,傾訴,qīngsù,pour_out,VC,Verb,1.95,4.3,0.15,0.3,1.0,2.7,0.6,1.05,3.05,1.85,1.4,1.53,0.95,0.48,0.64,1.38,1.95,1.02,1.36,1.8,1.9,1.5,3.44,2.03
创新,創新,chuàngxīn,innovation,VC,Verb,2.95,1.1,0.45,0.35,1.05,3.4,0.6,1.5,1.0,0.85,0.65,1.99,1.7,0.86,0.73,1.53,1.71,0.86,1.72,1.22,1.31,0.96,1.56,1.95
剩下,剩下,shèngxià,remain,VJ,Verb,2.85,1.05,0.6,0.55,0.95,2.1,0.5,0.95,0.7,0.75,0.65,1.82,1.69,1.07,1.07,1.32,2.12,0.87,1.36,1.14,1.26,1.06,0.61,1.11
安然,安然,ānrán,safely,D,Adverb,2.1,1.45,0.3,0.35,0.6,3.4,0.7,0.65,0.6,0.75,0.7,1.92,1.91,0.71,0.96,1.07,1.71,1.14,1.15,1.02,1.09,1.1,1.61,1.92
神韵,神韻,shényùn,romantic charm,Na,Noun,3.7,2.1,0.45,0.8,0.75,3.3,1.05,1.05,0.9,1.25,1.25,1.52,1.87,1.16,1.25,1.22,1.85,1.2,1.2,1.3,1.41,1.44,2.44,2.06
知,知,zhī,know,VK,Verb,1.25,1.25,0.5,0.45,0.7,3.1,0.55,0.6,0.7,0.55,0.6,1.55,1.64,0.74,0.74,0.9,1.76,0.86,1.02,1.0,0.86,0.86,1.89,2.21
浩劫,浩劫,hàojié,catastrophe,Na,Noun,3.3,2.2,0.3,0.8,1.15,3.65,1.3,1.35,1.05,1.5,1.45,1.71,1.81,0.64,1.36,1.49,1.19,1.38,1.49,1.12,1.5,1.47,2.0,2.08
惯犯,慣犯,guànfàn,recidivist,Na,Noun,2.4,1.55,0.15,0.3,0.8,2.9,0.85,0.85,0.8,0.85,1.05,1.5,1.72,0.48,0.71,1.29,1.61,1.19,1.19,1.08,1.19,1.32,2.0,1.86
枪杀,槍殺,qiāngshā,shot,VC,Verb,4.15,3.7,0.25,0.6,1.4,2.75,1.25,2.3,1.35,1.7,1.85,1.42,1.31,0.77,1.07,1.77,2.02,1.55,1.76,1.49,1.68,1.65,3.28,2.08
前往,前往,qiánwǎng,go,VCL,Verb,2.85,0.55,0.15,0.2,0.8,1.5,3.6,2.45,0.7,1.25,2.85,1.68,0.86,0.48,0.51,1.25,1.69,1.5,1.56,1.0,1.34,1.56,2.94,2.37
研究所,研究所,yánjiūsuǒ,graduate_school,Nc,Noun,2.75,1.35,0.6,0.85,0.95,1.55,0.9,1.0,0.9,0.8,0.75,1.79,1.8,1.16,1.35,1.47,1.6,1.34,1.45,1.3,1.12,1.13,1.17,1.64
释怀,釋懷,shìhuái,relieve,VH,Adjective,1.4,0.6,0.2,0.15,0.55,4.05,0.45,0.8,0.65,0.85,0.45,1.43,0.97,0.51,0.36,0.86,1.53,0.74,1.08,0.91,1.24,0.74,2.17,2.32
腐烂,腐爛,fǔlàn,rot,VH,Adjective,3.9,0.85,1.7,3.6,1.75,2.7,0.5,0.85,1.0,0.6,0.55,1.34,1.35,1.9,1.71,1.7,1.71,0.87,1.31,1.48,0.97,0.86,1.78,2.07
茶叶,茶葉,cháyè,tea,Na,Noun,4.1,0.5,3.35,3.2,2.25,1.25,0.5,1.4,2.0,1.05,0.8,0.94,1.12,1.59,1.44,1.67,1.58,0.74,1.43,1.82,1.24,1.12,0.83,1.57
现象,現象,xiànxiàng,phenomenon,Na,Noun,3.1,1.25,0.45,0.5,1.25,1.5,0.4,0.6,0.5,0.65,0.65,1.64,1.58,1.16,1.16,1.7,1.36,0.66,0.92,0.74,1.06,1.06,0.56,0.76
风车,風車,fēngchē,windmill,Na,Noun,4.3,2.4,0.15,0.25,0.7,1.3,0.95,0.85,0.9,0.95,0.85,0.84,1.36,0.48,0.77,1.1,1.45,1.47,1.31,1.22,1.24,1.31,0.83,1.5
不易,不易,bùyì,not easy,VH,Adjective,1.2,0.75,0.4,0.55,0.5,2.8,0.7,0.75,0.65,0.85,0.75,1.69,1.37,0.8,1.02,1.02,1.86,1.23,1.34,1.24,1.49,1.26,0.83,1.38
珍藏,珍藏,zhēncáng,collection,VC,Verb,2.35,0.95,0.65,0.75,0.8,3.15,0.45,0.55,0.55,0.5,0.45,1.71,1.47,1.31,1.34,1.4,1.85,0.74,0.92,1.16,0.92,0.74,2.28,2.28
红军,紅軍,hóngjūn,red army,Na,Noun,3.3,1.6,0.15,0.25,0.75,2.1,1.4,1.5,1.25,1.35,1.5,1.65,1.74,0.48,0.77,1.22,1.76,1.8,1.8,1.89,1.77,1.83,2.11,2.08
告诉,告訴,gàosù,tell,VE,Verb,1.8,3.9,0.3,0.35,0.6,1.5,0.5,1.1,2.55,1.7,1.2,1.4,1.3,0.71,0.73,1.07,1.57,0.87,1.41,1.83,1.42,1.29,3.67,2.11
仁爱,仁愛,rénài,love,Na,Noun,2.05,1.35,0.3,0.15,1.15,4.15,0.5,1.2,1.0,0.8,0.7,1.8,1.49,0.64,0.48,1.59,1.28,0.81,1.36,1.58,1.25,1.0,2.28,1.66
路标,路標,lùbiāo,road signs,Na,Noun,4.65,0.75,0.1,0.1,0.5,1.05,1.15,1.05,0.55,1.8,1.05,0.48,1.18,0.44,0.3,0.81,1.07,1.56,1.32,0.86,1.75,1.5,0.44,0.83
形象,形象,xíngxiàng,image,Na,Noun,4.15,1.65,0.35,0.65,0.75,2.35,1.05,1.3,1.35,1.5,1.2,1.31,1.9,1.11,1.39,1.3,2.06,1.66,1.76,1.9,1.69,1.63,2.17,2.32
果农,果農,guǒnóng,fruit farmers,Na,Noun,3.3,1.15,1.3,1.4,1.55,1.2,1.5,1.6,1.1,1.25,1.4,1.42,1.42,1.82,1.59,1.83,1.36,1.94,1.88,1.37,1.61,1.83,2.39,2.06
登场,登場,dēngcháng,appear,VA,Verb,3.95,2.15,0.15,0.6,0.95,1.85,2.2,1.75,1.2,1.4,1.75,1.36,1.62,0.48,1.16,1.28,1.8,1.83,1.97,1.72,1.83,1.87,3.11,1.97
自由,自由,zìyóu,free,VH,Adjective,2.3,1.65,0.25,0.5,1.1,4.1,2.15,2.05,1.65,1.85,1.95,1.87,1.65,0.62,0.87,1.58,1.45,1.71,1.69,1.8,1.9,1.83,2.5,2.48
期间,期間,qījiān,amount_of_time,Na,Noun,1.1,0.7,0.3,0.35,0.6,2.7,0.4,0.5,0.45,0.55,0.6,1.48,1.19,0.78,0.79,1.2,1.9,0.73,0.92,0.97,1.07,0.97,0.44,0.83
半生,半生,bànshēng,half a lifetime,Na,Noun,1.0,0.95,0.3,0.2,0.45,3.75,0.5,0.6,0.5,0.6,0.7,1.58,1.6,0.95,0.6,0.86,1.58,0.92,1.02,1.07,1.24,1.14,1.28,1.69
实力,實力,shílì,strength,Na,Noun,2.25,1.3,0.3,0.4,1.2,3.6,1.2,1.6,0.95,1.0,1.3,1.64,1.55,0.56,0.86,1.69,1.39,1.57,1.74,1.43,1.41,1.68,1.89,1.76
表示,表示,biǎoshì,express,VE,Verb,2.5,1.7,0.25,0.25,0.9,2.6,0.9,1.65,2.5,1.15,1.2,1.77,1.79,0.62,0.7,1.22,1.59,1.55,1.82,2.11,1.62,1.47,2.17,2.14
功德,功德,gōngdé,merits and virtues,Na,Noun,1.65,0.8,0.25,0.3,0.55,3.9,0.85,0.95,0.95,0.7,0.75,1.65,1.03,0.7,0.78,1.2,1.45,1.42,1.53,1.56,1.38,1.3,1.78,1.81
升华,昇華,shēnghuá,sublimation,VH,Adjective,2.25,1.15,0.6,0.75,1.0,2.85,0.45,0.55,0.65,0.5,0.65,1.7,1.42,1.2,1.26,1.41,2.01,0.97,0.92,1.15,0.97,1.01,1.11,1.63
痛苦,痛苦,tòngkǔ,painful,A,Adjective,2.95,2.2,0.55,0.7,2.85,4.4,1.45,1.55,1.45,1.6,2.15,1.83,1.83,0.8,1.05,2.01,1.24,1.91,1.8,1.72,1.74,1.82,3.11,2.28
美女,美女,měinǚ,beauty,Na,Noun,4.7,2.0,0.8,1.8,1.85,3.05,1.0,1.15,1.1,1.4,1.45,0.56,1.9,1.57,1.83,2.03,1.83,1.48,1.59,1.55,1.66,1.75,3.61,2.24
睡,睡,shuì,sleep,VA,Verb,2.05,1.05,0.15,0.35,1.2,2.75,0.95,0.95,0.7,0.9,1.9,2.01,1.07,0.36,0.65,1.54,1.81,1.53,1.5,1.35,1.48,1.73,4.17,1.83
课本,課本,kèběn,textbook,Na,Noun,4.25,1.2,0.15,0.8,2.5,1.1,0.1,1.7,1.25,1.6,0.75,1.13,1.29,0.48,1.17,1.57,1.3,0.3,1.62,1.58,1.46,1.09,1.11,1.41
五,五,wǔ,five,Nd,Noun,2.1,1.15,0.05,0.15,0.1,1.25,0.25,0.65,1.05,0.45,0.35,1.64,1.53,0.22,0.48,0.3,1.41,0.54,0.91,1.4,1.07,0.91,0.61,1.16
是非,是非,shìfēi,right and wrong,Na,Noun,0.65,1.95,0.1,0.05,0.2,2.8,0.25,0.15,0.9,0.55,0.45,1.01,1.69,0.3,0.22,0.51,2.11,0.89,0.36,1.51,0.86,0.8,0.78,1.23
图书,圖書,túshū,book,Na,Noun,4.2,0.75,0.25,0.7,1.65,0.85,0.25,1.75,0.85,1.2,0.65,1.12,1.22,0.54,0.9,1.56,1.06,0.62,1.48,1.11,1.36,1.11,1.22,1.65
修行,修行,xiūxíng,practice,VA,Verb,2.1,1.65,0.65,0.85,1.1,3.4,1.2,1.3,0.8,1.05,1.6,1.55,1.62,1.24,1.39,1.45,1.46,1.33,1.31,0.98,1.16,1.43,3.22,1.9
营业,營業,yíngyè,operate,VA,Verb,2.8,1.7,0.4,0.3,0.8,1.2,1.2,1.75,1.4,1.1,1.35,1.33,1.19,0.66,0.64,0.87,1.29,1.4,1.64,1.74,1.34,1.62,2.56,2.03
含意,含意,hányì,meaning,Na,Noun,0.75,1.25,0.25,0.35,0.45,3.05,0.25,0.25,0.65,0.3,0.2,1.09,1.48,0.54,1.11,0.97,1.69,0.43,0.43,1.01,0.56,0.4,0.56,1.01
清甜,清甜,qīngtián,slightly sweet,A,Adjective,1.0,0.4,4.55,2.4,0.8,1.85,0.15,0.3,2.3,0.45,0.3,1.1,0.73,0.97,1.77,1.29,1.56,0.48,0.9,1.95,0.67,0.56,1.11,1.56
木,木,mù,numb,A,Adjective,3.75,0.6,0.5,1.8,2.75,0.85,0.2,0.85,0.45,0.4,0.7,1.37,0.73,0.97,1.36,1.22,1.28,0.4,1.39,0.92,0.66,0.95,0.67,1.11
细节,細節,xìjié,detail,Na,Noun,3.4,2.0,0.95,0.9,1.35,2.1,0.6,1.05,0.9,0.8,0.75,1.62,1.9,1.47,1.48,1.77,1.51,1.24,1.56,1.45,1.44,1.13,0.83,1.17
边境,邊境,biānjìng,border,Nc,Noun,3.05,0.75,0.35,0.65,0.65,1.2,1.3,0.8,0.35,0.7,1.05,0.97,1.13,1.11,1.15,0.91,1.17,1.49,1.25,0.65,1.38,1.66,1.0,1.53
勒索,勒索,lèsuǒ,blackmail,VD,Verb,2.15,2.4,0.25,0.4,0.95,3.1,0.65,1.35,2.1,1.0,1.2,1.53,1.59,0.54,1.11,1.28,1.61,0.96,1.46,1.92,1.05,1.33,2.83,2.22
劫持,劫持,jiéchí,hijack,VC,Verb,3.35,2.3,0.15,0.2,1.45,3.05,2.4,2.9,1.9,2.0,2.8,1.53,1.49,0.36,0.4,1.4,1.66,1.85,1.76,1.76,1.64,1.69,3.44,2.14
润饰,潤飾,rùnshì,retouch,VC,Verb,2.9,0.65,0.6,0.6,0.95,1.55,0.1,1.55,0.95,0.75,0.75,1.51,1.15,1.36,1.2,1.28,1.47,0.3,1.6,1.36,1.34,1.18,1.94,1.99
遗址,遺址,yízhǐ,site,Nc,Noun,4.2,0.55,0.1,0.4,1.3,1.75,1.55,1.3,0.6,1.05,1.3,1.08,0.8,0.3,0.66,1.19,1.58,1.66,1.49,1.07,1.4,1.45,0.78,1.27
收费,收費,shōufèi,toll,VD,Verb,2.62,1.48,0.1,0.24,1.76,1.14,0.43,2.76,1.62,0.95,1.14,1.4,1.53,0.29,0.68,1.38,1.25,0.58,1.74,1.4,1.0,1.21,2.39,2.0
烟花,煙花,yānhuā,fireworks,Na,Noun,4.71,4.19,0.05,1.43,0.38,1.86,0.48,1.19,0.71,1.81,1.19,0.55,1.01,0.21,1.26,0.65,1.58,0.79,1.33,0.76,1.47,1.05,1.06,1.54
口吻,口吻,kǒuwěn,tone of voice,Na,Noun,1.57,3.9,0.48,0.1,0.57,2.19,0.14,0.43,3.14,1.48,0.57,1.33,1.02,1.33,0.29,1.47,1.53,0.35,0.66,1.58,1.18,1.09,3.67,1.94
表征,表徵,biǎozhēng,characterization,Na,Noun,3.29,1.14,0.14,0.19,0.71,1.52,0.19,0.29,0.57,0.48,0.48,1.35,1.46,0.47,0.5,0.88,1.47,0.5,0.7,1.09,0.79,0.85,1.33,1.56
说教,說教,shuōjiào,preaching,VA,Verb,2.62,4.33,0.1,0.05,0.29,2.38,0.38,1.43,3.19,1.43,1.38,1.4,0.78,0.29,0.21,0.55,1.68,0.58,1.37,1.43,1.29,1.25,3.39,2.0
爆发,爆發,bàofā,break out,VJ,Verb,3.81,3.29,0.43,0.57,0.71,2.19,0.52,0.81,1.0,0.86,0.9,1.05,1.48,0.66,0.9,1.03,1.74,0.79,0.96,1.11,0.94,1.19,2.22,1.87
陡,陡,dǒu,steep,A,Adjective,3.86,0.1,0.05,0.0,1.05,2.14,2.76,1.62,0.33,1.05,1.86,1.12,0.29,0.21,0.0,1.21,1.36,1.6,1.17,0.64,1.17,1.46,1.0,1.41
财政部,財政部,cáizhèngbù,treasury_department,Nc,Noun,1.62,0.76,0.1,0.1,0.33,1.19,0.38,0.81,0.9,0.62,0.67,1.53,1.19,0.29,0.29,0.71,1.1,0.72,1.14,1.27,1.05,1.08,0.78,1.51
难,難,nán,disaster,VH,Adjective,1.62,1.1,0.05,0.1,0.52,4.14,0.81,0.81,1.0,0.95,0.86,1.33,1.15,0.21,0.29,0.73,1.46,1.05,1.05,1.2,0.95,1.04,0.67,0.94
泡影,泡影,pàoyǐng,visionary hope,Na,Noun,2.9,1.14,0.24,0.14,0.81,2.86,0.33,0.52,0.57,0.48,0.48,1.69,1.39,0.61,0.47,1.05,1.67,0.47,0.96,0.73,0.66,0.73,0.83,1.26
棺材,棺材,guāncái,coffin,Na,Noun,3.95,0.48,0.24,0.38,1.81,2.14,0.43,0.86,0.57,0.62,0.67,0.95,1.05,0.87,0.95,1.33,1.61,0.73,0.99,0.85,0.79,0.84,2.28,2.21
疾病,疾病,jíbìng,disease,Na,Noun,2.52,1.38,0.76,0.95,1.0,3.57,0.95,1.05,1.05,0.86,0.95,1.56,1.59,1.31,1.53,1.23,1.18,1.0,1.05,1.05,0.89,1.09,3.28,1.94
莲子,蓮子,liánzi,lotus seed,Na,Noun,3.86,0.19,3.24,1.33,1.9,1.29,0.1,0.62,1.67,0.38,0.24,1.25,0.85,1.48,1.17,1.54,1.42,0.29,0.9,1.46,0.72,0.53,0.67,1.11
亲密,親密,qīnmì,close,VH,Adjective,3.57,2.14,0.71,1.29,3.19,3.81,1.57,2.38,2.33,2.38,2.67,1.18,1.42,1.03,1.39,1.74,1.33,1.53,1.43,1.58,1.43,1.39,2.78,1.72
读书,讀書,dúshū,read,VA,Verb,4.29,2.67,0.29,0.29,1.38,1.71,0.33,2.1,2.33,2.0,1.19,0.82,1.75,0.88,0.55,1.43,1.35,0.56,1.51,1.67,1.38,1.05,3.22,2.02
公布,公佈,gōngbù,proclaimed,VE,Verb,2.45,2.95,0.15,0.15,0.15,0.8,0.25,0.6,1.25,0.4,0.25,1.66,1.56,0.48,0.48,0.36,0.93,0.54,0.92,1.61,0.58,0.54,2.61,2.24
友好,友好,yǒuhǎo,chumminess,VH,Verb,2.1,2.15,0.25,0.3,1.1,3.55,0.65,1.15,0.55,0.85,1.25,1.55,1.56,0.62,0.78,1.04,1.32,1.28,1.46,0.8,1.24,1.37,1.94,1.54
悸动,悸動,jìdòng,throbbing,Na,Noun,1.6,0.95,0.1,0.3,1.2,3.5,0.7,1.05,0.6,0.85,1.05,1.46,1.28,0.44,0.64,1.54,1.6,1.23,1.5,0.97,1.11,1.2,2.33,2.26
才,才,cái,only,Da,Adverb,1.15,0.6,0.3,0.35,0.35,1.8,0.55,0.6,0.55,0.6,0.45,1.59,1.2,0.71,0.73,0.65,1.75,1.02,1.02,0.8,1.02,0.97,0.39,0.76
合影,合影,héyǐng,group photo,VA,Verb,4.1,0.95,0.1,0.1,0.65,1.0,0.95,1.35,0.45,0.8,1.6,1.37,1.28,0.3,0.3,0.85,1.18,1.07,1.53,0.67,1.17,1.71,3.56,2.19
负责人,負責人,fùzérén,point_man,Na,Noun,2.3,1.35,0.1,0.35,0.45,1.45,0.5,0.5,0.3,0.35,0.65,1.68,1.71,0.44,0.79,1.07,1.36,0.97,0.87,0.64,0.57,1.24,2.22,2.27
壮举,壯舉,zhuàngjǔ,magnificent feat,Na,Noun,2.2,1.1,0.2,0.35,0.6,2.9,1.0,1.0,0.6,0.5,1.15,1.63,1.37,0.51,0.65,1.24,1.61,1.45,1.41,1.07,0.97,1.68,2.22,1.99
传染,傳染,chuánrǎn,infect,VD,Verb,0.9,0.4,0.6,0.85,1.2,1.8,0.4,0.65,1.25,0.5,0.85,1.18,0.97,1.02,1.56,1.47,1.36,0.97,1.01,1.61,1.02,1.31,3.33,1.89
缘起,緣起,yuánqǐ,origin,Na,Noun,1.05,0.55,0.15,0.1,0.4,2.0,0.55,0.8,0.55,0.55,0.75,1.53,1.02,0.48,0.44,0.92,1.79,1.16,1.36,0.92,1.07,1.37,1.06,1.43
境界,境界,jìngjiè,realm,Na,Noun,1.25,0.9,0.5,0.15,0.4,2.8,0.45,0.6,0.5,0.5,0.4,1.44,1.41,1.24,0.36,0.97,1.57,0.86,1.11,1.07,0.97,0.8,0.94,1.35
顺利,順利,shùnlì,smoothly,VH,Adjective,1.15,0.9,0.25,0.25,0.55,2.8,0.55,0.75,0.65,0.45,0.55,1.49,1.26,0.62,0.7,1.24,1.78,0.8,0.94,0.96,0.74,0.86,0.78,1.13
将来,將來,jiānglái,future,Nd,Noun,1.0,0.75,0.3,0.4,0.45,2.65,0.65,0.45,0.45,0.55,0.5,1.38,1.48,0.9,1.02,1.24,1.8,1.11,0.67,0.86,0.86,0.87,0.72,1.1
果树,果樹,guǒshù,fruit tree,Na,Noun,4.4,0.6,1.8,2.0,1.7,0.8,0.5,0.5,1.05,0.9,0.95,0.8,1.02,1.99,1.52,1.62,1.29,0.74,0.74,1.36,1.37,1.32,0.67,1.15
部长,部長,bùzhǎng,commissar,Na,Noun,2.35,1.35,0.3,0.35,0.3,0.9,0.25,0.4,0.5,0.3,0.5,1.65,1.39,0.9,0.65,0.64,0.99,0.54,0.66,0.87,0.46,0.74,1.83,2.19
娼妇,娼婦,chāngfù,whore,Na,Noun,2.85,1.3,0.1,0.8,0.95,1.7,0.5,0.75,0.8,0.65,1.25,1.46,1.68,0.3,1.4,1.32,1.45,0.81,1.13,1.29,1.06,1.41,3.22,2.2
闪闪,閃閃,shǎnshǎn,sparkling,A,Adjective,4.65,0.85,0.1,0.05,0.45,1.75,0.2,0.55,0.35,0.95,0.55,0.79,1.11,0.44,0.22,0.8,1.44,0.4,0.92,0.79,1.24,0.86,1.11,1.63
酒店,酒店,jiǔdiàn,hotel,Nc,Noun,4.05,1.55,1.1,1.5,1.35,1.7,0.9,0.95,0.95,0.85,0.85,0.97,1.63,1.26,1.4,1.62,1.65,1.37,1.4,1.4,1.35,1.28,1.17,1.5
威风,威風,wēifēng,prestige,Na,Noun,3.05,1.35,0.1,0.3,0.4,3.6,0.8,0.9,0.6,0.85,1.3,1.53,1.42,0.3,0.78,0.58,1.32,1.03,1.18,1.07,1.24,1.49,1.78,1.75
领先,領先,lǐngxiān,lead,VJ,Verb,3.0,0.95,0.05,0.1,0.5,3.1,0.9,0.8,0.65,0.95,1.25,1.48,1.28,0.22,0.44,0.81,1.55,1.09,1.03,0.85,1.07,1.3,1.89,2.05
水母,水母,shuǐmǔ,jellyfish,Na,Noun,4.45,0.6,0.7,0.65,2.55,1.5,1.05,1.4,0.6,0.75,1.1,0.86,1.07,1.0,1.06,2.01,1.6,1.47,1.56,0.86,1.04,1.26,0.39,0.76
转移,轉移,zhuǎnyí,transfer,VD,Verb,3.1,1.05,0.2,0.15,1.05,1.65,1.8,1.95,0.55,1.05,2.1,1.51,1.6,0.68,0.48,1.32,1.59,1.72,1.6,1.02,1.47,1.73,2.52,1.99
重逢,重逢,chóngféng,reunion,VA,Verb,3.2,1.75,0.45,0.4,2.05,3.7,1.3,1.65,1.35,1.45,1.8,1.72,1.67,0.92,0.86,1.94,1.58,1.1,1.31,1.42,1.4,1.47,3.05,1.91
火锅,火鍋,huǒguō,hot pot,Na,Noun,4.6,1.75,4.7,3.9,2.3,2.1,0.4,2.45,3.85,1.65,1.7,0.58,1.51,0.9,1.45,1.68,1.7,0.86,1.56,1.42,1.46,1.42,2.05,2.01
礼花,禮花,lǐhuā,ritual,Noun,Noun,4.45,2.95,0.2,1.45,1.05,1.95,0.2,0.75,0.4,0.65,0.55,1.12,2.01,0.68,1.69,1.66,1.8,0.51,1.18,0.8,1.01,1.02,1.62,1.86
规则,規則,guīzé,rule,Na,Noun,1.85,1.4,0.1,0.05,0.35,3.4,0.4,0.35,0.8,0.55,0.55,1.71,1.5,0.44,0.22,0.79,1.53,0.73,0.65,1.21,0.92,0.92,0.86,1.32
逻辑,邏輯,luójí,logic,Na,Noun,1.45,1.45,0.1,0.15,0.2,3.25,0.2,0.5,0.55,0.95,0.5,1.6,1.5,0.44,0.65,0.6,1.7,0.51,0.87,0.92,1.2,0.67,1.24,1.6
召开,召開,zhàokāi,hold,VC,Verb,2.6,2.35,0.15,0.1,0.2,2.05,0.8,1.15,1.6,1.35,1.25,1.83,1.56,0.48,0.44,0.51,1.66,1.25,1.42,1.71,1.56,1.37,2.71,2.16
拿,拿,ná,take,VC,Verb,3.2,0.7,0.1,0.1,3.15,1.3,0.6,3.9,0.65,0.6,1.75,1.5,1.14,0.44,0.44,1.98,1.42,0.8,1.41,1.15,0.97,1.7,3.95,2.19
饼干,餅乾,bǐnggān,biscuit,Na,Noun,4.55,0.75,4.8,3.35,3.15,1.6,0.2,1.7,3.25,0.8,0.55,0.8,1.41,0.51,1.62,1.53,1.62,0.51,1.62,1.81,1.21,0.92,1.62,2.03
野蛮,野蠻,yěmán,brutal,VH,Adjective,3.1,1.9,0.2,0.4,0.95,3.75,0.95,1.05,1.0,1.05,1.1,1.81,1.79,0.51,0.58,1.07,1.51,1.28,1.4,1.34,1.47,1.45,1.86,1.75
似乎,似乎,sìhū,seem,D,Adverb,1.0,0.8,0.4,0.45,0.55,3.85,0.2,0.35,0.4,0.35,0.2,1.34,1.21,0.58,0.67,0.86,1.31,0.51,0.79,0.8,0.73,0.6,0.43,1.05
晕厥,暈厥,yūnjué,faint,VH,Adjective,3.7,1.7,0.35,0.45,1.5,3.7,1.95,2.0,1.1,2.85,2.95,1.58,1.68,1.11,1.16,1.8,1.49,1.94,2.0,1.76,2.01,1.94,3.62,1.96
亡灵,亡靈,wánglíng,ghost,Na,Noun,1.9,1.0,0.15,0.4,0.35,3.9,1.0,1.05,0.8,1.05,1.45,1.95,1.34,0.36,1.11,0.65,1.45,1.7,1.66,1.6,1.77,1.86,2.14,2.17
赴,赴,fù,go,VCL,Verb,2.1,0.95,0.0,0.0,0.75,1.6,4.15,2.8,0.55,1.3,3.2,1.61,1.43,0.0,0.0,1.09,1.77,1.15,1.96,0.92,1.79,1.75,3.24,2.14
机舱,機艙,jīcāng,cabin,Na,Noun,4.2,1.85,0.55,0.95,2.35,1.3,0.95,0.95,0.7,0.9,0.95,0.87,1.82,0.92,1.36,1.74,1.65,1.32,1.32,1.31,1.55,1.4,1.38,1.76
蜜蜂,蜜蜂,mìfēng,bee,Na,Noun,4.15,3.25,0.4,0.05,1.8,1.0,0.9,0.9,0.75,0.95,0.9,1.15,1.55,1.07,0.22,1.81,1.61,1.55,1.55,1.58,1.66,1.64,0.86,1.61
难过,難過,nánguò,sad,VK,Verb,1.85,1.4,0.1,0.05,0.8,4.5,0.45,0.6,1.1,1.0,0.9,1.74,1.74,0.3,0.22,1.54,0.97,0.92,1.16,1.7,1.52,1.48,2.71,2.16
龙舟,龍舟,lóngzhōu,dragon boat,Na,Noun,4.65,2.6,0.15,0.25,1.7,1.15,1.95,3.15,1.2,1.65,2.25,0.65,1.88,0.48,0.54,1.95,1.31,1.96,1.88,1.75,1.93,2.12,1.71,1.86
属于,屬於,shǔyú,belong,VG,Verb,0.95,0.4,0.3,0.3,0.45,3.85,0.1,0.15,0.3,0.2,0.3,1.53,1.16,1.1,1.1,1.16,1.59,0.3,0.36,0.78,0.51,0.78,1.43,1.97
吃饭,吃飯,chīfàn,have a meal,VA,Verb,3.55,1.45,4.1,3.65,2.05,1.6,0.3,2.7,4.35,2.35,1.5,1.72,1.72,1.48,1.71,2.06,1.8,0.64,1.95,1.19,2.01,1.77,4.33,1.89
县,縣,xiàn,canton,Nc,Noun,1.5,0.3,0.0,0.25,0.3,1.55,0.35,0.35,0.25,0.4,0.35,1.77,1.1,0.0,1.09,0.9,1.91,1.11,1.11,0.7,1.16,1.11,0.76,1.57
流血,流血,liúxiě,bleed,VA,Verb,4.35,0.5,0.35,1.95,3.0,2.45,0.75,1.15,0.8,0.85,0.9,0.91,0.81,0.57,1.69,1.67,2.01,1.13,1.49,1.25,1.35,1.34,4.14,2.03
国务院,國務院,guówùyuàn,department_of_state,Nc,Noun,2.05,1.1,0.0,0.0,0.35,2.6,0.25,0.45,0.6,0.4,0.6,2.04,1.51,0.0,0.0,1.15,1.96,0.7,1.16,1.32,1.16,1.28,1.05,1.59
系统,系統,xìtǒng,system,Na,Noun,1.15,0.2,0.05,0.05,0.25,2.3,0.1,0.1,0.1,0.1,0.1,1.46,0.51,0.22,0.22,0.89,1.93,0.3,0.3,0.3,0.3,0.3,0.95,1.56
求婚,求婚,qiúhūn,proposal,VB,Verb,3.9,2.95,0.1,0.1,1.35,3.85,2.95,3.2,2.7,2.7,2.6,1.55,1.8,0.3,0.3,1.71,1.59,1.96,1.78,1.98,2.17,1.98,3.71,2.12
毒药,毒藥,dúyào,poison,Na,Noun,1.8,0.4,2.85,2.4,1.0,3.6,0.9,1.15,1.9,1.05,1.15,1.54,0.86,1.35,1.46,1.26,1.39,1.37,1.53,1.41,1.28,1.31,0.95,1.4
暑假,暑假,shǔjià,summer vacation,Nd,Noun,2.3,1.75,1.2,1.1,1.2,3.85,1.4,1.45,1.3,1.4,1.7,1.87,1.79,1.81,1.76,1.6,1.39,1.62,1.6,1.55,1.53,1.65,1.71,1.91
玛瑙,瑪瑙,mǎnǎo,agate,Na,Noun,4.35,0.4,0.15,0.25,3.2,1.9,0.35,1.75,0.25,0.45,0.65,1.19,0.8,0.48,0.62,1.29,1.58,0.79,1.67,0.54,0.74,1.01,0.57,1.05
痛快,痛快,tòngkuài,happy,VH,Adjective,1.95,1.5,1.0,0.95,1.25,4.45,1.15,1.3,1.35,1.25,1.45,1.6,1.8,1.41,1.4,1.51,0.86,1.49,1.49,1.65,1.48,1.56,2.48,2.13
放弃,放棄,fàngqì,give up,VC,Verb,1.7,0.8,0.25,0.2,0.55,4.1,1.0,1.4,0.75,1.2,1.3,1.79,1.6,0.62,0.6,1.02,1.37,1.48,1.59,1.26,1.4,1.35,2.9,2.18
亭亭,亭亭,tíngtíng,erect,A,Adjective,3.1,0.65,0.15,0.25,0.65,2.6,0.9,0.75,0.4,0.7,1.0,1.79,1.24,0.48,0.54,0.91,1.56,1.14,0.94,0.66,0.95,1.1,1.71,1.75
暴躁,暴躁,bàozào,irritable,VH,Adjective,3.25,2.45,0.25,0.35,1.45,4.35,1.75,1.85,1.95,2.05,2.15,1.79,1.77,0.54,0.65,1.86,0.73,1.64,1.59,1.63,1.69,1.68,2.52,1.92
求,求,qiú,beg,VC,Verb,2.3,2.45,0.15,0.1,0.7,3.1,1.7,2.25,2.65,1.8,1.85,1.71,1.96,0.48,0.44,1.31,1.76,1.82,1.81,1.85,1.78,1.62,2.9,2.2
必要,必要,bìyào,necessary,VH,Adjective,1.1,1.0,0.25,0.25,0.45,3.3,0.6,0.7,0.8,0.75,0.75,1.61,1.67,0.54,0.54,0.74,1.65,1.11,1.19,1.29,1.3,1.3,0.57,1.14
原则,原則,yuánzé,linguistic_rule,Na,Noun,0.95,1.3,0.15,0.15,0.4,3.6,0.65,0.75,0.95,0.9,0.85,1.56,1.76,0.48,0.48,0.73,1.28,1.15,1.3,1.5,1.48,1.39,0.71,0.98
潮,潮,cháo,damp,A,Adjective,4.25,2.75,1.05,1.65,1.85,2.45,1.35,1.35,0.85,0.95,1.25,0.99,1.97,1.66,1.77,1.56,1.75,1.71,1.71,1.39,1.36,1.48,0.67,0.99
合唱,合唱,héchàng,chorus,VC,Verb,3.4,4.75,0.15,0.2,0.35,2.2,0.55,1.0,3.45,1.85,1.6,1.56,0.54,0.48,0.51,0.65,1.72,1.02,1.3,1.83,1.56,1.46,3.81,2.15
近日,近日,jìnrì,yesterday,Nd,Noun,0.95,0.4,0.2,0.2,0.6,2.15,0.35,0.4,0.55,0.55,0.55,1.36,0.86,0.6,0.6,1.24,1.74,0.79,0.73,0.92,1.02,1.07,0.43,0.95
足球,足球,zúqiú,football,Na,Noun,4.3,2.5,0.15,0.7,3.05,2.35,4.05,3.2,1.9,3.1,3.8,0.95,1.91,0.48,1.23,1.69,1.62,1.56,1.72,1.76,1.73,1.78,3.57,2.24
谦让,謙讓,qiānràng,be modest,VH,Adjective,2.55,1.9,0.1,0.1,0.4,3.75,1.1,1.5,1.7,1.35,1.65,1.69,1.87,0.44,0.44,0.73,1.18,1.61,1.6,1.82,1.59,1.8,2.67,2.12
四月,四月,sìyuè,april,Nd,Noun,2.55,1.45,0.75,1.3,1.05,2.75,0.75,0.75,0.65,0.5,0.65,1.75,1.6,1.34,1.58,1.4,1.67,1.26,1.26,1.11,0.92,1.01,0.52,1.26
文明,文明,wénmíng,civilization,Na,Noun,3.0,2.25,0.75,1.0,1.15,3.65,0.8,0.85,0.75,0.55,0.65,1.95,1.76,1.22,1.26,1.42,1.49,1.03,1.11,1.04,0.86,1.06,1.67,1.89
政治,政治,zhèngzhì,politics,Na,Noun,2.1,2.25,0.15,0.15,0.4,3.35,0.55,0.75,0.75,0.75,0.5,1.89,1.95,0.36,0.48,0.8,1.62,1.02,1.34,1.41,1.3,0.87,1.43,1.84
红酒,紅酒,hóngjiǔ,wine,Na,Noun,3.6,0.5,4.5,3.75,2.1,2.0,0.45,1.4,2.7,1.05,0.55,1.39,0.81,0.74,1.44,1.67,1.48,0.8,1.56,1.9,0.97,0.8,1.71,1.83
骆驼,駱駝,luòtuó,camel,Na,Noun,3.95,1.35,0.2,2.05,2.25,1.0,1.55,1.4,0.85,1.2,1.65,1.5,1.42,0.4,1.72,1.7,1.1,1.66,1.36,1.53,1.63,1.68,0.76,1.34
闺女,閨女,guīnǚ,daughter,Na,Noun,3.7,2.45,0.4,1.0,2.2,2.9,0.75,1.1,0.8,0.9,1.05,1.68,1.91,1.16,1.3,1.89,1.89,1.41,1.61,1.54,1.55,1.56,2.71,2.25
退,退,tuì,retreat,VA,Verb,3.15,1.25,0.1,0.05,0.65,2.15,2.9,1.95,0.95,0.95,2.05,1.65,1.64,0.3,0.22,1.06,1.49,1.89,1.83,1.32,1.47,1.83,2.33,2.08
好,好,hǎo,good,VH,Adjective,2.85,2.5,1.5,1.35,1.65,4.1,0.7,0.95,0.9,0.9,0.75,2.03,2.06,1.88,1.74,1.82,1.26,1.19,1.07,1.26,1.18,0.99,1.14,1.7
契机,契機,qìjī,opportunity,Na,Noun,1.6,0.85,0.35,0.25,0.85,3.8,0.8,0.85,0.55,0.75,0.75,1.62,1.28,0.73,0.54,1.11,1.47,1.17,1.24,0.92,1.26,1.09,0.67,1.08
细腻,細膩,xìnì,exquisite,A,Adjective,2.35,1.4,1.55,0.85,2.85,3.55,0.6,0.95,0.8,0.6,0.45,1.88,1.8,1.75,1.46,1.9,1.47,1.11,1.53,1.29,1.24,0.86,1.86,1.88
存在,存在,cúnzài,exist,VA,Verb,3.15,2.2,1.35,1.35,2.0,3.45,1.2,1.35,1.3,1.3,1.2,1.98,1.91,1.56,1.62,1.92,1.69,1.72,1.68,1.76,1.76,1.66,1.95,1.99
去世,去世,qùshì,die,VH,Adjective,3.0,1.5,0.6,0.85,1.45,4.3,0.55,0.6,0.85,0.65,0.7,1.84,1.8,1.5,1.56,1.69,1.05,1.02,0.97,1.15,1.06,1.05,3.24,2.24
处分,處分,chǔfèn,punishment,Na,Noun,2.25,1.85,0.45,0.35,1.65,3.8,1.05,1.15,1.05,0.9,1.0,1.84,1.68,1.02,0.79,1.8,1.17,1.47,1.56,1.53,1.45,1.45,2.05,2.32
事业,事業,shìyè,cause,Na,Noun,2.7,1.6,0.4,0.45,1.2,3.85,0.95,1.15,0.9,0.9,0.9,1.87,1.93,1.16,1.24,1.66,1.62,1.53,1.65,1.34,1.41,1.45,1.9,2.07
委员会,委員會,wěiyuánhuì,committee,Nc,Noun,2.25,1.5,0.05,0.1,0.65,2.7,0.45,0.7,0.7,0.7,0.6,1.81,1.75,0.22,0.3,1.24,1.79,0.97,1.27,1.35,1.19,1.11,1.14,1.78
炮灰,炮灰,pàohuī,cannon fodder,Na,Noun,3.9,1.75,0.45,1.55,1.1,2.25,0.95,1.1,0.85,1.1,1.2,1.18,1.7,0.8,1.5,1.34,1.76,1.6,1.61,1.31,1.64,1.6,1.24,1.66
资讯,資訊,zīxùn,information,Na,Noun,3.7,2.85,0.2,0.2,0.65,1.75,0.45,0.9,1.2,1.0,0.45,1.31,1.56,0.51,0.51,1.01,1.64,0.92,1.34,1.57,1.34,0.86,0.95,1.4
声明,聲明,shēngmíng,proclaim,Na,Noun,2.6,3.4,0.05,0.05,0.4,1.6,0.55,1.0,1.8,0.85,0.55,1.43,1.32,0.22,0.22,0.73,1.28,0.97,1.34,1.83,1.19,0.74,2.29,2.07
池塘,池塘,chítáng,pond,Nc,Noun,4.15,1.85,0.25,1.4,1.6,0.8,0.8,1.05,0.5,0.8,1.0,0.91,1.8,0.54,1.32,1.66,1.08,1.17,1.36,0.92,1.36,1.34,0.67,1.21
参加,參加,cānjiā,join,VC,Verb,2.35,2.1,0.5,0.6,1.3,2.3,1.7,1.9,1.6,1.6,1.65,1.71,1.81,1.2,1.16,1.42,1.65,1.58,1.61,1.56,1.59,1.59,3.43,2.06
修炼,修煉,xiūliàn,practice,VC,Verb,2.9,1.6,0.3,0.35,1.65,2.85,2.1,2.15,1.5,1.7,2.2,1.58,1.59,0.56,0.57,1.68,1.77,1.87,1.82,1.6,1.76,1.94,3.52,2.01
厌恶,厭惡,yànwù,disgust,VK,Verb,2.75,1.85,1.4,1.5,1.15,4.05,0.5,0.65,0.95,1.0,0.95,1.61,1.56,1.77,1.75,1.59,1.47,0.97,1.06,1.4,1.34,1.36,2.33,2.12
集中,集中,jízhōng,close,VC,Verb,2.65,1.65,0.55,0.9,1.05,3.4,0.95,1.1,0.95,1.25,1.05,1.85,1.82,1.2,1.58,1.53,1.59,1.43,1.61,1.56,1.55,1.43,2.1,1.82
造势,造勢,zàoshì,make up,VB,Verb,3.35,2.7,0.1,0.2,1.1,2.65,1.55,1.75,2.0,1.45,2.0,1.46,1.68,0.3,0.4,1.37,1.39,1.63,1.73,1.64,1.56,1.79,2.33,2.17
方便,方便,fāngbiàn,convenient,VH,Adjective,1.95,0.8,0.15,0.15,1.0,3.45,1.2,1.05,0.75,0.9,0.95,1.77,1.33,0.36,0.36,1.52,1.66,1.54,1.43,1.13,1.45,1.36,1.43,1.81
望族,望族,wàngzú,noble family,Na,Noun,2.75,1.45,0.15,0.65,0.75,2.35,0.7,0.8,0.9,0.85,0.85,1.76,1.56,0.48,1.35,1.3,1.68,1.19,1.36,1.48,1.35,1.35,1.43,1.56
超过,超過,chāoguò,exceed,VJ,Verb,3.05,1.65,0.95,1.05,1.35,2.3,1.7,1.35,1.2,1.15,1.3,1.91,1.88,1.5,1.6,1.65,1.71,1.79,1.62,1.66,1.59,1.55,1.67,1.75
节省,節省,jiéshěng,save,VJ,Verb,2.4,0.7,0.25,0.25,0.7,2.6,0.8,1.15,1.15,0.9,0.85,1.74,1.1,0.7,0.62,1.19,1.56,1.17,1.35,1.31,1.18,1.11,2.52,2.32
西藏,西藏,xīzàng,sitsang,Nc,Noun,4.05,2.7,2.0,1.75,1.9,2.45,1.85,1.75,1.65,1.65,1.75,1.24,1.82,1.79,1.44,1.7,1.88,1.9,1.81,2.01,1.93,1.97,0.62,1.09
报复,報復,bàofù,revenge,VC,Verb,2.95,1.8,0.3,0.3,1.2,3.3,1.55,1.7,1.55,1.3,1.65,1.77,1.83,0.64,0.56,1.29,1.65,1.77,1.76,1.77,1.71,1.71,2.76,2.24
国法,國法,guófǎ,national law,Na,Noun,1.85,1.6,0.2,0.3,0.4,2.5,0.8,0.9,1.2,1.2,0.9,1.71,1.56,0.51,0.9,0.97,1.6,1.29,1.45,1.47,1.66,1.41,1.0,1.45
蜷缩,蜷縮,quánsuō,curl up,VA,Verb,3.15,0.55,0.35,0.4,1.35,2.2,2.9,2.85,0.8,2.2,3.15,1.71,1.12,0.96,1.02,1.59,1.66,1.76,1.85,1.25,1.89,1.88,3.29,2.05
水稻,水稻,shuǐdào,rice,Na,Noun,3.9,1.0,1.85,1.75,2.05,1.25,1.25,1.65,1.35,1.25,1.3,1.37,1.76,1.82,1.55,1.86,1.37,1.64,1.8,1.65,1.64,1.65,1.05,1.81
丧亡,喪亡,sàngwáng,be dead,Noun,Noun,3.0,1.55,0.45,0.6,1.3,3.95,1.4,1.45,1.4,1.3,1.45,1.76,1.63,1.07,1.28,1.62,1.16,1.77,1.88,1.91,1.79,1.86,2.57,2.28
脏,髒,zàng,dirty,A,Adjective,4.45,0.7,1.05,3.15,2.25,3.4,0.95,1.1,1.0,0.9,1.0,0.67,1.19,1.66,1.85,1.73,1.62,1.4,1.45,1.38,1.34,1.38,1.81,1.99
稳定,穩定,wěndìng,stablize,VHC,Verb,2.7,1.05,0.25,0.25,1.55,2.9,1.25,1.25,0.9,1.0,1.3,1.73,1.47,0.43,0.43,1.77,1.76,1.87,1.76,1.37,1.58,1.73,1.43,1.68
体验,體驗,tǐyàn,experience,VC,Verb,3.1,2.0,1.7,1.65,2.25,3.35,2.15,2.05,1.65,1.8,1.9,1.58,1.92,1.93,1.9,1.97,1.46,1.9,2.01,1.88,1.86,1.76,3.19,1.99
快乐,快樂,kuàilè,happiness,VH,Adjective,2.7,2.05,0.8,0.6,1.35,4.6,1.4,1.6,1.65,1.7,1.7,1.85,1.69,1.29,1.24,1.71,0.49,1.69,1.77,1.82,1.85,1.71,2.9,2.18
身影,身影,shēnyǐng,figure,Na,Noun,4.2,0.35,0.15,0.15,0.35,1.35,1.5,1.35,0.5,1.45,1.55,1.25,0.79,0.48,0.48,0.65,1.62,1.75,1.77,1.02,1.8,1.75,3.62,2.01
料理,料理,liàolǐ,cuisine,Na,Noun,3.9,1.45,4.3,3.7,2.35,2.1,1.1,2.2,2.8,1.95,1.5,1.26,1.91,1.27,1.38,1.77,1.95,1.67,1.83,2.01,1.77,1.72,2.38,2.03
激情,激情,jīqíng,passion,Na,Noun,3.25,2.35,0.55,0.95,2.5,4.35,2.25,2.45,2.45,2.25,2.6,1.55,1.82,1.12,1.56,2.13,0.96,1.97,1.96,1.96,1.97,2.03,3.1,2.24
火苗,火苗,huǒmiáo,flame,Na,Noun,4.15,1.25,0.4,1.85,2.05,2.15,0.95,1.15,0.8,1.05,0.95,1.31,1.44,0.97,1.68,1.77,1.59,1.32,1.39,1.36,1.5,1.36,1.05,1.33
封面,封面,fēngmiàn,cover,Na,Noun,4.4,0.25,0.1,0.25,1.45,1.45,0.4,0.7,0.6,1.0,0.5,0.86,0.62,0.44,0.77,1.63,1.5,0.73,1.1,1.07,1.48,0.87,0.95,1.33
俘获,俘獲,fúhuò,capture,VC,Verb,3.15,1.65,0.75,0.85,2.25,2.9,2.0,2.55,1.3,1.7,2.2,1.35,1.11,1.04,1.11,1.87,1.45,1.61,1.8,1.19,1.68,1.89,3.0,2.05
腊月,臘月,làyuè,lunar month,Nd,Noun,2.45,1.05,0.9,0.8,0.6,2.45,0.75,0.85,0.75,0.85,0.75,1.66,1.2,1.37,1.25,1.11,1.47,1.34,1.49,1.34,1.56,1.34,0.38,0.79
名义,名義,míngyì,name,Na,Noun,1.1,1.05,0.15,0.15,0.35,3.25,0.5,0.55,1.0,0.65,0.6,1.61,1.53,0.36,0.36,0.65,1.44,1.02,1.07,1.45,1.11,1.07,0.76,1.41
手表,手錶,shǒubiǎo,watch,Na,Noun,4.45,1.7,0.05,0.1,2.9,1.6,0.4,2.9,0.4,1.2,0.8,0.74,1.42,0.22,0.44,1.73,1.71,0.66,1.7,0.73,1.54,1.03,2.29,2.14
公平,公平,gōngpíng,fair,VH,Adjective,1.75,1.35,0.15,0.1,0.75,4.1,0.6,0.75,1.0,0.75,0.8,1.79,1.59,0.48,0.3,1.44,1.37,1.07,1.3,1.34,1.3,1.33,1.1,1.34
病历,病歷,bìnglì,medical record,Na,Noun,4.1,1.2,0.6,0.7,1.15,2.15,0.85,1.9,1.5,1.4,1.3,1.22,1.6,1.39,1.45,1.53,1.77,1.31,1.55,1.77,1.46,1.58,1.95,2.03
十月,十月,shíyuè,oct,Nd,Noun,2.4,0.95,0.7,0.95,0.65,2.75,0.45,0.45,0.4,0.5,0.45,1.83,1.24,1.14,1.4,1.06,1.76,0.86,0.86,0.8,0.87,0.86,0.43,0.95
寿星,壽星,shòuxīng,life star,Na,Noun,3.3,1.8,0.45,0.5,1.0,3.15,0.8,1.05,1.25,1.1,1.0,1.73,1.66,1.07,1.24,1.61,1.31,1.33,1.53,1.51,1.41,1.41,2.29,2.12
视线,視線,shìxiàn,vision,Na,Noun,4.2,0.2,0.1,0.2,0.2,1.65,0.55,0.6,0.65,1.8,0.9,0.93,0.68,0.3,0.51,0.4,1.71,1.02,1.02,1.15,1.81,1.26,3.05,1.84
效果,效果,xiàoguǒ,background,Na,Noun,3.35,2.0,1.05,1.0,1.25,2.8,0.8,1.0,1.0,1.15,1.05,1.53,1.87,1.5,1.48,1.61,1.75,1.33,1.41,1.41,1.42,1.43,1.1,1.6
希望,希望,xīwàng,hope,VK,Verb,1.4,1.05,0.4,0.35,0.55,3.95,0.65,1.05,1.05,0.85,0.75,1.74,1.53,0.97,0.91,1.07,1.36,1.19,1.47,1.47,1.31,1.3,2.33,2.03
没有,沒有,méiyǒu,no,VJ,Verb,1.7,0.9,0.6,0.5,0.65,3.05,0.45,0.7,0.85,0.8,0.6,1.82,1.37,1.11,1.07,1.15,1.69,0.97,1.05,1.28,1.12,1.07,0.57,1.09
懒汉,懶漢,lǎnhàn,lazy man,Na,Noun,3.6,0.9,0.25,0.55,0.45,2.8,0.65,0.6,0.55,0.7,0.7,1.28,1.34,0.7,0.97,0.74,1.6,1.01,0.97,0.97,1.1,1.0,2.24,2.2
娶亲,娶親,qǔqīn,marry,VA,Verb,4.1,3.2,1.1,0.9,1.85,3.55,2.8,2.75,2.65,2.8,2.95,0.77,1.54,1.55,1.45,1.56,1.24,1.91,1.95,1.88,1.99,1.96,3.57,2.17
基地,基地,jīdì,base,Nc,Noun,3.65,1.1,0.35,0.55,0.95,2.05,1.3,1.2,1.1,1.3,1.2,1.46,1.45,0.96,1.12,1.36,1.47,1.62,1.6,1.58,1.68,1.5,0.86,1.32
世纪,世紀,shìjì,century,Na,Noun,1.1,0.75,0.3,0.4,0.55,2.75,0.5,0.55,0.55,0.6,0.55,1.55,1.26,0.9,0.97,1.02,1.58,1.02,1.07,1.02,1.07,1.07,0.48,1.05
称赞,稱讚,chēngzàn,commend,VE,Verb,2.1,3.2,0.35,0.3,0.6,3.85,0.55,1.45,2.5,1.35,1.15,1.95,1.89,0.96,0.9,1.07,1.31,0.97,1.63,1.8,1.62,1.49,2.81,2.17
遵守,遵守,zūnshǒu,obey,VJ,Verb,1.95,1.25,0.25,0.2,0.35,3.25,1.2,1.2,0.7,0.75,1.25,1.83,1.76,0.54,0.4,0.65,1.55,1.36,1.36,1.23,1.26,1.3,2.74,2.15
悲伤,悲傷,bēishāng,sad,VH,Adjective,2.7,1.95,0.35,0.3,0.75,4.5,0.5,1.2,1.35,1.3,0.9,1.76,1.69,1.06,0.95,1.18,0.59,0.97,1.33,1.53,1.58,1.14,2.79,2.07
森森,森森,sēnsēn,dense,A,Adjective,2.85,1.35,0.25,0.65,0.7,2.45,0.8,0.7,0.5,0.7,0.7,1.93,1.65,0.7,1.15,1.27,1.86,1.66,1.42,1.07,1.42,1.19,0.42,0.67
拜堂,拜堂,bàitáng,worship,VA,Verb,3.7,2.85,0.35,0.4,1.0,2.95,2.35,2.95,1.75,2.65,3.2,1.52,1.82,0.85,0.97,1.34,1.72,1.59,2.01,1.87,1.9,1.66,2.79,2.12
阐述,闡述,chǎnshù,elaboration,VE,Verb,1.45,3.6,0.15,0.15,0.2,1.45,0.5,0.7,3.45,0.9,0.7,1.56,1.53,0.48,0.48,0.51,1.5,1.02,1.05,1.75,1.22,1.05,3.21,2.24
到,到,dào,arrive,VCL,Verb,2.55,1.2,0.2,0.25,0.7,2.15,2.5,1.55,1.3,0.9,1.55,1.8,1.69,0.4,0.54,1.23,1.68,1.96,1.83,1.79,1.45,1.69,2.89,2.36
难度,難度,nándù,difficulty,Na,Noun,1.6,1.1,0.35,0.5,0.55,4.15,0.7,0.75,0.85,0.6,0.75,1.59,1.51,0.73,1.07,1.07,1.01,1.14,1.22,1.31,1.11,1.09,1.0,1.49
贺卡,賀卡,hèkǎ,greeting card,Na,Noun,4.2,0.7,0.15,0.15,1.8,2.65,0.4,1.35,0.65,0.45,0.45,1.03,1.27,0.48,0.48,1.75,1.82,0.97,1.65,1.31,0.97,1.02,1.47,1.73
哲学,哲學,zhéxué,philosophy,Na,Noun,0.95,1.35,0.2,0.2,0.4,3.75,0.45,0.65,0.7,0.65,0.4,1.32,1.71,0.4,0.4,0.97,1.13,1.02,1.31,1.45,1.39,0.97,1.05,1.88
诈骗,詐騙,zhàpiàn,scam,VD,Verb,2.4,2.5,0.3,0.5,0.8,3.8,1.0,1.05,2.1,0.75,1.0,1.91,1.94,0.64,1.12,1.29,1.29,1.48,1.63,2.17,1.3,1.58,2.21,2.24
羽毛,羽毛,yǔmáo,feather,Na,Noun,3.85,0.35,0.15,0.4,3.4,1.45,0.45,1.6,0.5,0.5,0.45,1.35,0.96,0.48,0.8,1.59,1.47,1.02,1.66,1.12,1.02,0.97,1.16,1.81
舒畅,舒暢,shūchàng,unrestrained,VH,Adjective,1.65,1.25,0.75,0.75,1.15,4.35,0.5,1.05,0.75,0.7,0.9,1.65,1.64,1.41,1.41,1.62,0.91,1.07,1.56,1.26,1.19,1.3,2.47,2.14
轻微,輕微,qīngwēi,slight,A,Adjective,1.5,1.2,0.55,0.7,1.8,3.1,0.75,1.2,0.95,0.85,0.85,1.47,1.54,0.8,1.0,1.89,1.73,1.34,1.63,1.4,1.35,1.31,1.79,1.88
慈悲,慈悲,cíbēi,mercy,VH,Adjective,1.5,0.7,0.3,0.25,0.55,4.1,0.45,0.75,0.6,0.7,0.55,1.72,1.31,0.95,0.89,1.16,1.26,1.02,1.37,1.07,1.38,0.97,2.05,1.99
情绪,情緒,qíngxù,mood,Na,Noun,2.05,1.3,0.4,0.4,0.55,3.9,0.4,0.45,0.75,0.8,0.75,1.69,1.35,0.92,0.97,1.02,1.41,0.92,0.97,1.26,1.4,1.26,2.63,2.08
欢迎,歡迎,huānyíng,welcome,VJ,Verb,3.85,3.45,0.25,0.3,1.0,3.5,1.05,2.5,2.6,1.55,2.2,1.24,1.36,0.54,0.56,1.05,1.07,0.97,1.07,1.59,1.43,1.33,2.84,2.08
园林,園林,yuánlín,garden,Na,Noun,4.35,1.55,0.4,1.85,1.7,2.2,1.8,1.15,0.5,0.85,1.2,0.79,1.2,0.97,1.35,1.31,1.29,1.54,1.15,0.67,0.91,1.29,0.68,1.3
感觉,感覺,gǎnjué,feeling,Na,Noun,1.55,1.6,1.35,1.5,1.9,4.05,0.85,1.2,0.8,0.7,0.85,1.75,1.74,1.68,1.63,1.67,1.36,1.15,1.4,1.03,1.05,1.19,2.95,2.26
东京,東京,dōngjīng,tokyo,Nc,Noun,4.15,2.5,1.7,1.5,1.65,2.85,1.95,1.75,1.7,1.4,1.15,0.96,1.75,1.87,1.69,1.56,1.56,1.94,1.87,1.95,1.74,1.59,0.63,1.49
规划,規劃,guīhuà,planning,VC,Verb,2.45,0.9,0.25,0.3,0.4,2.65,0.45,1.6,1.0,0.75,0.8,1.83,1.34,0.54,0.71,0.49,1.62,0.74,1.66,1.1,0.77,0.81,2.37,2.06
蜻蜓,蜻蜓,qīngtíng,dragonfly,Na,Noun,4.3,2.0,0.25,0.25,1.7,0.8,0.6,1.15,0.4,0.7,0.6,0.71,1.1,0.7,0.54,1.27,0.75,0.97,1.46,0.73,0.95,1.02,0.63,1.13
节目,節目,jiémù,program,Na,Noun,4.45,4.0,0.2,0.25,0.45,2.0,0.7,1.05,1.1,1.45,1.2,0.92,1.34,0.4,0.43,0.74,1.52,1.23,1.43,1.3,1.2,1.4,1.47,1.87
香,香,xiāng,fragrant,A,Adjective,0.8,0.3,2.4,4.8,0.55,2.65,0.2,0.5,1.1,1.25,0.5,0.93,0.64,2.13,0.4,0.67,1.53,0.4,0.87,1.58,1.26,0.87,2.47,2.06
友谊,友誼,yǒuyì,friendship,Na,Noun,1.75,1.3,0.2,0.25,1.0,3.75,0.45,1.0,0.65,0.65,0.85,1.55,1.42,0.4,0.43,1.14,1.26,0.8,1.14,0.91,0.96,1.15,2.05,2.09
灰烬,灰燼,huījìn,ash,Na,Noun,4.05,0.4,0.4,1.7,1.85,1.2,0.15,0.8,0.25,0.35,0.3,0.67,0.66,0.66,1.31,1.24,1.21,0.36,1.21,0.54,0.57,0.56,1.21,1.67
水果,水果,shuǐguǒ,fruit,Na,Noun,4.35,0.35,4.1,3.0,2.4,1.65,0.2,1.3,2.3,0.8,0.65,0.73,0.57,1.09,1.38,1.66,1.46,0.4,1.35,1.73,1.08,0.85,1.42,2.16
关注,關注,guānzhù,focus on,VJ,Verb,2.85,1.85,0.25,0.35,0.8,3.0,0.3,0.65,0.45,1.25,0.75,1.77,1.39,0.43,0.57,1.21,1.48,0.56,1.06,0.67,1.48,1.04,2.63,2.21
医院,醫院,yīyuàn,hospital,Nc,Noun,4.25,2.65,0.4,2.65,1.65,2.25,1.4,1.2,1.15,1.0,1.55,0.77,1.65,1.16,1.46,1.49,1.48,1.56,1.36,1.46,1.22,1.63,2.26,2.22
颜色,顏色,yánsè,colour,Na,Noun,4.65,0.1,0.2,0.2,0.25,2.0,0.1,0.45,0.25,0.3,0.4,0.57,0.44,0.51,0.51,0.89,1.52,0.3,0.97,0.7,0.64,0.97,1.0,1.49
成亲,成親,chéngqīn,marriage,VA,Verb,3.75,3.1,1.0,1.0,2.0,3.1,2.2,2.3,2.35,2.4,2.75,1.48,1.64,1.48,1.34,1.7,1.58,1.72,1.68,1.56,1.59,1.67,3.42,1.98
口红,口紅,kǒuhóng,lipstick,Na,Noun,4.45,0.35,1.0,0.95,1.75,1.45,0.15,1.55,2.05,1.25,0.8,0.8,0.96,1.0,1.02,1.55,1.66,0.48,1.36,1.53,1.58,1.33,2.37,2.16
功效,功效,gōngxiào,effect,Na,Noun,1.75,1.05,0.75,0.45,0.95,2.6,0.25,0.6,0.7,0.5,0.9,1.41,1.43,0.99,0.74,1.28,1.59,0.54,1.02,1.05,0.87,1.26,1.58,1.93
坚持,堅持,jiānchí,obduracy,VK,Verb,1.3,0.45,0.25,0.2,0.7,3.0,1.1,1.15,0.5,0.9,1.35,1.35,0.67,0.54,0.51,1.27,1.64,1.41,1.28,0.67,0.89,1.56,2.53,2.19
已,已,yǐ,already,D,Adverb,0.75,0.5,0.25,0.2,0.35,1.5,0.25,0.6,0.5,0.45,0.7,1.3,1.12,0.7,0.68,0.79,1.53,0.54,1.16,0.97,0.97,1.35,0.32,0.73
情杀,情殺,qíngshā,murder,VA,Verb,3.0,1.3,0.4,1.0,0.9,2.85,1.35,2.45,1.15,1.15,2.4,1.41,1.55,0.97,1.48,1.3,2.01,1.42,1.91,1.31,1.42,1.71,2.63,2.52
关于,關於,guānyú,about,P,Preposition,0.55,0.75,0.1,0.1,0.15,1.4,0.1,0.2,0.25,0.35,0.3,1.07,1.22,0.3,0.3,0.36,1.69,0.44,0.51,0.54,0.79,0.78,0.79,1.51
清鲜,清鮮,qīngxiān,fresh,A,Adjective,2.2,0.55,3.25,2.8,0.9,2.3,0.05,0.3,1.45,0.55,0.15,1.36,1.12,1.51,1.5,1.14,1.65,0.22,0.9,1.43,0.86,0.36,0.89,1.33
羞耻,羞恥,xiūchǐ,shame,VH,Adjective,1.7,0.9,0.1,0.15,0.5,4.05,0.5,0.85,0.45,0.9,0.85,1.35,1.3,0.3,0.36,0.97,1.07,1.07,1.15,0.97,1.37,1.24,2.63,2.13
生,生,shēng,born,VC,Verb,2.05,1.2,0.85,0.9,1.5,1.75,0.6,0.9,0.85,0.8,0.95,1.53,1.29,1.06,1.3,1.6,1.67,1.2,1.51,1.35,1.33,1.28,2.74,2.49
隔,隔,gé,separate,VJ,Verb,1.8,0.4,0.05,0.05,1.15,1.35,0.75,1.3,0.15,0.4,1.05,1.4,1.16,0.22,0.22,1.35,1.56,1.09,1.35,0.36,0.73,1.4,1.74,2.05
粉,粉,fěn,powdery,A,Adjective,3.6,0.35,0.9,0.6,2.15,1.25,0.05,1.0,0.75,0.25,0.25,1.28,0.91,0.94,0.8,1.68,1.34,0.22,1.14,1.13,0.7,0.54,1.47,1.93
毫无,毫無,háowú,none,VJ,Verb,1.35,0.85,0.3,0.25,0.6,2.2,0.15,0.55,0.3,0.2,0.55,1.49,1.24,0.46,0.54,1.07,1.72,0.36,1.2,0.71,0.51,1.2,0.63,1.49
出口,出口,chūkǒu,issue,VC,Verb,2.95,0.95,0.05,0.1,0.5,1.0,1.75,0.6,0.5,0.7,1.25,1.72,1.6,0.22,0.44,1.16,1.26,1.81,1.11,1.2,0.95,1.48,1.26,1.68
姿色,姿色,zīsè,pretty,Na,Noun,4.25,0.65,0.25,0.25,0.7,2.45,0.75,0.9,0.45,1.1,1.05,0.94,1.39,0.89,0.43,1.0,1.72,0.99,1.22,0.8,1.09,1.32,3.0,2.18
挨打,捱打,áidǎ,beaten,Verb,Verb,3.6,2.85,0.15,0.25,2.4,3.15,2.0,2.5,1.4,2.0,2.7,1.39,1.49,0.48,0.62,1.96,1.59,1.61,1.75,1.71,1.7,1.68,3.89,2.2
演讲,演講,yǎnjiǎng,speech,Na,Noun,3.7,4.6,0.35,0.25,0.2,2.0,1.2,1.85,3.5,2.15,2.05,1.42,0.58,0.79,0.7,0.51,1.73,1.29,1.59,1.77,1.65,1.72,3.47,2.14
宽恕,寬恕,kuānshù,forgive,VJ,Verb,1.25,1.2,0.25,0.25,0.5,3.7,0.4,0.6,0.95,0.7,0.7,1.3,1.36,0.54,0.62,1.07,1.45,0.66,0.8,1.02,0.71,1.0,3.16,2.18
吸引,吸引,xīyǐn,attract,VJ,Verb,3.0,2.0,0.95,1.5,1.55,3.4,1.1,1.0,0.95,1.1,1.1,1.67,1.7,1.47,1.63,1.66,1.39,1.26,1.14,1.12,1.22,1.26,3.21,2.4
无,無,wú,none,VJ,Verb,1.75,0.4,0.3,0.35,0.45,2.05,0.35,0.4,0.4,0.3,0.3,1.81,0.8,0.64,0.65,0.92,1.77,0.85,0.73,0.97,0.56,0.64,0.47,1.14
奖品,獎品,jiǎngpǐn,prize,Na,Noun,3.5,0.95,0.55,0.4,1.4,2.6,0.65,1.3,0.8,1.0,0.9,1.43,1.2,1.16,0.97,1.56,1.83,1.15,1.45,1.03,1.26,1.22,1.58,1.96
大,大,dà,big,A,Adjective,4.05,1.2,0.3,0.3,1.35,2.35,0.3,0.5,0.45,0.4,0.45,1.2,1.75,0.64,0.56,1.42,1.77,0.71,0.87,0.92,0.8,0.74,2.16,2.08
有关,有關,yǒuguān,related,VJ,Verb,0.95,0.7,0.2,0.3,0.4,1.95,0.35,0.3,0.35,0.35,0.35,1.28,1.23,0.4,0.64,0.8,1.8,0.91,0.78,0.79,0.79,0.85,0.79,1.47
成员,成員,chéngyuán,member,Na,Noun,2.4,1.2,0.3,0.25,0.4,1.45,0.35,0.4,0.65,0.55,0.4,1.53,1.5,0.71,0.7,0.8,1.32,0.79,0.8,1.11,0.97,0.8,1.84,2.16
逃跑,逃跑,táopǎo,run away,VA,Verb,3.35,1.65,0.1,0.25,0.65,2.6,3.55,3.1,1.05,1.8,3.15,1.42,1.65,0.3,0.54,1.01,1.93,1.66,1.79,1.28,1.6,1.85,3.79,2.14
纽约,紐約,niǔyuē,new_york,Nc,Noun,3.5,2.4,1.15,1.25,1.15,2.3,1.2,1.15,1.1,0.95,1.15,1.72,1.77,1.65,1.87,1.42,1.79,1.33,1.35,1.41,1.2,1.42,0.58,1.14
取消,取消,qǔxiāo,abrogation,VC,Verb,1.65,0.85,0.3,0.25,0.25,1.55,0.25,0.9,0.9,0.35,0.25,1.31,1.01,0.64,0.62,0.54,1.28,0.54,1.26,1.22,0.57,0.43,1.32,1.78
风筝,風箏,fēngzhēng,kite,Na,Noun,4.1,1.2,0.05,0.0,1.5,1.6,2.35,2.75,0.65,2.0,2.15,1.22,1.57,0.22,0.0,1.47,1.43,1.65,1.7,0.85,1.61,1.74,1.68,2.1
深沉,深沉,shēnchén,deep,VH,Adjective,1.95,1.6,0.35,0.25,0.5,2.45,0.7,0.75,1.0,0.85,0.75,1.63,1.69,0.91,0.77,0.97,1.6,1.14,1.22,1.41,1.24,1.22,1.63,1.72
天资,天資,tiānzī,talent,Na,Noun,1.35,1.0,0.35,0.3,0.5,3.0,0.65,0.5,0.7,0.6,0.6,1.46,1.22,0.79,0.78,1.12,1.84,1.19,1.07,1.1,0.97,1.11,2.16,1.95
智慧,智慧,zhìhuì,wisdom,Na,Noun,1.5,1.2,0.35,0.3,0.45,3.75,0.5,0.65,0.65,0.7,0.7,1.53,1.5,0.91,0.9,1.07,1.64,1.07,1.11,1.01,1.0,1.31,2.47,2.21
至少,至少,zhìshǎo,at least,Da,Adverb,1.3,1.15,0.1,0.15,0.55,2.4,0.2,0.45,0.45,0.4,0.35,1.76,1.59,0.3,0.48,1.2,1.74,0.6,1.16,0.8,1.11,1.15,0.63,1.35
养生,養生,yǎngshēng,nourishment,VA,Verb,2.15,1.35,1.65,1.15,0.95,2.85,1.15,1.2,1.1,1.45,1.5,1.59,1.35,1.42,1.35,1.28,1.53,1.46,1.44,1.3,1.63,1.63,2.63,2.25
怕,怕,pà,afraid,VK,Verb,2.65,2.0,0.45,0.35,1.0,4.0,0.95,1.05,1.05,1.05,1.8,1.56,1.58,1.24,0.73,1.26,1.48,1.12,1.2,1.28,1.32,1.4,2.37,2.41
影响,影響,yǐngxiǎng,influence,VC,Verb,1.9,1.3,0.7,0.75,0.85,2.85,0.75,0.85,0.8,0.85,1.0,1.84,1.58,1.38,1.34,1.53,1.74,1.26,1.31,1.36,1.42,1.45,1.74,2.1
游泳,游泳,yóuyǒng,swim,VA,Verb,3.85,2.2,0.6,0.95,2.25,1.6,4.25,4.2,2.9,3.5,3.9,1.31,1.75,1.16,1.24,1.87,1.69,0.94,1.08,2.0,1.72,1.48,4.16,2.25
研究,研究,yánjiū,research,VE,Verb,2.5,1.3,0.4,0.45,0.85,1.5,0.75,1.7,0.95,1.5,1.15,1.69,1.38,0.97,0.92,1.11,1.4,0.89,1.38,1.24,1.72,1.46,2.74,2.36
饺子,餃子,jiǎozi,dumplings,Na,Noun,3.9,0.6,4.5,3.25,1.95,1.95,0.25,1.85,2.9,1.55,0.85,1.34,1.16,1.02,1.89,1.66,1.69,0.54,1.88,2.1,1.69,1.24,1.37,1.75
考官,考官,kǎoguān,examiner,Na,Noun,3.45,2.25,0.3,0.4,0.7,1.45,0.8,1.15,1.5,1.2,1.2,1.66,1.92,1.1,1.16,1.42,1.6,1.47,1.49,1.77,1.54,1.6,2.47,2.14
看到,看到,kàndào,see,VE,Verb,3.85,0.6,0.3,0.2,0.7,2.15,0.2,0.35,0.45,1.9,0.8,1.49,1.11,0.9,0.68,1.1,1.53,0.68,0.73,0.97,1.81,1.12,3.68,2.2
力量,力量,lìliàng,power,Na,Noun,2.55,0.75,0.05,0.0,1.55,3.25,1.95,2.2,1.0,1.25,2.15,1.63,1.09,0.22,0.0,1.72,1.37,1.72,1.69,1.38,1.51,1.74,3.05,2.04
主任,主任,zhǔrèn,head,Na,Noun,3.2,1.55,0.05,0.25,0.5,1.6,0.75,0.95,1.1,1.0,0.95,1.44,1.69,0.22,0.54,1.2,1.53,1.37,1.4,1.41,1.34,1.32,1.84,2.16
芭蕾,芭蕾,bālěi,ballet,Na,Noun,4.45,3.1,0.25,0.35,0.95,2.2,3.8,3.45,1.3,3.1,3.5,0.8,1.7,0.89,0.91,1.4,1.78,1.81,1.88,1.55,1.95,1.63,3.53,2.44
素,素,sù,plain,A,Adjective,2.8,0.35,2.3,1.4,1.3,2.0,0.2,0.7,1.3,0.6,0.45,1.78,0.65,1.85,1.71,1.68,1.95,0.4,1.23,1.49,1.07,0.8,1.11,1.77
腥臭,腥臭,xīngchòu,fishy,Na,Noun,1.05,0.25,2.6,4.65,0.75,2.8,0.15,0.7,1.2,0.8,0.75,1.02,0.7,1.98,0.96,0.94,1.91,0.48,1.0,1.54,1.33,1.26,1.74,1.97
荣辱,榮辱,róngrǔ,honor and disgrace,Na,Noun,1.4,0.8,0.05,0.1,0.3,3.6,0.15,0.45,0.45,0.35,0.5,1.46,1.29,0.22,0.3,0.78,1.5,0.36,0.59,0.67,0.57,0.92,1.47,1.87
拐骗,拐騙,guǎipiàn,abduct,VC,Verb,2.1,1.8,0.25,0.25,1.05,2.65,1.8,1.9,1.85,1.6,1.9,1.48,1.6,0.89,0.89,1.4,1.68,1.63,1.67,1.77,1.39,1.55,2.89,2.4
探究,探究,tànjiū,explore,VE,Verb,2.65,2.1,0.95,1.2,1.35,2.7,1.9,2.15,1.3,2.15,1.95,1.59,1.81,1.47,1.57,1.77,1.49,1.95,1.74,1.45,1.77,1.72,3.05,2.61
可惜,可惜,kěxī,pity,VH,Adjective,0.8,0.6,0.15,0.05,0.2,3.7,0.25,0.25,0.4,0.65,0.4,1.08,1.16,0.36,0.22,0.4,1.31,0.54,0.43,0.58,1.19,0.8,1.21,1.58
温,溫,wēn,lukewarm,A,Adjective,0.95,0.35,0.55,0.45,3.75,3.05,0.35,1.45,1.05,0.4,0.5,1.43,1.11,0.97,0.74,1.41,1.53,0.57,1.53,1.4,0.66,0.87,1.68,1.97
函数,函數,hánshù,function,Na,Noun,2.15,0.6,0.05,0.05,0.65,1.35,0.3,0.6,0.45,0.75,0.45,1.62,1.16,0.22,0.22,1.31,1.46,1.1,1.24,1.16,1.48,1.12,0.79,1.24
海洋,海洋,hǎiyáng,ocean,Na,Noun,4.4,3.6,1.65,2.45,2.1,2.25,1.2,1.45,0.45,0.9,1.2,0.8,1.66,1.93,1.75,1.79,1.7,1.54,1.5,0.74,1.18,1.54,0.89,1.55
香气,香氣,xiāngqì,aroma,Na,Noun,0.65,0.4,1.15,4.45,0.2,1.75,0.2,0.45,1.15,1.0,0.25,1.19,0.97,1.46,1.36,0.51,1.7,0.51,0.74,1.65,1.14,0.54,2.16,2.23
羸弱,羸弱,léiruò,frail,A,Adjective,2.75,0.7,0.15,0.15,1.05,3.1,0.95,1.05,0.7,0.8,1.25,1.73,1.27,0.48,0.48,1.16,1.76,1.53,1.69,1.31,1.33,1.51,2.11,2.27
微妙,微妙,wēimiào,subtle,VH,Adjective,1.15,0.9,0.95,0.65,0.55,3.05,0.45,0.4,0.4,0.4,0.4,1.39,1.34,1.4,1.19,1.2,1.75,0.86,0.66,0.66,0.8,0.8,1.26,1.58
衰老,衰老,shuāilǎo,senescence,VH,Adjective,3.55,2.15,0.65,0.9,1.25,3.1,1.3,1.3,0.7,0.9,1.2,1.5,1.88,1.19,1.3,1.41,1.73,1.71,1.62,0.95,0.99,1.12,2.42,1.82
腻,膩,nì,greasy,A,Adjective,2.05,0.9,2.5,1.15,1.25,3.35,0.45,0.9,1.45,0.9,0.5,1.6,1.26,1.88,1.53,1.26,1.8,1.16,1.45,1.75,1.48,1.16,1.53,1.67
畸形,畸形,jīxíng,deformity,VH,Adjective,3.85,0.7,0.35,0.2,0.85,2.8,0.95,1.1,0.85,1.1,1.1,1.35,1.31,0.96,0.6,1.46,1.78,1.5,1.58,1.35,1.51,1.55,2.0,2.0
名单,名單,míngdān,name list,Na,Noun,3.5,1.0,0.1,0.0,0.2,0.75,0.25,0.7,0.45,0.45,0.15,1.47,1.34,0.3,0.0,0.4,0.89,0.62,1.14,0.67,0.8,0.48,1.05,1.82
司法,司法,sīfǎ,judgship,Na,Noun,1.25,0.65,0.1,0.15,0.1,2.6,0.25,0.2,0.25,0.25,0.25,1.48,1.28,0.44,0.48,0.3,1.83,0.54,0.51,0.43,0.43,0.62,1.0,1.69
停止,停止,tíngzhǐ,refrain,VF,Verb,2.6,1.15,0.25,0.45,0.7,1.95,1.1,1.15,0.75,0.8,1.15,1.8,1.28,0.54,0.8,1.23,1.36,1.3,1.24,1.04,1.08,1.31,2.0,2.05
灰,灰,huī,grey,A,Adjective,4.0,0.35,0.15,0.6,0.55,1.15,0.3,0.3,0.2,0.45,0.15,1.22,1.11,0.48,1.11,1.28,1.15,0.9,0.9,0.4,1.07,0.48,0.79,1.51
红叶,紅葉,hóngyè,red leaves,Na,Noun,4.35,0.95,0.3,0.7,1.8,1.55,0.3,0.95,0.2,1.05,0.75,0.96,1.6,0.9,1.23,1.66,1.63,0.9,1.4,0.51,1.6,1.3,0.79,1.58
势力,勢力,shìlì,power,Na,Noun,1.5,1.1,0.15,0.05,0.35,3.1,0.85,0.8,0.6,0.75,1.0,1.63,1.48,0.36,0.22,0.65,1.3,1.15,1.03,0.97,0.99,1.26,1.42,1.93
成功,成功,chénggōng,success,VH,Adjective,2.3,1.6,0.3,0.25,0.4,3.75,0.85,1.2,1.0,1.25,1.15,1.71,1.8,0.56,0.54,0.73,1.64,1.24,1.36,1.45,1.41,1.53,2.21,2.09
版本,版本,bǎnběn,version,Na,Noun,1.8,0.65,0.3,0.35,0.55,1.45,0.25,0.45,0.25,0.25,0.35,1.47,1.15,0.9,0.91,1.07,1.47,0.89,1.07,0.89,0.89,0.96,0.89,1.65
调剂,調劑,tiáojì,adjustment,VC,Verb,1.2,0.55,0.65,0.6,0.35,1.65,0.4,1.0,0.7,0.55,0.65,1.36,1.12,1.15,1.11,0.91,1.77,0.58,1.22,0.95,0.92,1.06,2.05,2.26
暗,暗,àn,dark,A,Adjective,4.15,1.0,0.0,0.1,0.55,3.05,0.5,0.7,0.4,0.85,1.1,0.91,1.67,0.0,0.3,1.12,1.32,0.92,1.35,0.73,1.31,1.7,1.37,1.63
民警,民警,mínjǐng,police officer,Na,Noun,3.3,2.2,0.15,0.2,0.55,1.45,1.0,1.15,0.65,1.0,1.2,1.52,1.83,0.65,0.51,1.02,1.47,1.34,1.31,1.01,1.3,1.44,2.47,2.21
人类,人類,rénlèi,humanity,Na,Noun,3.35,2.3,0.8,1.25,1.85,1.4,1.2,1.3,1.35,1.3,1.3,1.62,1.79,1.69,1.73,1.77,1.56,1.69,1.65,1.65,1.65,1.68,3.16,2.21
感动,感動,gǎndòng,move,VHC,Verb,2.45,1.85,0.2,0.1,1.1,4.1,0.65,1.3,1.55,1.2,1.15,1.6,1.56,0.51,0.44,1.41,1.34,1.19,1.42,1.53,1.29,1.39,3.11,2.22
琵琶,琵琶,pípá,Pipa,Na,Noun,3.2,4.55,0.4,0.3,2.05,1.8,0.45,2.95,0.9,1.55,1.35,1.57,0.74,1.07,0.9,1.8,1.66,0.8,1.63,1.26,1.2,1.28,2.6,1.74
烈火,烈火,lièhuǒ,fierce fire,Na,Noun,4.35,2.45,0.2,2.25,2.4,2.35,1.0,1.2,0.75,0.95,1.35,0.79,1.8,0.51,1.67,1.71,1.8,1.26,1.36,1.18,1.36,1.49,1.05,1.32
篱笆,籬笆,líbā,fence,Na,Noun,3.85,0.1,0.1,0.1,2.1,0.7,0.55,0.75,0.15,0.65,0.6,1.56,0.3,0.44,0.3,1.55,0.95,1.16,1.26,0.36,1.19,1.16,1.65,1.8
广大,廣大,guǎngdà,immensity,VH,Verb,2.8,1.15,0.25,0.1,0.6,2.55,0.35,0.7,0.6,0.55,0.65,1.78,1.56,0.77,0.44,1.02,1.72,0.65,1.19,0.97,1.02,1.06,0.85,1.24
宣传,宣傳,xuānchuán,propaganda,VC,Verb,2.9,3.05,0.4,0.35,0.5,2.0,0.85,1.2,1.85,1.6,1.6,1.61,1.75,0.97,0.79,0.87,1.38,1.31,1.4,1.65,1.66,1.85,2.25,1.95
朗读,朗讀,lǎngdú,read aloud,VC,Verb,3.1,4.35,0.15,0.05,0.6,1.75,0.45,1.15,3.85,2.3,1.4,1.48,1.24,0.36,0.22,1.39,1.76,0.8,1.31,1.39,1.85,1.53,4.0,1.7
金融,金融,jīnróng,finance,Na,Noun,2.05,1.1,0.0,0.1,0.8,2.55,0.3,0.95,1.3,1.45,1.25,1.72,1.7,0.0,0.44,1.44,1.56,0.56,1.56,1.62,1.66,1.7,1.45,1.69
主动,主動,zhǔdòng,initiative,VH,Adjective,2.35,0.95,0.25,0.25,0.9,2.75,1.6,2.1,1.6,1.15,1.55,1.77,1.4,0.7,0.62,1.34,1.87,1.66,1.76,1.69,1.56,1.56,2.6,1.96
色斑,色斑,sèbān,lavage,Na,Noun,4.35,0.3,0.35,0.4,0.7,1.2,0.25,0.5,0.4,0.6,0.5,0.79,0.78,0.96,0.73,1.05,1.4,0.77,1.16,0.86,1.24,0.81,1.7,1.85
火药,火藥,huǒyào,gunpowder,Na,Noun,4.15,3.25,0.55,3.3,1.45,1.8,0.95,1.45,1.0,1.15,1.1,0.91,1.81,1.16,1.93,1.66,1.63,1.66,1.72,1.55,1.68,1.58,1.4,1.77
皮肤,皮膚,pífū,skin,Na,Noun,3.85,0.55,0.35,0.75,3.85,1.35,0.75,1.75,0.45,0.75,1.0,1.24,1.4,0.91,1.22,1.31,1.39,1.13,1.67,0.8,1.13,1.55,3.65,2.24
门帘,門簾,ménlián,curtain,Na,Noun,3.95,0.95,0.2,0.25,2.2,0.85,0.65,1.7,0.4,0.6,0.9,1.28,1.5,0.68,0.77,1.75,1.11,1.15,1.68,1.02,1.16,1.45,1.1,1.34
兄弟,兄弟,xiōngdì,brother,Na,Noun,3.45,2.2,0.35,0.9,1.4,3.4,0.95,1.45,1.3,1.05,1.4,1.4,1.83,0.91,1.58,1.69,1.71,1.53,1.66,1.65,1.6,1.69,2.8,2.14
正气,正氣,zhèngqì,righteousness,Na,Noun,2.4,1.55,0.2,0.2,0.25,4.35,0.95,1.2,1.15,1.15,1.35,1.66,1.69,0.68,0.87,0.54,0.96,1.66,1.72,1.71,1.71,1.74,2.4,2.03
身世,身世,shēnshì,life experience,Na,Noun,1.65,1.8,0.35,0.3,0.45,3.3,0.45,0.55,0.8,0.95,1.0,1.65,1.91,0.96,0.78,0.86,1.49,1.12,1.07,1.29,1.4,1.48,2.45,2.22
恩师,恩師,ēnshī,teacher,Na,Noun,3.05,1.9,0.3,0.3,1.5,3.75,0.95,1.25,1.55,1.35,1.2,1.63,2.0,0.78,0.71,1.83,1.26,1.72,1.58,1.6,1.62,1.54,3.05,2.06
白色,白色,báisè,white color,Na,Noun,4.55,0.6,0.5,0.4,0.55,1.9,0.4,0.5,0.45,0.4,0.45,0.92,1.28,1.16,1.16,1.28,1.73,1.02,0.92,0.86,0.8,0.92,0.8,1.29
诽谤,誹謗,fěibàng,defamation,VC,Verb,1.35,3.85,0.25,0.2,0.4,3.85,0.95,0.95,2.7,1.25,1.25,1.24,1.39,0.89,0.87,1.07,1.42,1.6,1.63,1.87,1.73,1.76,2.45,2.04
人物,人物,rénwù,personage,Na,Noun,3.7,2.45,0.55,0.85,1.15,2.7,1.0,1.25,1.45,1.25,1.45,1.49,2.04,1.5,1.59,1.68,1.76,1.64,1.61,1.69,1.64,1.72,2.8,2.06
曲线,曲線,qūxiàn,curve,Na,Noun,4.15,0.65,0.25,0.3,1.05,1.4,0.75,1.25,0.5,0.6,0.85,1.19,1.35,0.7,0.78,1.32,1.28,1.09,1.3,1.07,1.07,1.28,1.8,1.86
住宿,住宿,zhùsù,stay,VA,Verb,3.35,1.3,0.15,1.35,1.55,2.3,1.25,1.45,1.1,1.35,1.85,1.46,1.87,0.36,1.98,1.86,1.58,1.73,1.75,1.73,1.9,1.8,2.7,1.82
愿望,願望,yuànwàng,desire,Na,Noun,1.0,1.45,0.1,0.2,0.25,4.15,0.15,1.05,1.45,1.25,1.15,1.41,1.63,0.3,0.68,0.62,1.11,0.48,1.6,1.72,1.51,1.56,2.5,2.13
睡眠,睡眠,shuìmián,sleep,Na,Noun,2.15,1.0,0.0,0.05,0.75,3.15,0.7,0.9,0.6,1.0,1.25,1.9,1.3,0.0,0.22,0.94,1.46,0.9,1.04,0.92,1.38,1.41,3.45,2.25
德国,德國,déguó,federal_republic_of_germany,Nc,Noun,3.15,2.3,1.55,1.05,0.8,2.45,1.0,1.0,0.85,0.95,0.95,1.59,2.08,1.96,1.53,1.54,1.6,1.76,1.61,1.65,1.63,1.5,1.0,1.48
景物,景物,jǐngwù,scenery,Na,Noun,4.75,1.3,0.45,0.6,1.1,2.3,0.95,1.05,0.9,1.15,1.15,0.54,1.71,1.24,1.16,1.58,1.87,1.56,1.6,1.64,1.56,1.56,1.3,1.73
反,反,fǎn,opposite,VC,Verb,2.35,0.35,0.05,0.1,0.3,2.0,0.35,0.6,0.4,0.35,0.4,1.9,0.57,0.22,0.3,0.64,1.7,0.65,0.86,0.97,0.79,0.86,0.75,1.13
青涩,青澀,qīngsè,astringent,A,Adjective,2.75,1.3,1.65,0.45,0.55,3.55,0.3,0.5,1.15,0.6,0.6,1.87,1.71,2.15,0.67,0.86,1.36,0.46,0.74,1.35,1.02,1.02,1.65,1.8
辣,辣,là,spicy hot ,A,Adjective,1.7,0.4,4.95,3.25,1.1,2.9,0.6,1.05,3.25,1.1,1.0,1.71,0.8,0.22,1.76,1.7,1.73,1.24,1.5,1.87,1.61,1.61,2.3,2.19
冥想,冥想,míngxiǎng,meditation,VA,Verb,2.1,1.7,0.15,0.25,0.65,4.05,0.5,1.1,0.95,1.3,1.65,1.61,1.93,0.48,0.54,1.19,1.07,0.87,1.64,1.56,1.68,1.77,3.0,2.19
球场,球場,qiúchǎng,court,Nc,Noun,4.1,2.55,0.1,0.95,0.95,1.85,2.75,2.6,1.95,1.95,2.4,0.99,1.91,0.3,1.66,1.24,1.85,1.87,1.93,1.96,2.01,1.88,2.05,1.75
言论,言論,yánlùn,speech,Na,Noun,1.6,4.5,0.0,0.0,0.05,2.2,0.15,0.65,2.1,0.65,0.55,1.74,1.12,0.0,0.0,0.22,1.54,0.36,1.01,2.0,0.91,0.8,2.85,2.17
责任,責任,zérèn,responsibility,Na,Noun,1.2,0.85,0.05,0.1,0.3,3.45,0.4,0.6,0.5,0.5,0.7,1.63,1.35,0.22,0.44,0.78,1.63,0.66,0.92,0.87,0.92,1.14,2.55,2.13
周围,周圍,zhōuwéi,around,Nc,Noun,4.15,2.85,0.8,1.75,1.5,1.95,0.65,0.8,0.3,1.1,0.85,0.91,1.82,1.78,2.0,1.8,1.75,1.24,1.33,0.56,1.73,1.53,1.45,1.66
成本,成本,chéngběn,cost,Na,Noun,1.35,0.3,0.0,0.0,0.2,1.8,0.05,0.2,0.1,0.15,0.2,1.35,0.78,0.0,0.0,0.68,1.44,0.22,0.51,0.3,0.36,0.51,1.2,1.44
骷髅,骷髏,kūlóu,skeleton,Na,Noun,4.05,1.25,0.0,0.95,2.25,2.85,1.1,1.3,0.65,1.35,1.4,1.28,1.92,0.0,1.6,1.84,1.8,1.67,1.79,1.31,1.8,1.88,2.45,1.86
卫生,衛生,wèishēng,hygiene,Na,Noun,4.05,0.7,1.45,3.5,2.55,2.75,1.05,1.4,0.65,1.25,1.35,1.36,1.14,1.43,1.47,1.36,1.55,1.6,1.66,0.96,1.48,1.46,1.95,1.69
元帅,元帥,yuánshuài,marshal,Na,Noun,3.75,1.95,0.35,0.25,0.75,2.15,0.8,1.0,1.05,1.05,1.3,1.37,1.69,1.11,0.89,1.13,1.56,1.12,1.22,1.24,1.28,1.49,2.55,2.16
暴君,暴君,bàojūn,tyrant,Na,Noun,3.65,2.95,0.2,0.35,0.65,3.1,1.2,1.45,1.1,1.45,1.55,1.53,1.94,0.51,0.65,0.91,1.58,1.75,1.8,1.45,1.72,1.88,2.7,2.1
焦,焦,jiāo,charred,A,Adjective,3.5,1.65,2.55,3.05,1.55,1.95,0.55,0.8,1.25,0.75,0.6,1.47,1.56,1.83,1.86,1.47,1.47,0.97,1.08,1.51,0.89,0.8,1.45,2.06
大家,大家,dàjiā,everyone,Nh,Pronoun,3.8,2.85,0.4,0.6,0.9,2.35,0.9,1.25,1.05,1.0,1.0,1.36,1.71,0.92,0.86,1.14,1.62,1.18,1.48,1.36,1.22,1.14,2.8,2.06
泡沫,泡沫,pàomò,foam,Na,Noun,4.25,1.55,1.1,1.5,2.85,1.95,0.7,1.4,0.9,0.8,0.75,0.89,1.6,1.26,1.8,1.71,1.47,1.23,1.56,1.48,1.29,1.3,1.1,1.22
皮鞭,皮鞭,píbiān,leather whip,Na,Noun,3.95,2.95,0.3,0.45,2.8,2.6,1.35,2.35,0.75,1.25,2.1,1.2,1.86,0.64,0.8,1.89,1.71,1.65,1.8,1.26,1.48,1.7,2.0,1.95
欢乐,歡樂,huānlè,joy,VH,Adjective,4.1,3.5,1.2,1.15,1.5,4.25,1.75,2.15,1.85,2.0,2.3,1.22,1.69,1.72,1.53,1.63,0.99,1.64,1.65,1.77,1.73,1.73,2.5,2.2
倒影,倒影,dàoyǐng,reflection,Na,Noun,4.6,0.3,0.05,0.1,0.35,2.0,0.95,1.1,0.4,1.45,1.25,0.58,0.9,0.22,0.3,0.65,1.41,1.36,1.41,0.8,1.63,1.41,1.65,1.39
唠叨,嘮叨,láodāo,nagging,VE,Verb,2.35,4.25,0.2,0.2,0.35,3.05,0.65,0.7,3.0,1.15,1.0,1.62,1.44,0.6,0.6,0.73,1.4,1.01,0.9,1.92,1.31,1.18,3.4,2.06
幽灵,幽靈,yōulíng,ghost,Na,Noun,3.35,2.35,0.55,0.65,1.15,3.7,1.15,1.4,0.7,1.1,1.2,1.74,1.8,1.28,1.35,1.62,1.42,1.49,1.66,1.23,1.45,1.47,1.7,2.0
辅导,輔導,fǔdǎo,coaching,VC,Verb,3.05,3.7,0.25,0.25,0.95,2.25,0.65,1.65,2.5,1.65,1.65,1.47,1.49,0.62,0.62,1.02,1.48,1.06,1.62,1.88,1.88,1.68,2.85,2.26
包庇,包庇,bāobì,shelter,VC,Verb,2.2,2.15,0.1,0.15,0.85,2.65,1.05,1.25,1.45,0.75,1.1,1.81,1.8,0.3,0.48,1.11,1.74,1.4,1.44,1.6,0.99,1.37,2.25,2.09
时期,時期,shíqī,phase,Na,Noun,1.75,1.25,0.85,0.65,0.6,2.35,0.4,0.6,0.6,0.55,0.8,1.81,1.84,1.59,1.24,1.11,1.68,0.86,1.02,1.07,0.97,1.25,1.1,1.37
教育部,教育部,jiàoyùbù,education_department,Nc,Noun,2.7,1.95,0.2,0.2,0.35,2.2,0.5,0.6,1.25,0.6,0.7,1.76,1.99,0.6,0.6,0.73,1.47,0.97,1.02,1.55,0.8,0.95,1.35,1.68
进步,進步,jìnbù,progress,VH,Adjective,2.85,1.25,0.45,0.35,0.95,3.4,1.25,1.3,1.0,0.9,1.15,1.65,1.79,1.12,1.11,1.5,1.5,1.61,1.68,1.45,1.55,1.56,2.2,1.99
窄,窄,zhǎi,narrow,A,Adjective,4.25,0.2,0.05,0.05,1.45,2.6,0.85,1.0,0.5,0.6,1.0,1.04,0.51,0.22,0.22,1.6,1.74,1.19,1.34,0.81,1.07,1.38,1.3,1.23
培养,培養,péiyǎng,evolve,VC,Verb,2.6,1.0,0.35,0.35,0.95,2.35,0.95,1.6,1.45,1.0,1.0,1.53,1.52,0.96,0.96,1.47,1.53,1.53,1.66,1.83,1.64,1.58,2.45,1.83
邮件,郵件,yóujiàn,mail,Na,Noun,4.15,0.95,0.05,0.1,1.15,0.95,0.6,1.85,0.75,1.1,1.1,1.11,1.47,0.22,0.3,1.59,1.4,1.11,1.68,1.18,1.64,1.34,1.35,1.59
击毙,擊斃,jībì,kill,VC,Verb,4.25,2.75,0.1,0.55,1.0,2.8,0.8,2.35,0.8,1.3,1.8,1.09,1.73,0.3,1.12,1.18,1.69,1.03,1.8,1.29,1.42,1.6,3.1,2.14
粗壮,粗壯,cūzhuàng,brawny,A,Adjective,4.5,0.4,0.05,0.1,2.65,2.25,1.1,1.8,0.55,0.55,1.35,0.87,0.97,0.22,0.44,1.77,1.58,1.61,1.69,0.92,0.92,1.56,2.45,1.91
欢送,歡送,huānsòng,farewell,VC,Verb,4.0,3.05,0.25,0.6,0.95,3.4,1.7,2.65,1.95,1.55,1.9,1.26,1.75,0.62,1.2,1.53,1.5,1.65,1.71,1.8,1.75,1.7,2.7,2.05
回国,回國,huíguó,return home,VA,Verb,3.35,2.4,1.2,1.15,1.35,3.25,2.35,1.85,1.55,1.25,1.95,1.59,1.93,1.94,1.9,1.8,1.34,1.71,1.8,1.8,1.64,1.6,2.95,2.04
缺乏,缺乏,quēfá,lack,VJ,Verb,2.6,0.75,0.45,0.4,0.55,2.9,0.45,0.65,0.5,0.45,0.45,1.66,1.22,0.86,0.86,0.92,1.51,0.8,1.01,0.87,0.8,0.67,1.25,1.3
洪灾,洪災,hóngzāi,flood,Na,Noun,4.5,3.15,0.35,0.7,1.1,2.95,1.9,1.85,1.55,1.45,1.65,0.87,1.71,0.73,1.31,1.55,1.83,1.89,1.9,1.77,1.75,1.77,0.85,1.15
永久,永久,yǒngjiǔ,permanent,Nd,Noun,2.4,0.95,0.25,0.3,0.65,3.05,0.6,0.65,0.4,0.4,0.3,1.98,1.56,0.54,0.56,1.06,1.75,1.2,1.19,0.66,0.8,0.56,1.35,1.59
民工,民工,míngōng,migrant worker,Na,Noun,4.2,2.35,0.1,0.6,0.8,1.9,1.6,1.7,1.15,1.05,1.4,0.93,1.88,0.44,1.02,1.17,1.61,1.8,1.9,1.62,1.47,1.56,2.9,2.0
老虎,老虎,lǎohǔ,tiger,Na,Noun,4.75,3.5,0.4,1.15,1.35,2.8,1.55,1.4,1.25,1.4,1.65,0.54,1.77,1.16,1.46,1.59,1.75,1.63,1.43,1.61,1.5,1.62,1.1,1.41
考虑,考慮,kǎolǜ,consider,VE,Verb,2.1,1.15,0.1,0.15,0.55,3.2,0.75,1.0,1.0,1.3,1.1,1.73,1.42,0.3,0.36,1.2,1.75,1.18,1.26,1.38,1.45,1.3,2.75,2.14
嘉宾,嘉賓,jiābīn,guest,Na,Noun,4.0,2.4,0.4,0.4,0.65,2.25,0.75,1.0,1.2,0.85,0.95,1.1,1.53,1.16,0.66,0.96,1.58,1.04,1.1,1.36,1.24,1.28,2.6,2.2
痛心,痛心,tòngxīn,distressed,VK,Verb,1.9,1.85,0.3,0.4,0.9,4.35,0.7,1.15,1.5,1.3,1.2,1.73,1.68,0.95,0.97,1.3,0.91,1.27,1.39,1.77,1.42,1.36,3.15,2.22
仔细,仔細,zǐxì,carefulness,VH,Adjective,3.0,1.7,0.9,0.95,1.65,3.3,0.9,1.35,1.05,1.35,1.2,1.7,1.55,1.48,1.47,1.65,1.45,1.3,1.49,1.5,1.62,1.4,2.75,2.26
表情,表情,biǎoqíng,(facial) expression,Na,Noun,4.3,0.6,0.25,0.4,0.8,2.5,0.55,0.55,1.2,1.9,0.75,0.95,1.02,0.77,1.02,1.17,1.83,1.07,1.07,1.63,1.67,1.13,3.35,2.06
摆设,擺設,bǎishè,decoration,VC,Verb,4.3,0.6,0.25,0.25,1.45,2.1,0.9,1.6,0.7,0.8,1.1,0.84,1.11,0.62,0.62,1.56,1.48,1.41,1.77,1.14,1.4,1.51,1.4,1.43
等,等,děng,wait,VC,Verb,1.9,0.8,0.3,0.35,0.55,3.5,1.15,1.05,0.65,0.7,0.85,1.64,1.21,0.78,0.96,1.07,1.43,1.53,1.24,1.11,1.05,1.24,2.7,2.26
酬金,酬金,chóujīn,remuneration,Na,Noun,3.55,0.8,0.25,0.35,1.5,3.45,0.55,1.4,0.75,0.75,0.9,1.53,1.17,0.77,1.06,1.53,1.5,1.12,1.32,1.22,1.22,1.26,1.85,1.98
前来,前來,qiánlái,coming,VCL,Verb,3.15,1.0,0.25,0.25,0.6,1.65,3.05,2.25,1.05,1.15,2.25,1.74,1.3,0.89,0.89,1.11,1.59,1.86,1.95,1.43,1.59,1.84,2.65,2.03
小,小,xiǎo,small,A,Adjective,4.4,1.2,0.3,0.7,1.95,2.8,0.6,1.2,0.75,0.65,0.8,0.97,1.47,0.71,1.38,1.69,1.75,1.07,1.4,1.18,1.11,1.21,1.05,1.2
达到,達到,dádào,achieve,VJ,Verb,3.0,1.25,0.35,0.4,0.8,2.75,1.4,1.2,1.0,0.9,1.25,1.67,1.67,0.96,0.97,1.29,1.58,1.66,1.47,1.38,1.34,1.67,2.4,2.06
意义,意義,yìyì,significance,Na,Noun,1.35,0.85,0.3,0.35,0.4,3.45,0.45,0.45,0.6,0.5,0.4,1.8,1.42,0.78,0.96,0.92,1.6,1.02,1.02,1.16,1.07,0.97,1.4,1.83
上台,上台,shàngtái,take the stage,VA,Verb,3.85,1.95,0.1,0.25,0.65,1.8,3.3,2.7,1.5,1.75,2.55,1.49,1.47,0.3,0.89,1.11,1.66,1.52,1.71,1.47,1.55,1.8,3.25,1.97
保镖,保鏢,bǎobiāo,bodyguard,Na,Noun,4.0,1.6,0.2,0.35,1.35,2.1,2.05,2.15,1.2,1.7,2.3,1.26,1.69,0.68,0.91,1.35,1.45,1.69,1.68,1.6,1.62,1.79,3.05,1.99
轮船,輪船,lúnchuán,ship,Na,Noun,4.05,2.5,0.25,0.9,1.3,1.3,0.95,0.95,0.85,1.1,1.0,1.28,1.75,0.54,1.37,1.49,1.38,1.53,1.28,1.28,1.64,1.38,1.05,1.36
道理,道理,dàolǐ,reason,Na,Noun,1.2,2.3,0.2,0.2,0.35,3.4,0.4,0.6,1.75,0.65,0.8,1.6,1.73,0.68,0.68,0.79,1.59,0.97,1.07,1.81,1.01,1.12,1.35,1.88
如此,如此,rúcǐ,in this way,VH,Adjective,0.95,0.7,0.4,0.4,0.5,1.95,0.4,0.45,0.65,0.55,0.45,1.5,1.23,0.92,0.92,1.02,1.75,0.97,0.97,1.15,1.02,0.97,0.85,1.31
比,比,bǐ,compare,VC,Verb,1.95,1.25,1.0,1.0,1.15,2.8,0.95,1.45,0.9,0.8,1.05,1.66,1.58,1.52,1.52,1.49,1.72,1.47,1.75,1.45,1.44,1.47,1.6,1.83
技术,技術,jìshù,technology,Na,Noun,2.55,1.45,0.75,0.6,1.1,2.7,1.0,1.4,1.05,0.9,1.1,1.86,1.47,1.13,1.16,1.45,1.58,1.48,1.66,1.36,1.14,1.34,1.85,1.74
沦陷,淪陷,lúnxiàn,fall,VH,Adjective,2.85,1.75,0.35,0.35,0.85,3.9,1.2,1.2,1.0,0.95,1.05,1.68,1.79,0.91,0.91,1.24,1.22,1.44,1.44,1.22,1.16,1.16,1.45,1.66
设计,設計,shèjì,design,VC,Verb,3.8,1.25,0.4,0.45,1.45,2.65,0.8,1.85,1.0,1.05,1.15,1.29,1.58,0.97,0.97,1.5,1.49,1.25,1.8,1.52,1.5,1.42,2.5,1.94
目的,目的,mùdì,object,Na,Noun,1.9,1.3,0.5,0.45,0.45,3.3,0.65,0.85,0.8,0.75,0.8,1.79,1.49,0.97,0.97,1.02,1.52,1.11,1.24,1.17,1.13,1.12,1.6,1.88
休闲,休閑,xiūxián,leisure,VA,Verb,3.2,1.55,0.8,0.8,0.9,3.7,1.3,1.15,0.95,1.0,1.25,1.5,1.69,1.12,1.12,1.3,1.35,1.71,1.46,1.4,1.45,1.37,2.0,2.26
提问,提問,tíwèn,ask questions,VC,Verb,2.5,3.7,0.4,0.45,0.55,1.9,0.65,1.95,3.5,1.65,1.4,1.77,1.45,0.97,0.97,1.02,1.61,1.15,1.83,1.66,1.68,1.62,3.55,2.06
流水,流水,liúshuǐ,running water,Na,Noun,4.2,3.45,0.55,0.95,1.9,2.15,0.55,1.0,0.7,1.05,0.8,0.87,1.5,1.02,1.47,1.61,1.53,0.97,1.26,1.05,1.4,1.08,1.25,1.51
粽子,粽子,zòngzi,Zongzi,Na,Noun,3.9,0.55,4.55,3.0,2.8,2.1,0.45,1.85,3.4,1.6,0.95,1.04,1.12,0.8,1.73,1.57,1.61,0.97,1.59,1.53,1.43,1.28,1.75,1.84
拥抱,擁抱,yōngbào,embrace,VC,Verb,4.0,1.7,0.35,1.05,4.1,3.3,1.4,4.1,1.55,2.65,3.6,1.48,1.85,0.96,1.47,1.26,1.62,1.59,1.04,1.66,1.65,1.11,3.8,2.09
广,廣,guǎng,wide,A,Adjective,3.8,0.8,0.3,0.3,0.7,2.8,0.45,0.85,0.55,0.55,0.65,1.44,1.29,0.9,0.9,1.14,1.78,0.92,1.24,1.12,1.07,1.06,0.8,1.12
巴西,巴西,bāxī,brazil,Nc,Noun,3.2,1.9,1.6,1.2,1.15,2.0,1.3,1.25,1.0,0.95,1.15,1.75,1.97,1.96,1.75,1.77,1.61,1.68,1.61,1.61,1.53,1.65,0.85,1.31
口音,口音,kǒuyīn,accent,Na,Noun,0.8,4.7,0.15,0.25,0.4,2.35,0.45,0.55,3.1,1.0,0.7,1.17,0.46,0.48,0.89,0.97,1.65,1.02,1.12,1.87,1.45,1.14,3.05,1.91
颁奖,頒獎,bānjiǎng,award,VB,Verb,4.0,2.5,0.15,0.15,1.45,2.7,1.45,2.75,2.15,1.8,2.0,1.38,1.91,0.48,0.48,1.8,1.71,1.5,1.73,1.74,1.66,1.67,3.2,1.78
内部,內部,nèibù,interior,Ncd,Noun,1.95,0.85,0.3,0.35,0.65,2.45,0.6,0.65,0.6,0.55,0.65,1.83,1.35,0.78,0.96,1.11,1.8,1.07,1.01,1.11,1.02,1.06,1.1,1.37
纪念,紀念,jìniàn,commemorate,VJ,Verb,2.85,1.65,0.2,0.2,0.75,3.55,0.95,1.35,1.5,1.35,1.3,1.77,1.56,0.4,0.4,1.22,1.53,1.28,1.53,1.63,1.71,1.45,2.25,2.0
生态,生態,shēngtài,biota,Na,Noun,3.75,1.55,0.45,0.95,1.1,1.9,0.7,0.65,0.5,0.5,0.5,1.26,1.5,1.02,1.2,1.34,1.41,1.19,1.06,0.92,0.92,0.81,1.7,1.9
存有,存有,cúnyǒu,exist,VJ,Verb,2.75,0.7,0.45,0.4,1.05,2.9,0.55,0.75,0.6,0.55,0.7,1.92,1.05,0.97,0.73,1.47,1.67,0.97,1.22,1.2,1.12,1.14,1.7,2.17
头版,頭版,tóubǎn,front page,Na,Noun,4.2,1.0,0.05,0.15,0.55,2.2,0.3,0.6,0.6,0.9,0.4,1.12,1.48,0.22,0.36,0.67,1.78,0.71,0.86,0.97,1.04,0.73,1.55,1.94
太阳,太陽,tàiyáng,sun,Na,Noun,4.65,0.05,0.1,0.35,0.75,2.95,0.5,0.65,0.45,1.05,0.8,0.57,0.22,0.3,0.57,1.04,1.72,0.87,1.01,0.74,1.4,0.98,1.05,1.43
档案,檔案,dàng'àn,file,Na,Noun,3.6,0.85,0.15,0.2,1.35,1.5,0.45,1.6,0.55,0.85,0.65,1.5,1.19,0.48,0.51,1.53,1.4,0.86,1.62,1.02,1.19,1.01,1.37,1.72
盼望,盼望,pànwàng,hope,VK,Verb,2.05,0.95,0.1,0.05,0.45,3.7,0.65,0.95,0.85,0.95,1.05,1.88,1.02,0.44,0.22,0.74,1.52,1.11,1.16,1.24,1.36,1.4,3.0,1.81
台中,台中,táizhōng,taichung,Nc,Noun,2.9,1.4,1.15,1.05,1.15,2.2,1.0,0.95,0.9,0.9,0.85,1.87,1.56,1.56,1.5,1.59,1.66,1.48,1.43,1.48,1.41,1.28,1.0,1.72
皎皎,皎皎,jiǎojiǎo,glistening white,A,Adjective,3.3,0.45,0.2,0.2,0.25,2.15,0.2,0.45,0.35,0.55,0.45,1.58,0.86,0.6,0.51,0.54,1.56,0.4,0.8,0.65,1.16,0.8,0.95,1.36
当时,當時,dāngshí,now,Nd,Noun,1.4,0.65,0.1,0.15,0.4,2.5,0.3,0.35,0.4,0.5,0.3,1.46,0.85,0.3,0.36,0.66,1.8,0.64,0.65,0.73,1.07,0.56,0.58,1.14
喜欢,喜歡,xǐhuān,like,VK,Verb,2.7,1.75,1.15,1.2,1.5,4.05,0.75,1.2,1.2,1.15,1.25,1.85,1.58,1.46,1.44,1.57,1.28,0.99,1.33,1.4,1.28,1.18,2.63,1.84
最后,最後,zuìhòu,in_the_last_analysis,Nd,Noun,2.3,0.75,0.1,0.15,0.4,3.15,0.5,0.55,0.45,0.3,0.5,1.82,1.09,0.3,0.36,0.73,1.46,0.74,0.86,0.8,0.64,0.87,0.74,1.12
现在,現在,xiànzài,now,Nd,Noun,1.4,0.6,0.15,0.15,0.45,2.85,0.5,0.4,0.35,0.35,0.5,1.46,0.92,0.36,0.36,0.67,1.71,0.87,0.73,0.65,0.73,0.74,0.63,1.13
旧,舊,jiù,old,VH,Adjective,3.55,0.9,0.55,0.9,1.5,3.0,0.3,0.8,0.45,0.8,0.7,1.36,1.22,0.8,1.09,1.57,1.41,0.56,1.36,0.8,1.25,1.05,1.0,1.34
经历,經歷,jīnglì,experience,VJ,Verb,1.5,1.05,0.65,0.55,0.85,3.1,0.85,0.85,0.8,0.8,0.85,1.47,1.36,1.01,0.97,1.06,1.34,1.11,1.11,1.08,1.12,1.11,1.79,1.82
导弹,導彈,dǎodàn,missile,Na,Noun,3.9,2.45,0.0,0.35,0.75,1.9,0.6,0.7,0.35,0.8,0.85,1.41,1.91,0.0,0.91,1.34,1.79,1.24,1.23,1.15,1.47,1.46,1.47,1.67
先生,先生,xiānshēng,senhor,Na,Noun,3.05,1.65,0.0,0.45,0.65,1.75,0.6,0.8,0.6,0.7,0.85,1.66,1.68,0.0,1.16,1.19,1.67,1.24,1.33,1.28,1.31,1.42,1.84,2.11
深情,深情,shēnqíng,deep feeling,Na,Noun,2.5,1.3,0.1,0.15,1.25,4.0,0.4,1.15,1.0,0.8,1.05,1.8,1.58,0.3,0.48,1.58,1.18,0.66,1.49,1.52,1.12,1.32,2.58,1.82
去年,去年,qùnián,last year,Nd,Noun,0.8,0.5,0.3,0.15,0.4,2.4,0.4,0.35,0.4,0.35,0.4,1.12,0.81,0.78,0.48,0.8,1.77,1.02,0.79,0.73,0.79,0.73,0.63,1.04
昏迷,昏迷,hūnmí,coma,VH,Adjective,2.0,1.05,0.05,0.1,0.8,2.5,0.45,0.7,0.45,0.85,1.05,1.76,1.47,0.22,0.3,1.12,1.69,0.86,1.23,0.97,1.31,1.53,2.89,1.94
失宠,失寵,shīchǒng,fell out of favor,VH,Adjective,1.35,0.6,0.05,0.05,0.3,3.3,0.25,0.3,0.25,0.4,0.55,1.39,0.86,0.22,0.22,0.56,1.58,0.62,0.56,0.62,0.8,0.97,2.0,1.92
企盼,企盼,qǐpàn,look forward to,VK,Verb,1.7,0.8,0.2,0.05,0.25,3.4,0.55,0.75,0.5,0.75,0.65,1.73,1.25,0.68,0.22,0.54,1.59,1.02,1.09,0.74,1.41,1.19,2.16,1.9
创业,創業,chuàngyè,entrepreneurship,VA,Verb,2.15,0.9,0.2,0.1,0.4,2.1,1.3,1.5,1.35,1.15,1.25,1.59,1.37,0.51,0.44,0.8,1.67,1.68,1.69,1.68,1.59,1.61,2.53,2.04
蝉鸣,蟬鳴,chánmíng,chirping of cicada,Na,Noun,1.15,4.75,0.25,0.45,0.2,1.7,0.2,0.3,0.25,0.9,0.45,1.19,0.43,0.54,0.97,0.51,1.62,0.4,0.56,0.54,1.37,0.67,0.74,1.37
本性,本性,běnxìng,nature,Na,Noun,1.5,1.0,0.05,0.25,0.45,3.0,0.2,0.4,0.35,0.35,0.35,1.75,1.48,0.22,0.89,0.74,1.73,0.51,0.8,0.65,0.65,0.65,1.26,1.68
问候,問候,wènhòu,greeting,VC,Verb,2.0,4.1,0.1,0.1,0.85,2.0,0.65,1.65,2.8,1.5,1.35,1.73,1.18,0.3,0.3,1.11,1.41,0.96,1.68,1.83,1.66,1.39,3.53,1.98
整洁,整潔,zhěngjié,tidy,VH,Adjective,3.9,0.3,0.2,1.15,1.55,2.9,0.6,1.1,0.5,0.65,0.9,1.3,0.64,0.51,1.35,1.8,1.67,1.02,1.34,0.81,1.01,1.14,2.11,1.92
锐,銳,ruì,sharp,A,Adjective,3.4,0.85,0.1,0.1,2.1,2.1,0.4,1.05,0.3,0.3,0.55,1.56,1.11,0.3,0.3,1.79,1.89,0.92,1.43,0.56,0.56,1.02,0.79,1.06
蜂蜜,蜂蜜,fēngmì,honey,Na,Noun,3.6,0.4,4.0,2.0,1.2,1.8,0.25,0.6,2.2,0.6,0.55,1.53,1.24,1.73,1.73,1.33,1.72,0.7,1.02,2.04,1.16,0.92,0.84,1.35
着重,著重,zhuózhòng,focus on,VJ,Verb,1.3,1.0,0.35,0.4,0.65,2.3,0.25,0.45,0.5,0.75,0.75,1.52,1.52,0.79,0.86,1.24,1.76,0.62,0.86,1.02,1.41,1.22,1.11,1.29
天气,天氣,tiānqì,weather,Na,Noun,4.3,1.35,0.2,0.7,1.0,2.0,0.5,0.55,0.45,0.9,0.65,0.84,1.35,0.51,1.0,1.58,1.7,0.97,1.07,0.92,1.34,1.01,1.0,1.41
投入,投入,tóurù,invest,VC,Verb,2.4,1.6,0.6,0.45,0.85,3.65,0.95,1.2,0.9,1.1,1.05,1.77,1.53,1.2,0.97,1.28,1.56,1.12,1.21,1.09,1.22,1.16,2.42,2.01
拘捕,拘捕,jūbǔ,arrest,VC,Verb,3.85,2.0,0.15,0.2,1.95,1.45,2.4,2.95,1.6,1.65,2.9,1.19,1.76,0.48,0.87,1.63,1.56,1.46,1.75,1.59,1.68,1.7,3.42,2.03
领带,領帶,lǐngdài,tie,Na,Noun,4.25,0.25,0.0,0.15,2.45,0.9,0.3,2.45,0.85,1.2,0.85,1.04,0.89,0.0,0.48,1.96,1.18,0.56,1.91,1.49,1.44,1.06,2.37,1.93
亢奋,亢奮,kàngfèn,excitement,VH,Adjective,3.15,2.3,0.75,0.7,1.25,3.6,1.7,1.7,1.45,1.4,1.85,1.68,1.85,1.3,1.14,1.61,1.85,1.27,1.38,1.36,1.39,1.39,2.0,2.05
胸襟,胸襟,xiōngjīn,breadth of mind,Na,Noun,1.9,0.6,0.2,0.2,0.6,3.5,0.6,1.05,0.65,0.7,1.2,1.84,1.36,0.68,0.87,0.97,1.75,1.11,1.47,1.15,1.1,1.47,2.16,2.03
活,活,huó,live,VH,Adjective,2.7,1.3,0.45,0.6,1.1,2.95,1.55,1.65,1.65,1.6,1.75,1.73,1.55,0.97,1.02,1.14,1.8,1.36,1.28,1.35,1.28,1.37,2.42,2.23
水,水,shuǐ,water,Na,Noun,4.0,2.4,2.1,1.3,2.9,1.3,0.6,0.85,1.35,1.05,0.85,1.3,1.69,1.67,1.31,1.55,1.52,0.86,1.24,1.82,1.32,1.06,1.53,1.93
汇款,匯款,huìkuǎn,money transfer,Na,Noun,2.7,0.75,0.25,0.1,1.1,1.3,0.65,2.65,1.15,1.0,1.05,1.87,1.48,0.89,0.3,1.51,1.52,1.28,1.49,1.56,1.41,1.24,2.0,1.72
恒星,恆星,héngxīng,star,Na,Noun,4.3,0.65,0.1,0.1,0.15,1.4,0.3,0.3,0.5,1.25,0.7,0.84,1.42,0.3,0.3,0.48,1.56,0.64,0.56,1.02,1.79,1.27,0.53,0.99
夸张,誇張,kuāzhāng,exaggerate,VHC,Verb,2.9,2.1,0.45,0.5,0.8,3.6,1.3,1.65,1.4,1.65,1.7,1.73,1.64,1.2,1.2,1.4,1.88,1.52,1.62,1.5,1.68,1.55,1.68,1.92
熊猫,熊貓,xióngmāo,panda,Na,Noun,4.65,1.8,0.4,1.25,2.0,1.7,1.3,1.4,1.2,1.3,1.35,0.73,1.75,1.07,1.64,1.73,1.73,1.42,1.53,1.47,1.55,1.49,1.21,1.88
才华,才華,cáihuá,talent,Na,Noun,2.35,1.75,0.75,0.6,1.0,3.7,0.95,1.15,1.35,1.0,0.9,1.59,1.61,1.37,1.39,1.45,1.68,1.28,1.39,1.42,1.22,1.18,2.11,1.8
最,最,zuì,to_the_highest_degree,Dfa,Adverb,1.8,1.35,0.9,0.8,0.85,3.45,0.7,1.0,0.9,0.75,0.9,1.72,1.68,1.18,1.12,1.15,1.72,1.1,1.26,1.18,1.13,1.26,0.74,1.25
举行,舉行,jǔxíng,hold,VC,Verb,3.25,2.55,0.5,0.35,0.85,2.0,1.7,1.95,1.55,1.45,1.55,1.79,1.63,1.02,0.96,1.24,1.61,1.52,1.6,1.63,1.63,1.6,2.32,1.72
明天,明天,míngtiān,tomorrow,Nd,Noun,1.1,0.75,0.25,0.05,0.05,2.95,0.25,0.25,0.3,0.2,0.3,1.45,1.26,0.89,0.22,0.22,1.8,0.43,0.54,0.56,0.4,0.64,0.95,1.43
组织,組織,zǔzhī,structure,Na,Noun,2.3,1.1,0.05,0.0,0.7,2.15,0.35,0.9,0.7,0.55,0.65,1.85,1.3,0.22,0.0,0.9,1.65,0.57,1.26,1.14,0.97,1.01,1.89,1.86
革新,革新,géxīn,innovation,VC,Verb,2.05,1.4,0.4,0.05,0.6,2.7,0.6,0.8,0.75,0.5,0.45,1.77,1.66,0.8,0.22,0.97,1.71,0.92,1.12,0.99,0.67,0.59,1.74,1.77
拥有,擁有,yōngyǒu,have,VJ,Verb,2.15,0.65,0.2,0.1,1.25,3.15,0.6,1.8,0.45,0.4,0.8,1.96,1.11,0.4,0.3,1.3,1.46,1.07,1.6,0.74,0.66,1.03,2.26,2.1
局势,局勢,júshì,situation,Na,Noun,2.15,1.5,0.0,0.25,0.2,2.3,0.6,0.65,0.7,0.7,0.7,1.59,1.28,0.0,0.7,0.4,1.65,0.97,1.01,1.0,1.14,1.0,1.11,1.41
欲望,慾望,yùwàng,desire,Na,Noun,1.65,1.15,0.45,0.4,0.9,4.15,0.45,0.7,0.7,0.55,0.75,1.71,1.46,0.67,0.66,1.22,1.24,0.97,1.14,1.23,1.02,1.13,2.16,1.87
海报,海報,hǎibào,poster,Na,Noun,4.65,0.4,0.25,0.1,1.45,1.2,0.3,1.25,0.4,0.85,0.4,0.65,1.11,0.89,0.3,1.5,1.25,0.64,1.51,0.92,1.24,0.73,1.21,1.44
反映,反映,fǎnyìng,mirror,VE,Verb,1.4,1.75,0.15,0.05,0.25,1.8,0.3,0.55,1.65,0.6,0.5,1.59,1.64,0.65,0.22,0.7,1.66,0.78,0.86,1.93,0.92,0.74,1.53,1.46
贺喜,賀喜,hèxǐ,congratulate,Verb,Verb,3.4,3.5,0.4,0.25,0.6,2.6,0.75,2.05,2.8,1.4,1.5,1.36,1.53,0.8,0.54,0.8,1.85,0.77,1.43,1.54,1.43,1.53,2.74,2.1
叛徒,叛徒,pàntú,traitor,Na,Noun,2.85,1.25,0.2,0.05,0.45,3.15,0.45,0.6,0.9,0.75,0.6,1.56,1.61,0.87,0.22,0.67,1.56,0.86,0.92,1.09,0.94,0.92,2.05,1.96
法力,法力,fǎlì,supernatural power,Na,Noun,2.5,1.35,0.15,0.15,1.0,2.75,0.55,1.75,1.3,1.05,1.35,1.66,1.42,0.48,0.48,1.38,1.67,0.92,1.55,1.27,1.24,1.49,1.68,1.95
美国,美國,měiguó,u.s.a.,Nc,Noun,3.7,2.05,0.95,0.95,0.9,2.15,0.85,0.85,0.9,0.9,0.8,1.49,1.94,1.5,1.53,1.41,1.82,1.39,1.39,1.45,1.41,1.36,0.79,1.61
走,走,zǒu,walk,VA,Verb,3.4,1.2,0.2,0.25,0.5,1.6,4.15,2.5,0.65,1.05,3.15,1.66,1.5,0.87,1.09,0.67,1.71,1.59,1.53,1.15,1.2,1.59,4.11,2.02
茫茫,茫茫,mángmáng,vast,A,Adjective,3.05,1.1,0.3,0.5,0.5,3.05,0.7,0.85,0.6,0.8,0.95,1.77,1.58,0.71,0.97,0.87,1.47,0.95,1.24,1.07,1.08,1.4,0.95,1.23
歌女,歌女,gēnǚ,showgirl,Na,Noun,4.2,4.05,0.45,0.3,0.6,1.5,0.7,1.1,2.5,1.45,1.3,1.29,1.36,1.36,0.78,1.11,1.63,1.19,1.3,1.96,1.5,1.55,2.58,1.96
委员,委員,wěiyuán,commissioner,Na,Noun,2.4,1.45,0.05,0.25,0.2,1.55,0.9,1.1,0.8,0.8,0.85,1.8,1.69,0.22,0.7,0.4,1.72,1.3,1.41,1.4,1.08,1.31,1.68,1.92
怀孕,懷孕,huáiyùn,pregnant,VA,Verb,3.85,1.6,0.45,0.6,1.35,2.45,1.4,1.45,0.9,1.0,1.9,1.49,1.71,1.16,1.28,1.56,1.91,1.46,1.43,1.58,1.41,1.67,3.95,1.67
民间,民間,mínjiān,grass_roots,Nc,Noun,2.25,2.05,1.05,0.85,0.65,2.15,0.65,0.65,0.8,0.65,0.65,1.97,1.8,1.43,1.24,1.28,1.68,1.06,1.11,1.17,0.91,1.06,1.16,1.72
比例,比例,bǐlì,scale,Na,Noun,2.65,0.6,0.15,0.1,0.8,1.6,0.45,1.15,0.45,0.85,0.4,1.88,1.39,0.36,0.3,1.25,1.66,0.86,1.49,0.86,1.35,0.73,1.05,1.39
母校,母校,mǔxiào,alma mater,Nc,Noun,2.95,1.65,0.35,0.75,0.7,2.55,0.8,0.95,1.0,0.65,0.75,1.77,1.62,0.73,1.18,1.19,1.8,1.03,1.24,1.34,0.96,1.09,1.37,1.78
哭,哭,kū,cry,VA,Verb,3.85,4.0,0.2,0.15,0.95,3.05,0.85,1.7,2.7,2.45,1.6,1.39,1.34,0.51,0.48,1.24,1.69,1.39,1.65,2.03,1.69,1.5,4.32,1.81
屠杀,屠殺,túshā,massacre,VC,Verb,4.15,2.8,0.7,1.45,1.85,3.5,2.25,2.75,2.15,2.4,2.75,1.28,2.01,1.45,1.96,1.96,1.88,1.92,1.95,2.03,1.93,1.89,3.79,2.04
命运,命運,mìngyùn,fate,Na,Noun,1.45,1.25,0.35,0.3,0.7,3.65,0.6,0.5,0.55,0.45,0.6,1.75,1.67,1.11,1.1,1.23,1.53,1.07,0.81,0.92,0.74,1.07,1.47,1.79
重点,重點,zhòngdiǎn,emphasis,Na,Noun,1.9,1.5,0.4,0.3,0.4,2.95,0.75,0.95,0.85,1.0,1.0,1.81,1.57,0.66,0.56,0.66,1.72,1.13,1.32,1.56,1.22,1.26,0.68,0.98
办法,辦法,bànfǎ,means,Na,Noun,1.4,1.3,0.1,0.1,0.2,2.55,0.55,1.0,0.95,0.9,0.8,1.69,1.52,0.3,0.3,0.4,1.83,0.86,1.3,1.47,1.26,1.17,0.95,1.43
发挥,發揮,fāhuī,exert,VJ,Verb,2.05,1.7,0.6,0.35,0.7,2.15,1.2,1.4,1.1,1.15,1.2,1.63,1.76,1.36,0.73,1.1,1.8,1.29,1.43,1.3,1.31,1.25,2.21,1.79
薄,薄,báo,thin,A,Adjective,4.2,0.55,0.35,0.3,2.8,2.0,0.5,1.6,0.5,0.45,0.6,0.98,0.92,0.48,0.46,1.69,1.67,1.02,1.66,0.97,0.74,0.92,1.32,1.56
惩罚,懲罰,chéngfá,punish,VC,Verb,2.3,2.0,0.1,0.1,1.3,2.95,1.55,1.6,1.5,1.3,1.7,1.79,1.84,0.3,0.3,1.62,1.56,1.56,1.66,1.75,1.52,1.71,2.26,1.86
国旗,國旗,guóqí,national flag,Na,Noun,4.6,0.8,0.1,0.2,1.2,2.0,0.65,0.95,0.55,1.2,0.95,1.11,1.12,0.3,0.51,1.4,1.79,0.96,1.32,0.92,1.17,1.2,1.16,1.56
臭味,臭味,chòuwèi,bad smell,Na,Noun,0.45,0.35,1.35,4.3,0.55,2.6,0.5,1.0,1.8,1.55,0.9,0.97,0.91,1.71,1.58,0.97,2.06,1.02,1.45,1.81,1.66,1.14,1.58,2.01
暗算,暗算,ànsuàn,plot,VC,Verb,1.55,1.2,0.1,0.25,0.85,2.85,0.7,0.9,0.85,0.7,0.8,1.63,1.4,0.3,0.7,1.35,1.59,0.84,0.89,1.39,1.14,1.21,2.05,1.9
动物,動物,dòngwù,animal,Na,Noun,4.15,3.0,0.85,1.85,2.25,1.1,1.05,1.15,0.85,1.15,1.1,1.06,1.73,1.49,1.74,1.89,1.41,1.4,1.49,1.31,1.39,1.41,0.84,1.46
表白,表白,biǎobái,confession,VE,Verb,2.6,3.6,0.1,0.25,0.75,3.15,0.5,1.0,2.95,1.1,1.2,1.69,1.43,0.3,0.62,1.04,1.42,0.81,0.95,1.53,1.18,1.4,2.68,1.72
恭维,恭維,gōngwéi,compliment,VC,Verb,1.8,3.1,0.1,0.05,0.25,2.85,0.3,0.65,1.95,1.1,0.7,1.33,1.67,0.3,0.22,0.54,1.49,0.56,0.73,1.77,1.18,0.95,2.95,1.54
中庸,中庸,zhōngyōng,doctrine of the mean,VH,Adjective,0.9,0.55,0.45,0.1,0.2,3.15,0.3,0.3,0.25,0.4,0.3,1.22,1.12,1.16,0.3,0.51,1.71,0.56,0.64,0.54,0.73,0.71,1.11,1.55
全国,全國,quánguó,pandemic,Nb,Noun,1.9,0.65,0.1,0.05,0.2,1.7,0.35,0.45,0.3,0.25,0.35,1.45,1.11,0.3,0.22,0.68,1.68,0.79,0.86,0.78,0.54,0.73,1.05,1.64
论文,論文,lùnwén,paper,Na,Noun,2.9,1.0,0.1,0.1,0.7,1.5,0.15,1.4,0.9,0.65,0.6,1.76,1.3,0.3,0.3,1.27,1.83,0.36,1.71,1.3,1.28,0.8,1.16,1.46
协调,協調,xiétiáo,harmony,VC,Verb,2.4,1.2,0.15,0.1,0.75,2.75,1.65,1.75,0.85,0.85,1.65,1.62,1.29,0.36,0.3,1.04,1.73,1.74,1.48,1.24,0.96,1.62,1.68,1.95
目录,目錄,mùlù,table of contents,Na,Noun,3.3,0.55,0.15,0.05,0.25,0.85,0.15,0.45,0.15,0.55,0.2,1.73,1.02,0.36,0.22,0.62,1.24,0.36,0.92,0.36,1.12,0.51,0.68,1.34
寝室,寢室,qǐnshì,bedroom,Nc,Noun,3.5,1.1,0.1,0.7,0.85,1.45,0.55,0.6,0.5,0.75,0.85,1.47,1.48,0.3,0.95,1.24,1.6,1.02,0.92,0.81,1.26,1.42,1.42,1.57
惊恐,驚恐,jīngkǒng,scary,VH,Adjective,2.5,2.15,0.1,0.15,0.95,3.9,0.95,1.1,1.35,0.7,1.45,1.63,1.59,0.3,0.36,1.12,1.55,1.16,1.18,1.39,0.9,1.43,3.05,1.9
伴奏,伴奏,bànzòu,accompaniment,VA,Verb,1.95,4.4,0.1,0.05,0.4,1.5,0.55,2.25,1.15,1.3,1.35,1.63,0.97,0.3,0.22,0.92,1.57,0.74,1.7,1.53,1.45,1.39,2.53,2.04
过年,過年,guònián,chinese new year,VA,Verb,2.95,2.8,2.05,1.9,1.1,3.25,0.9,1.35,1.55,1.05,0.95,1.8,1.86,2.09,1.84,1.51,1.81,1.14,1.42,1.8,1.36,1.12,1.89,1.86
平房,平房,píngfáng,bungalow,Na,Noun,3.95,0.45,0.3,0.4,0.75,1.25,0.5,0.2,0.25,0.45,0.4,1.16,1.02,0.95,0.8,0.94,1.44,1.07,0.51,0.62,0.97,0.86,0.95,1.47
绑架,綁架,bǎngjià,abduction,VC,Verb,2.95,2.2,0.1,0.35,1.35,3.0,1.75,1.8,1.3,1.2,1.65,1.72,1.91,0.3,0.73,1.46,1.52,1.64,1.66,1.49,1.36,1.56,3.32,1.95
结果,結果,jiéguǒ,backwash,Na,Noun,2.0,1.25,0.2,0.15,0.7,3.1,0.65,0.95,1.05,0.9,0.7,1.73,1.37,0.4,0.36,1.27,1.45,1.11,1.32,1.4,1.14,1.0,0.89,1.29
唯一,唯一,wéiyī,only,A,Adjective,1.95,0.8,0.2,0.25,0.7,3.4,0.35,0.55,0.65,0.55,0.4,1.8,1.29,0.51,0.62,1.0,1.36,0.65,0.86,1.19,0.86,0.73,0.58,1.09
宽,寬,kuān,broad,A,Adjective,4.45,0.8,0.15,0.2,1.85,2.3,1.15,1.7,0.8,1.1,1.1,0.8,1.33,0.48,0.68,1.88,1.79,1.42,1.68,1.29,1.26,1.41,1.16,1.35
法术,法術,fǎshù,magic arts,Na,Noun,3.8,2.8,0.2,0.5,1.25,2.8,0.8,2.25,2.0,1.55,2.0,1.36,1.5,0.51,1.16,1.41,1.57,1.03,1.7,1.58,1.43,1.61,1.68,1.75
四川,四川,sìchuān,sichuan,Nc,Noun,2.6,1.95,3.05,2.4,0.85,2.1,0.95,0.75,1.45,0.85,0.85,1.83,1.94,2.01,1.93,1.31,1.84,1.16,1.04,1.5,1.06,1.11,0.79,1.32
变成,變成,biànchéng,become,VG,Verb,3.2,1.35,0.35,0.4,0.85,1.95,0.6,0.8,0.6,0.8,0.85,1.57,1.56,0.57,0.8,1.19,1.8,1.07,1.17,0.92,0.98,1.15,1.63,1.6
事态,事態,shìtài,situation,Na,Noun,2.2,1.65,0.3,0.25,0.35,2.6,0.7,0.85,0.65,0.75,0.65,1.89,1.59,0.71,0.54,0.73,1.83,1.23,1.46,1.01,1.22,1.11,0.58,0.88
涉嫌,涉嫌,shèxián,suspicion,VK,Verb,1.8,1.6,0.15,0.1,0.25,2.65,0.9,0.9,1.15,0.8,0.8,1.89,1.56,0.48,0.3,0.54,1.98,1.3,1.14,1.56,1.21,1.08,1.74,1.83
可爱,可愛,kěài,cute,VH,Adjective,4.25,2.6,0.15,0.3,1.35,3.85,0.85,1.8,1.2,1.8,2.0,1.34,1.8,0.48,0.64,1.42,1.39,1.19,1.54,1.4,1.72,1.58,2.32,2.1
电视,電視,diànshì,television,Na,Noun,4.8,4.15,0.25,0.2,1.55,2.15,0.5,1.25,0.35,2.25,1.2,0.51,1.56,0.7,0.51,1.6,1.68,0.92,1.44,0.57,1.7,1.44,1.58,1.96
实行,實行,shíxíng,do,VC,Verb,1.95,0.7,0.25,0.25,0.9,1.9,1.1,1.45,0.8,0.95,1.45,1.77,1.23,0.7,0.7,1.3,1.95,1.34,1.6,1.25,1.12,1.4,1.74,1.86
心疼,心疼,xīnténg,distressed,VJ,Verb,1.7,1.2,0.25,0.2,1.2,4.1,0.75,1.6,1.4,1.0,1.55,1.55,1.33,0.62,0.51,1.47,1.41,1.41,1.62,1.59,1.41,1.6,3.0,1.75
精神,精神,jīngshén,spirit,Na,Noun,2.75,1.25,0.45,0.1,0.4,3.8,0.85,0.85,0.8,1.6,1.85,1.76,1.51,1.24,0.3,0.92,1.72,1.31,1.35,1.29,1.5,1.68,1.68,1.92
学问,學問,xuéwèn,knowledge,Na,Noun,1.7,1.6,0.3,0.3,0.75,3.55,0.7,0.85,1.5,1.55,0.85,1.73,1.66,0.78,0.78,1.37,1.28,1.27,1.35,1.57,1.72,1.35,2.16,1.95
制作,製作,zhìzuò,make,VC,Verb,2.95,1.3,0.55,0.65,2.25,1.7,0.95,2.55,0.65,1.6,2.25,1.99,1.58,1.12,1.28,1.95,1.58,1.12,1.77,1.06,1.74,1.79,2.95,2.06
打架,打架,dǎjià,fight,VA,Verb,3.95,2.9,0.15,0.4,2.75,1.75,3.45,3.85,2.55,2.9,4.25,1.5,1.64,0.48,0.92,1.76,1.87,1.4,1.15,1.72,1.51,0.94,4.38,1.91
学院,學院,xuéyuàn,academy,Nc,Noun,2.8,1.9,0.35,0.5,0.6,1.25,0.45,0.55,0.65,0.65,0.65,1.75,1.61,1.11,1.16,1.2,0.89,0.8,0.8,1.11,1.06,0.91,1.76,1.92
烂,爛,làn,tender,A,Adjective,3.1,0.95,2.3,2.65,2.1,3.0,0.2,1.1,0.95,0.5,0.3,1.7,1.63,2.0,1.74,1.76,1.87,0.51,1.58,1.16,0.87,0.64,0.81,1.14
概念,概念,gàiniàn,concept,Na,Noun,0.85,0.4,0.05,0.05,0.15,2.55,0.1,0.1,0.2,0.35,0.1,1.42,0.97,0.22,0.22,0.36,2.09,0.3,0.3,0.68,1.11,0.3,0.86,1.39
转,轉,zhuǎn,turn,VAC,Verb,3.0,1.1,0.05,0.05,0.7,0.9,2.15,1.75,0.25,1.55,2.25,1.92,1.3,0.22,0.22,1.0,0.99,1.88,1.67,0.7,1.86,1.92,2.0,1.83
赢得,贏得,yíngdé,win,VJ,Verb,2.3,1.65,0.05,0.05,0.35,2.95,0.9,1.25,1.15,1.05,1.2,1.9,1.68,0.22,0.22,0.79,1.86,1.18,1.51,1.39,1.28,1.4,2.05,1.99
醇,醇,chún,of intense taste/ mellow,A,Adjective,1.0,0.45,3.75,2.35,0.75,1.75,0.2,0.5,1.9,0.4,0.15,1.41,0.67,1.67,1.82,1.13,1.61,0.51,1.02,1.81,0.97,0.48,0.62,1.0
素养,素養,sùyǎng,(personal) quality,Na,Noun,1.65,1.0,0.4,0.4,0.55,3.05,0.8,0.9,0.7,0.65,1.0,1.68,1.64,1.11,1.11,1.16,1.77,1.29,1.37,1.27,1.24,1.45,1.62,1.76
手段,手段,shǒuduàn,device,Na,Noun,0.85,0.55,0.15,0.1,0.35,2.9,0.5,1.2,0.55,0.55,0.7,1.31,0.97,0.48,0.3,0.73,1.92,0.97,1.63,0.8,0.86,1.0,1.86,2.01
记者,記者,jìzhě,reporter,Na,Noun,2.75,2.35,0.15,0.5,1.05,1.9,0.9,1.6,1.95,1.6,1.35,1.76,1.96,0.48,1.24,1.56,1.81,1.26,1.53,1.91,1.66,1.68,2.71,2.12
镜头,鏡頭,jìngtóu,lens,Na,Noun,3.75,0.55,0.05,0.05,1.2,0.65,0.7,1.65,0.45,1.25,1.55,1.73,1.12,0.22,0.22,1.66,0.91,1.42,1.77,0.8,1.61,1.88,1.24,1.74
中弹,中彈,zhòngdàn,bomb,VH,Adjective,3.3,2.8,0.15,1.25,2.3,2.85,1.4,1.6,1.1,1.55,1.9,2.03,1.96,0.48,1.79,1.93,1.88,1.74,1.69,1.7,1.75,1.7,3.29,1.96
执行,執行,zhíxíng,implement,VC,Verb,2.1,1.15,0.3,0.3,0.75,1.5,1.3,1.5,1.15,1.1,1.35,1.97,1.59,1.1,1.1,1.3,1.8,1.82,1.86,1.49,1.51,1.68,2.71,2.03
笑容,笑容,xiàoróng,smile,Na,Noun,4.1,1.85,0.15,0.35,0.6,2.2,0.2,0.25,2.35,2.05,0.6,1.41,2.01,0.36,0.79,0.92,1.91,0.51,0.54,1.98,1.75,1.2,3.76,1.97
甘,甘,gān,sweet,A,Adjective,0.8,0.25,4.05,1.7,0.6,1.7,0.25,0.4,2.15,0.55,0.25,1.36,0.89,1.32,1.87,1.02,1.73,0.54,0.73,1.93,1.02,0.54,0.67,1.21
齐,齊,qí,neat,A,Adjective,3.5,1.85,0.15,0.25,1.1,2.7,2.0,1.8,0.95,1.45,1.65,1.57,1.85,0.36,0.54,1.26,1.76,1.79,1.6,1.16,1.5,1.65,0.95,1.25
编辑,編輯,biānjí,edit,VC,Verb,3.3,1.55,0.25,0.25,0.8,1.35,0.45,2.55,1.05,0.9,1.1,1.35,1.6,0.7,0.7,0.93,1.46,0.67,1.88,1.36,0.99,1.34,2.19,1.87
水晶,水晶,shuǐjīng,crystal,Na,Noun,4.5,0.8,0.4,0.4,2.95,1.7,0.3,1.05,0.35,0.75,0.45,0.59,1.57,0.92,0.97,1.83,1.71,0.78,1.4,0.79,1.34,0.86,0.67,1.17
赋予,賦予,fùyǔ,give,VD,Verb,1.6,1.1,0.25,0.2,0.7,2.8,0.65,1.9,1.0,0.75,1.1,1.43,1.34,0.54,0.51,1.14,1.81,1.11,1.67,1.52,1.18,1.58,1.48,1.74
音乐,音樂,yīnyuè,music,Na,Noun,1.05,5.0,0.25,0.15,0.3,2.6,1.0,1.35,2.35,1.6,1.3,1.24,0.0,0.62,0.36,0.78,1.71,1.34,1.46,1.77,1.28,1.23,1.81,1.99
灵感,靈感,línggǎn,inspiration,Na,Noun,1.45,1.1,0.35,0.2,0.45,3.7,0.4,0.95,0.7,0.8,0.45,1.47,1.34,0.73,0.4,0.74,1.65,0.73,1.32,1.05,1.25,0.97,2.43,2.28
倡导,倡導,chàngdǎo,advocate,VE,Verb,1.9,2.6,0.15,0.05,0.45,2.3,0.7,1.45,2.15,1.3,1.1,1.58,1.69,0.48,0.22,1.16,1.68,1.0,1.56,2.03,1.45,1.37,2.48,2.13
学,學,xué,study,VC,Verb,3.25,3.0,0.4,0.45,1.2,2.75,1.2,2.1,1.85,1.8,1.55,1.55,1.67,1.11,1.12,1.47,1.58,1.44,1.61,1.68,1.47,1.5,2.95,2.08
怨恨,怨恨,yuànhèn,resentment,VJ,Verb,2.15,1.75,0.45,0.2,0.7,4.2,0.85,1.1,1.5,1.2,1.05,1.49,1.55,1.36,0.87,1.31,1.29,1.42,1.67,1.75,1.44,1.66,2.62,2.21
坏,壞,huài,bad,VHC,Verb,2.4,1.4,1.3,1.0,0.7,3.65,0.6,0.75,1.25,0.85,0.85,1.66,1.62,1.49,1.3,1.1,1.77,1.11,1.22,1.55,1.24,1.19,1.38,1.99
误会,誤會,wùhuì,misunderstand,Na,Noun,1.6,2.3,0.05,0.05,0.2,3.65,0.5,0.7,1.4,0.75,0.75,1.5,1.76,0.22,0.22,0.68,1.53,0.87,1.05,1.77,0.99,1.09,2.33,2.19
软绵绵,軟綿綿,ruǎnmiánmián,soft,A,Adjective,3.4,1.4,0.85,0.35,4.45,2.25,0.9,2.5,1.3,1.15,1.5,1.62,1.69,1.49,0.91,1.12,1.7,1.34,1.77,1.58,1.39,1.47,1.38,1.59
南韩,南韓,nánhán,republic_of_korea,Nc,Noun,2.95,2.35,1.25,0.8,0.6,1.85,0.45,0.7,0.65,0.7,0.65,1.91,1.82,1.51,1.36,1.24,1.53,0.74,0.95,1.01,0.95,0.96,0.62,1.17
将,將,jiāng,shall,D,Adverb,1.85,0.45,0.05,0.0,0.35,2.0,0.4,0.9,0.8,0.75,0.55,1.74,0.86,0.22,0.0,0.79,1.82,0.97,1.45,1.36,1.13,1.02,0.57,1.05
提供,提供,tígōng,supply,VD,Verb,2.05,1.2,0.3,0.15,0.55,2.35,0.55,1.85,1.0,0.85,0.8,1.63,1.44,0.95,0.48,0.86,1.68,0.86,1.8,1.34,1.15,1.17,2.05,1.94
期待,期待,qīdài,look forward to,VK,Verb,1.75,1.25,0.15,0.1,0.6,3.7,0.6,0.95,0.95,1.25,0.8,1.61,1.58,0.36,0.3,1.11,1.35,0.8,1.16,1.2,1.26,1.12,2.48,2.15
牢房,牢房,láofáng,cell,Nc,Noun,4.15,1.9,0.65,1.5,2.1,3.0,1.55,1.65,0.95,1.25,1.65,1.24,1.76,1.24,1.6,1.67,1.52,1.32,1.42,1.16,1.37,1.46,1.52,1.76
媒体,媒體,méitǐ,medium,Na,Noun,3.65,3.45,0.0,0.05,0.55,1.9,0.6,0.8,1.1,1.2,0.55,1.56,1.66,0.0,0.22,0.8,1.37,1.02,1.08,1.51,1.25,0.8,1.05,1.36
如意,如意,rúyì,as one wishes,VH,Adjective,1.75,1.05,0.0,0.05,0.75,3.85,0.5,0.65,0.65,0.5,0.55,1.64,1.4,0.0,0.22,1.18,1.42,0.87,0.96,0.96,0.87,0.92,1.38,1.91
适宜,適宜,shìyí,suitable,VH,Adjective,1.5,1.05,0.5,0.45,1.45,3.8,0.6,0.8,0.7,0.75,0.7,1.66,1.6,1.16,1.12,1.66,1.25,0.86,1.03,1.0,0.99,1.05,1.29,1.64
素质,素質,sùzhì,quality,Na,Noun,2.25,1.45,0.65,0.5,1.0,3.3,0.55,0.85,0.75,0.9,1.0,1.79,1.83,1.59,1.28,1.58,1.52,0.86,1.28,1.22,1.3,1.22,1.86,1.96
胸口,胸口,xiōngkǒu,chest,Nc,Noun,3.3,0.35,0.0,0.05,2.0,1.55,0.6,1.15,0.55,1.15,1.9,1.65,0.91,0.0,0.22,1.34,1.47,1.02,1.24,0.92,1.19,1.61,3.81,2.15
涩,澀,sè,astringent,A,Adjective,0.85,0.3,3.45,1.55,1.4,2.5,0.25,0.55,2.0,0.6,0.4,1.31,0.78,1.94,1.86,1.74,1.57,0.54,1.16,1.95,0.97,0.8,1.86,1.86
额头,額頭,étóu,forehead,Na,Noun,3.55,0.1,0.05,0.1,2.05,1.0,0.3,0.75,0.25,2.35,0.75,1.66,0.3,0.22,0.44,1.63,1.05,0.71,1.04,0.54,1.62,1.09,4.14,2.05
相信,相信,xiāngxìn,believe,VK,Verb,1.2,1.55,0.1,0.1,0.35,3.9,0.3,0.55,1.1,0.7,0.5,1.44,1.69,0.3,0.3,0.57,1.55,0.64,0.86,1.3,1.0,0.87,2.24,2.24
日期,日期,rìqī,date,Na,Noun,2.4,1.2,0.0,0.0,0.0,1.95,0.2,0.45,0.35,0.4,0.25,1.96,1.69,0.0,0.0,0.0,1.56,0.51,0.92,0.79,0.92,0.7,0.95,1.59
看法,看法,kànfǎ,view,Na,Noun,1.05,1.8,0.0,0.0,0.1,3.35,0.3,0.5,1.6,0.85,0.5,1.16,1.81,0.0,0.0,0.3,1.31,0.64,0.81,1.74,1.19,0.87,1.81,1.99
火葬,火葬,huǒzàng,cremation,VC,Verb,4.0,2.2,1.0,2.55,1.25,3.4,1.0,1.2,0.85,1.25,1.4,1.58,1.86,1.7,1.88,1.55,1.74,1.52,1.57,1.24,1.61,1.59,1.81,1.99
透露,透露,tòulù,declare,VE,Verb,1.05,2.55,0.2,0.15,0.35,2.3,0.3,0.6,2.2,0.75,0.7,1.12,2.09,0.68,0.48,0.57,1.35,0.56,0.8,1.99,1.13,0.95,1.62,1.86
对话,對話,duìhuà,dialogue,Na,Noun,1.75,4.2,0.05,0.05,0.3,1.95,0.55,1.0,3.45,1.9,1.2,1.37,1.4,0.22,0.22,0.56,1.43,1.12,1.14,1.63,1.76,1.4,3.19,1.99
键盘,鍵盤,jiànpán,keyboard,Na,Noun,3.65,2.8,0.0,0.05,4.55,1.1,0.1,3.9,0.25,0.6,1.0,1.62,1.91,0.0,0.22,0.74,1.48,0.3,1.64,0.54,0.86,1.26,1.86,1.93
配乐,配樂,pèiyuè,soundtrack,Na,Noun,0.95,4.65,0.05,0.05,0.25,2.0,0.55,1.5,0.7,0.6,0.6,1.16,0.79,0.22,0.22,0.54,1.55,1.07,1.69,1.14,0.86,0.86,1.71,2.03
民众,民眾,mínzhòng,public,Na,Noun,4.05,3.1,0.3,0.7,0.9,1.7,0.95,0.85,1.0,0.85,0.9,1.2,1.7,1.1,1.38,1.09,1.45,1.12,1.15,1.26,1.01,1.09,2.05,1.81
空军,空軍,kōngjūn,air force,Nc,Noun,4.2,2.6,0.0,0.0,0.15,1.45,1.1,1.35,0.9,1.3,1.35,0.98,1.88,0.0,0.0,0.36,1.6,1.45,1.49,1.22,1.52,1.39,2.38,1.81
趋势,趨勢,qūshì,trend,Na,Noun,2.6,0.6,0.1,0.1,0.1,2.3,0.2,0.45,0.3,0.2,0.35,1.74,1.36,0.3,0.3,0.3,1.58,0.68,0.86,0.64,0.51,0.73,0.86,1.52
样子,樣子,yàngzi,appearance,Na,Noun,4.4,0.5,0.15,0.2,1.15,1.8,0.4,0.3,0.35,1.3,0.65,1.24,0.92,0.48,0.51,1.53,1.54,0.73,0.64,0.73,1.55,1.01,2.24,2.16
陵园,陵園,língyuán,cemetery,Na,Noun,4.25,0.85,0.05,0.5,0.7,2.0,1.2,0.65,0.25,0.6,0.85,1.13,1.15,0.22,0.92,1.14,1.73,1.33,1.15,0.54,1.07,1.19,1.33,1.67
茶花,茶花,cháhuā,camellia,Na,Noun,4.25,0.05,1.3,4.0,2.35,1.35,0.15,0.95,0.65,0.35,0.35,1.09,0.22,1.73,1.3,1.56,1.31,0.36,1.36,1.19,0.57,0.65,0.62,1.09
温馨,溫馨,wēnxīn,cozy/ warm,A,Adjective,2.65,1.65,0.15,0.55,1.0,3.9,0.4,0.85,0.75,0.65,0.85,1.71,1.62,0.48,0.97,1.22,1.3,0.73,1.15,0.99,0.96,1.01,1.71,1.91
胸部,胸部,xiōngbù,chest,Nc,Noun,4.15,0.05,0.1,0.25,3.35,1.55,0.3,1.25,0.75,0.95,1.5,1.42,0.22,0.3,0.43,1.59,1.69,0.78,1.44,1.3,1.43,1.53,4.05,2.26
冰,冰,bīng,icy,A,Adjective,3.75,0.6,1.8,0.7,4.25,2.1,0.85,1.5,1.45,0.7,0.85,1.73,1.2,1.54,1.05,0.89,1.55,1.39,1.77,1.8,1.31,1.31,1.0,1.69
问号,問號,wènhào,question mark,Na,Noun,2.95,0.5,0.15,0.15,0.2,2.5,0.2,0.35,0.75,0.55,0.35,1.94,0.92,0.48,0.48,0.68,1.75,0.51,0.79,1.37,0.97,0.85,0.57,1.05
醇净,醇淨,chúnjìng,pure,A,Adjective,3.25,0.6,2.4,1.9,0.9,2.85,0.1,0.15,1.4,0.2,0.15,1.61,1.39,2.18,1.87,1.55,1.53,0.44,0.48,1.93,0.51,0.48,1.05,1.59
满,滿,mǎn,full,A,Adjective,4.1,0.75,0.45,0.5,1.6,2.55,0.1,0.3,0.4,0.15,0.2,1.34,1.3,1.2,1.28,1.77,1.56,0.3,0.56,0.8,0.36,0.4,1.0,1.48
完工,完工,wángōng,complete,VB,Verb,3.55,0.85,0.1,0.1,0.75,3.05,1.1,1.2,0.9,0.8,1.05,1.75,1.35,0.3,0.3,1.09,1.91,1.55,1.47,1.22,1.25,1.24,2.19,1.94
耻辱,恥辱,chǐrǔ,shame,Na,Noun,3.8,2.8,0.1,0.2,4.6,1.15,0.15,4.35,0.4,1.15,1.15,1.44,2.01,0.3,0.68,0.8,1.24,0.36,1.06,0.66,1.35,1.11,2.38,2.26
进,進,jìn,enter,VCL,Verb,0.75,4.65,0.05,0.05,0.45,2.45,0.65,1.35,1.3,1.2,1.4,0.99,0.65,0.22,0.22,0.67,1.66,1.01,1.42,1.68,1.36,1.32,1.9,1.69
正式,正式,zhèngshì,formal,VH,Adjective,3.75,2.8,0.3,0.65,1.15,1.85,0.85,0.9,0.8,0.85,1.0,1.58,1.63,0.71,1.19,1.42,1.53,1.06,1.04,1.03,1.01,1.05,0.71,1.24
旺,旺,wàng,flourishing,A,Adjective,3.7,2.7,0.05,0.15,0.45,1.4,1.05,1.05,1.1,1.25,1.2,1.58,2.08,0.22,0.48,0.86,1.2,1.56,1.56,1.48,1.61,1.4,0.76,1.02
使,使,shǐ,make,VL,Verb,2.5,0.75,0.2,0.2,0.25,2.85,0.35,0.45,0.35,0.4,0.4,1.8,1.34,0.51,0.51,0.7,1.24,0.79,0.86,0.79,0.66,0.8,1.29,1.42
着迷,着迷,zháomí,fascinates,Verb,Verb,4.1,0.6,0.1,0.25,1.3,1.85,0.45,0.4,0.5,1.1,0.45,1.18,1.36,0.3,0.43,1.52,1.42,0.8,0.73,0.74,1.34,0.59,2.43,1.94
开发,開發,kāifā,development,VC,Verb,4.15,1.0,0.3,0.65,0.7,2.4,1.1,0.85,0.8,0.85,0.9,1.11,1.55,0.78,1.06,1.0,1.56,1.22,1.19,1.17,1.24,1.26,1.81,1.68
把握,把握,bǎwò,grasp,VC,Verb,4.3,0.4,1.2,3.85,2.05,1.6,0.25,1.1,0.75,0.6,0.45,1.05,0.8,1.6,1.15,1.43,1.36,0.62,1.3,1.26,0.92,0.74,2.05,1.84
过,過,guò,pass,VCL,Verb,3.0,1.7,0.45,0.65,1.45,4.3,0.55,0.95,0.85,0.8,0.85,1.79,1.58,0.97,1.11,1.5,0.84,1.02,1.32,1.01,1.17,1.15,1.52,1.82
正常,正常,zhèngcháng,normal,VH,Adjective,3.75,0.15,0.1,0.4,2.55,1.45,0.3,1.3,0.6,0.95,1.35,1.41,0.48,0.44,0.97,1.83,1.43,0.64,1.58,1.2,1.43,1.42,0.67,1.08
圆润,圓潤,yuánrùn,rounded,A,Adjective,3.85,0.8,1.6,0.85,4.2,2.0,0.75,1.7,1.45,1.05,0.95,1.42,1.17,1.69,1.46,1.08,1.67,1.37,1.76,1.56,1.5,1.56,2.9,1.92
使得,使得,shǐde,make,VL,Verb,2.95,0.95,0.25,0.3,0.25,2.55,0.3,0.65,0.8,0.55,0.45,1.86,1.5,0.7,0.78,0.62,1.6,0.78,1.19,1.36,0.97,0.86,1.43,1.73
日出,日出,rìchū,sunrise,VA,Verb,2.6,0.65,2.55,2.0,1.05,3.05,0.2,0.2,1.1,0.3,0.25,1.59,1.15,1.94,1.7,1.28,1.72,0.51,0.51,1.64,0.64,0.62,0.62,1.33
区域,區域,qūyù,region,Na,Noun,3.8,1.0,0.55,0.5,1.35,2.5,0.25,0.55,0.5,0.35,0.35,1.5,1.38,1.16,1.07,1.42,1.77,0.7,0.92,1.07,0.65,0.73,0.29,0.88
死刑,死刑,sǐxíng,death penalty,Na,Noun,3.1,1.05,0.2,0.25,0.9,3.3,1.15,1.35,1.15,0.95,1.25,1.87,1.53,0.51,0.62,1.34,1.35,1.53,1.53,1.56,1.36,1.55,2.57,2.11
事物,事物,shìwù,thing,Na,Noun,3.35,1.8,1.1,1.15,2.05,2.1,0.9,1.05,0.95,0.85,0.9,1.98,1.81,1.61,1.68,1.83,1.7,1.55,1.5,1.53,1.46,1.41,0.57,1.0
容颜,容顏,róngyán,appearance,Na,Noun,4.2,0.35,0.1,0.55,1.85,2.8,0.25,0.85,0.55,1.0,0.5,1.36,0.65,0.44,1.12,1.62,1.63,0.62,1.01,0.92,1.34,0.74,3.48,2.08
烫,燙,tàng,scalding,A,Adjective,1.55,0.75,0.45,0.75,4.15,3.3,0.5,1.8,1.45,0.85,0.85,1.53,1.26,0.74,0.89,1.46,1.62,1.2,1.69,1.63,1.24,1.31,2.19,2.13
艳丽,豔麗,yànlì,gorgeous,VH,Adjective,4.25,0.85,0.25,0.7,1.05,2.95,0.45,0.65,0.55,0.65,0.5,1.3,1.42,0.54,1.0,1.24,1.6,0.86,1.01,0.92,1.01,0.87,2.48,2.15
浓厚,濃厚,nónghòu,dense,A,Adjective,2.45,0.8,1.4,0.9,1.25,2.5,0.25,0.4,0.7,0.45,0.3,2.06,1.21,1.66,1.14,1.44,1.8,0.62,0.86,1.23,0.97,0.64,1.71,1.78
灵性,靈性,língxìng,spirituality,Na,Noun,1.95,1.1,0.2,0.3,0.5,3.6,0.4,0.45,0.4,0.35,0.45,1.77,1.37,0.51,0.71,1.02,1.43,0.92,0.92,0.8,0.73,0.8,2.14,1.98
有趣,有趣,yǒuqù,interesting,VH,Adjective,2.35,2.2,0.6,0.5,0.95,3.4,0.45,0.8,1.0,0.8,0.65,1.74,1.78,0.86,0.87,1.16,1.66,0.74,1.08,1.22,1.08,0.79,1.67,2.08
太,太,tài,bloody,Dfa,Adverb,1.0,0.55,0.45,0.45,0.65,2.4,0.4,0.4,0.45,0.25,0.3,1.45,0.86,0.74,0.74,1.15,2.08,0.92,0.92,0.86,0.62,0.64,0.81,1.26
鸿沟,鴻溝,hónggōu,wide gap,Na,Noun,2.8,0.85,0.1,0.25,1.0,2.7,0.5,0.6,0.35,0.35,0.45,1.81,1.46,0.3,0.54,1.41,1.76,0.74,0.92,0.65,0.65,0.8,0.62,1.13
共有,共有,gòngyǒu,share,VJ,Verb,2.05,0.85,0.25,0.2,0.65,2.7,0.3,0.55,0.5,0.2,0.3,1.63,1.31,0.62,0.51,1.19,1.76,0.78,0.92,0.87,0.51,0.64,1.0,1.51
蛋糕,蛋糕,dàngāo,cake,Na,Noun,4.0,0.25,4.45,2.5,2.2,2.2,0.25,1.45,2.8,1.5,0.7,1.0,0.43,0.8,1.47,1.33,1.44,0.62,1.43,1.63,1.4,0.78,1.67,2.01
违规,違規,wéiguī,violate the rules,VA,Verb,2.65,1.2,0.15,0.15,0.65,3.05,0.75,0.9,0.85,0.7,0.75,1.71,1.36,0.36,0.36,1.01,1.56,1.09,1.09,0.96,0.78,0.77,2.05,1.81
交谈,交談,jiāotán,talk,VA,Verb,2.5,3.8,0.1,0.25,0.45,1.85,0.4,1.0,3.1,2.0,1.35,1.83,1.78,0.3,0.43,0.86,1.56,0.58,1.26,1.87,1.55,1.06,2.95,2.06
穿,穿,chuān,wear,VC,Verb,3.3,0.45,0.05,0.2,2.0,1.45,2.1,2.45,0.75,1.95,2.15,1.79,0.92,0.22,0.51,1.97,1.43,1.37,1.69,1.22,1.36,1.42,3.52,1.92
走路,走路,zǒulù,walk,VA,Verb,3.35,1.85,0.05,0.45,1.7,1.65,3.95,3.05,0.9,1.85,3.05,2.01,1.56,0.22,0.67,1.65,1.56,1.77,1.8,1.3,1.59,1.86,4.14,1.61
含义,含義,hányì,meaning,Na,Noun,1.4,1.1,0.2,0.15,0.2,3.25,0.25,0.45,0.65,0.45,0.25,1.5,1.3,0.51,0.36,0.51,1.67,0.54,1.02,1.15,0.86,0.54,0.86,1.46
范围,範圍,fànwéi,range,Na,Noun,3.45,1.55,0.6,0.6,1.0,2.25,0.5,0.5,0.5,0.4,0.4,1.36,1.72,1.28,1.28,1.34,1.64,0.87,0.87,0.97,0.8,0.73,0.62,1.05
谣言,謠言,yáoyán,rumor,Na,Noun,1.0,4.4,0.1,0.05,0.1,3.1,0.3,0.35,2.0,0.75,0.35,1.22,0.73,0.3,0.22,0.3,1.34,0.64,0.65,1.95,0.89,0.65,1.9,1.57
小人,小人,xiǎorén,villain,Na,Noun,3.05,2.4,0.05,0.15,0.45,3.6,0.4,0.55,1.35,0.55,0.5,1.5,1.8,0.22,0.48,0.67,1.5,0.8,0.8,1.59,0.97,0.74,2.0,2.14
潜能,潛能,qiánnéng,potential,Na,Noun,1.85,1.15,0.45,0.45,0.45,3.75,0.65,0.7,0.75,0.7,0.85,1.56,1.46,0.97,0.97,0.86,1.22,1.01,1.1,1.09,1.1,1.01,1.9,1.92
奖状,獎狀,jiǎngzhuàng,award,Na,Noun,4.25,1.25,0.1,0.1,1.85,2.95,0.5,1.45,1.1,0.85,0.65,0.77,1.3,0.3,0.3,1.42,1.69,0.87,1.6,1.58,1.28,1.06,1.9,2.0
花样,花樣,huāyàng,patterns,Na,Noun,3.7,1.4,0.55,0.75,1.25,2.75,1.0,1.4,1.0,1.15,1.1,1.35,1.62,1.16,1.37,1.61,1.58,1.3,1.66,1.45,1.39,1.26,1.29,1.75
骗子,騙子,piànzi,fraud,Na,Noun,3.1,3.2,0.1,0.25,0.8,3.75,1.05,1.15,2.1,1.15,0.95,1.58,1.6,0.3,0.7,1.25,1.34,1.28,1.49,1.89,1.31,1.16,2.29,1.88
留学,留學,liúxué,study abroad,VA,Verb,2.85,2.2,0.5,0.65,0.9,2.95,2.1,2.1,1.95,1.5,1.95,1.8,1.81,1.16,1.39,1.34,1.69,1.84,1.89,1.91,1.6,1.66,2.71,2.19
日落,日落,rìluò,sunset,VA,Verb,4.75,0.6,0.2,0.5,0.2,3.0,0.7,0.8,0.6,2.2,1.05,0.54,0.8,0.51,0.81,0.51,1.52,1.0,1.17,0.92,1.91,1.24,0.9,1.57
约会,約會,yuēhuì,dating,VB,Verb,3.6,3.05,1.05,1.2,2.3,3.5,1.8,1.95,2.3,2.0,2.1,1.36,1.72,1.63,1.6,1.93,1.66,1.36,1.4,1.55,1.48,1.22,3.67,2.03
寺院,寺院,sìyuàn,temple,Nc,Noun,4.4,2.5,0.45,1.65,1.45,2.5,1.35,1.45,1.2,1.6,1.4,0.73,1.6,0.97,1.42,1.43,1.5,1.39,1.53,1.54,1.77,1.39,1.38,1.76
迷惘,迷惘,míwǎng,perplexed,VH,Adjective,2.05,1.25,0.2,0.35,0.45,4.1,0.35,0.55,0.75,0.55,0.6,1.4,1.34,0.51,0.79,0.74,1.14,0.65,0.92,1.18,0.8,0.8,2.05,1.91
加上,加上,jiāshàng,add,VC,Verb,2.25,0.85,0.45,0.35,0.8,2.05,0.4,1.05,0.85,0.5,0.35,1.61,1.01,0.74,0.73,1.03,1.88,0.92,1.2,1.28,0.87,0.73,0.67,0.89
称为,稱為,chēngwéi,called,VG,Verb,1.05,2.95,0.3,0.25,0.4,1.9,0.3,0.3,1.8,0.25,0.3,1.2,1.91,0.64,0.62,0.86,1.76,0.71,0.64,1.81,0.62,0.64,1.57,1.99
时候,時候,shíhòu,day,Na,Noun,1.3,0.75,0.15,0.1,0.2,2.55,0.75,0.75,0.65,0.65,0.7,1.58,1.13,0.36,0.3,0.51,1.47,1.3,1.3,1.28,1.28,1.31,0.52,1.18
锐气,銳氣,ruìqì,spirit,Na,Noun,2.15,0.9,0.1,0.15,0.4,3.6,0.75,0.85,0.7,0.7,0.8,1.82,1.41,0.3,0.36,0.8,1.28,1.22,1.24,1.1,1.0,1.25,1.48,1.82
描述,描述,miáoshù,description,VC,Verb,2.05,3.0,0.2,0.1,0.5,2.15,0.45,0.9,3.25,1.15,0.7,1.72,1.64,0.4,0.3,0.81,1.77,0.74,1.04,1.84,1.15,1.0,2.24,2.09
意思,意思,yìsi,meaning,Na,Noun,1.05,1.85,0.15,0.1,0.35,2.45,0.3,0.35,1.35,0.35,0.35,1.43,1.88,0.36,0.3,0.79,1.75,0.64,0.65,1.77,0.65,0.65,1.24,1.92
野心,野心,yěxīn,wild ambition,Na,Noun,1.75,0.75,0.2,0.25,0.4,4.25,1.15,1.15,1.2,0.85,0.95,1.95,1.26,0.51,0.7,0.92,1.04,1.49,1.49,1.66,1.31,1.36,1.86,1.86
上班,上班,shàngbān,work,VA,Verb,3.3,2.1,0.45,0.25,0.85,2.9,3.05,2.7,2.25,2.3,2.95,1.82,2.0,1.12,0.54,1.42,1.61,1.66,1.71,1.92,1.68,1.5,3.24,2.2
合理,合理,hélǐ,reasonable,VH,Adjective,1.5,1.45,0.35,0.25,0.45,3.55,0.45,0.5,0.9,0.45,0.4,1.53,1.77,0.65,0.62,0.86,1.69,0.86,0.87,1.34,0.74,0.73,0.81,1.5
达成,達成,dáchéng,reach,VC,Verb,1.95,1.45,0.05,0.05,0.6,2.5,1.15,1.1,1.0,0.95,0.9,1.72,1.69,0.22,0.22,1.07,1.8,1.53,1.45,1.38,1.43,1.3,1.33,1.52
风俗,風俗,fēngsú,custom,Na,Noun,2.7,2.05,0.95,0.85,1.1,2.8,1.25,1.45,1.1,1.1,1.1,1.82,1.72,1.6,1.53,1.7,1.72,1.61,1.69,1.51,1.37,1.34,1.29,1.64
商品,商品,shāngpǐn,ware,Na,Noun,3.95,1.55,1.05,0.85,1.75,1.85,0.9,1.4,1.1,1.05,0.9,1.53,1.75,1.53,1.46,1.55,1.77,1.55,1.53,1.51,1.5,1.45,0.9,1.51
和局,和局,héjú,draw (in a game),Na,Noun,2.65,1.0,0.05,0.1,0.3,2.9,0.9,1.0,0.75,0.9,0.9,1.65,1.26,0.22,0.3,0.56,1.61,1.22,1.26,1.22,1.14,1.14,0.9,1.44
历历,歷歷,lìlì,clear,A,Adjective,2.85,0.85,0.1,0.1,0.75,2.15,0.6,0.65,0.6,0.8,0.6,1.9,1.11,0.3,0.3,1.51,1.9,1.07,1.15,1.07,1.29,1.07,0.86,1.49
旅客,旅客,lǚkè,wayfarer,Na,Noun,4.05,2.35,0.45,0.6,1.0,2.05,2.0,1.8,1.7,1.55,0.95,1.5,1.71,1.16,1.28,1.34,1.63,1.9,1.86,2.05,1.83,1.5,2.43,1.87
台,臺,tái,plinth,Nc,Noun,2.85,0.65,0.1,0.25,1.45,1.1,0.5,0.85,0.35,0.75,0.55,1.82,1.06,0.3,0.54,1.77,1.61,1.02,1.31,0.65,1.09,1.02,0.76,1.44
花瓶,花瓶,huāpíng,vase,Na,Noun,4.5,0.5,0.1,0.6,2.45,1.85,0.3,1.85,0.35,0.5,0.45,0.81,0.97,0.44,1.36,1.96,1.56,0.78,1.56,0.79,1.02,0.86,1.0,1.54
残骸,殘骸,cánhái,wreckage,Na,Noun,4.25,0.8,0.2,1.35,1.65,2.9,0.7,0.8,0.6,1.15,0.95,1.04,0.93,0.51,1.39,1.65,1.64,1.0,1.12,1.07,1.39,1.32,2.38,1.81
茫然,茫然,mángrán,be at a loss,VH,Adjective,2.25,0.95,0.2,0.55,0.7,3.8,0.45,0.6,0.35,0.65,0.55,1.79,1.53,0.51,0.97,1.14,1.47,0.67,1.02,0.65,0.85,1.02,1.67,2.05
歌迷,歌迷,gēmí,fans,Na,Noun,3.5,3.9,0.1,0.25,0.55,2.75,1.8,2.25,2.3,2.0,1.7,1.66,1.3,0.3,0.54,0.8,1.87,1.83,1.81,1.95,1.97,1.65,2.57,2.13
雅兴,雅興,yǎxìng,refined interest,Na,Noun,2.45,1.7,0.85,0.8,1.1,3.6,0.55,1.0,0.95,0.85,0.75,1.91,1.9,1.42,1.4,1.48,1.5,0.97,1.38,1.5,1.19,1.22,1.9,2.02
倒塌,倒塌,dǎotā,collapse,VA,Verb,4.0,3.15,0.1,0.75,1.55,2.85,1.05,1.15,0.95,1.2,0.95,1.41,1.88,0.44,0.99,1.6,1.59,1.56,1.49,1.32,1.4,1.32,1.38,1.62
事件,事件,shìjiàn,incidental,Na,Noun,2.9,2.2,0.1,0.25,0.9,2.2,0.65,0.9,1.0,0.8,0.85,1.95,1.86,0.3,0.54,1.34,1.81,1.15,1.41,1.41,1.25,1.35,0.86,1.49
茴香,茴香,huíxiāng,fennel,Na,Noun,2.6,0.05,3.8,3.55,1.35,1.7,0.2,0.9,2.15,0.75,0.55,1.71,0.22,1.78,1.32,1.42,1.58,0.4,1.3,1.62,1.22,0.86,0.86,1.58
凸,凸,tū,protruding,A,Adjective,3.6,0.15,0.15,0.1,2.6,1.55,0.45,1.35,0.5,0.65,0.5,1.62,0.36,0.48,0.3,1.91,1.69,1.02,1.74,0.92,1.06,1.02,1.33,1.52
举办,舉辦,jǔbàn,hold,VC,Verb,2.55,1.85,0.3,0.25,1.05,1.85,1.15,1.55,1.15,1.05,1.2,1.91,1.68,0.46,0.43,1.53,1.74,1.56,1.66,1.49,1.36,1.4,2.24,2.0
腐朽,腐朽,fǔxiǔ,decay,VH,Adjective,3.15,0.75,1.25,2.35,1.4,3.15,0.35,0.55,0.6,0.5,0.65,1.74,1.26,1.76,1.9,1.53,1.98,0.79,1.12,1.2,0.81,1.24,1.1,1.41
默契,默契,mòqì,tacit understanding,Na,Noun,1.95,0.95,0.15,0.2,0.5,3.75,0.7,0.9,1.0,1.15,0.8,1.63,1.24,0.36,0.4,1.02,1.67,1.05,1.18,1.3,1.46,0.93,1.62,1.76
假想,假想,jiǎxiǎng,imaginary,VE,Verb,1.4,1.05,0.2,0.15,0.35,3.1,0.35,0.35,0.65,0.55,0.4,1.5,1.32,0.4,0.36,0.65,1.67,0.65,0.79,1.19,0.86,0.66,1.81,2.22
滚滚,滾滾,gǔngǔn,billowing,A,Adjective,3.3,2.25,0.4,0.45,1.7,1.9,1.3,1.2,0.55,0.9,1.1,1.58,1.7,0.66,0.86,1.87,1.64,1.87,1.69,0.8,1.3,1.48,0.81,1.26
皇宫,皇宮,huánggōng,palace,Na,Noun,4.35,1.6,0.3,1.05,1.45,3.0,1.3,1.25,1.1,1.75,1.2,1.28,1.74,0.64,1.43,1.5,1.73,1.38,1.34,1.55,1.79,1.5,0.86,1.28
繁荣,繁榮,fánróng,prosperity,VHC,Verb,3.35,2.25,0.95,0.95,0.95,4.1,0.9,0.8,0.95,1.0,0.85,1.93,1.67,1.5,1.5,1.43,1.34,1.51,1.36,1.53,1.48,1.39,1.0,1.6
服务,服務,fúwù,serve,VC,Verb,3.3,2.2,0.95,0.8,1.3,3.3,1.95,2.05,1.65,1.9,2.25,1.42,1.5,1.2,1.08,1.42,1.49,1.47,1.32,1.42,1.48,1.48,2.33,2.05
则,則,zé,thence,D,Adverb,0.75,0.4,0.2,0.1,0.2,1.2,0.15,0.25,0.25,0.2,0.3,1.41,0.92,0.4,0.3,0.4,1.78,0.36,0.62,0.62,0.51,0.78,0.43,0.9
队伍,隊伍,duìwǔ,procession,Na,Noun,3.75,1.6,0.2,0.15,0.4,2.0,2.25,1.85,1.1,0.95,1.6,1.22,1.36,0.4,0.36,0.66,1.7,1.51,1.49,1.26,1.16,1.39,1.71,1.83
胭脂,胭脂,yānzhī,rouge,Na,Noun,3.8,0.55,0.35,1.5,2.05,1.7,0.55,1.55,0.6,1.15,0.55,1.17,1.24,0.65,1.47,1.32,1.52,0.97,1.2,1.11,1.31,0.92,2.1,1.92
福分,福分,fúfēn,blessing,Na,Noun,1.35,1.3,0.5,0.4,0.6,3.6,0.5,0.45,0.45,0.6,0.5,1.46,1.65,1.07,0.97,1.16,1.36,1.07,1.07,0.92,0.86,0.87,1.67,1.75
心计,心計,xīnjì,scheming,Na,Noun,1.4,1.35,0.4,0.25,0.35,4.0,0.3,0.4,0.65,0.6,0.3,1.66,1.85,0.92,0.54,0.57,1.05,0.64,0.66,0.91,0.92,0.64,2.1,2.24
会,會,huì,can,D,Adverb,1.5,1.4,0.35,0.55,0.5,2.75,0.85,0.75,0.8,0.5,0.6,1.69,1.66,0.73,1.2,1.07,1.67,1.19,0.99,1.12,0.81,0.92,1.33,1.83
微笑,微笑,wēixiào,smile,VA,Verb,4.25,1.75,0.65,0.4,0.65,3.55,0.45,0.5,2.25,1.85,0.65,1.04,1.89,1.11,0.8,0.96,1.47,0.92,1.12,2.0,1.62,1.19,4.0,1.95
令,令,lìng,make,VL,Verb,1.15,1.3,0.15,0.25,0.45,2.05,0.5,0.6,0.85,0.6,0.55,1.35,1.68,0.48,0.54,1.16,1.77,0.81,0.8,1.11,0.92,0.92,1.05,1.65
开放,開放,kāifàng,open,VC,Verb,2.4,1.35,0.55,0.4,0.95,3.3,0.8,0.75,0.55,0.55,0.5,1.62,1.59,1.02,0.73,1.56,1.38,0.93,0.89,0.74,0.86,0.67,1.48,1.62
忧虑,憂慮,yōulǜ,concern,VK,Verb,2.25,1.3,0.4,0.25,0.5,3.75,0.3,0.35,0.45,0.65,0.5,1.7,1.35,0.73,0.54,0.81,1.44,0.64,0.65,0.74,0.96,0.74,2.38,2.06
奖券,獎券,jiǎngquàn,prize,Na,Noun,3.85,1.3,0.6,0.4,1.65,2.5,0.4,0.8,0.4,0.75,0.6,1.11,1.76,1.11,0.92,1.74,1.75,0.73,0.93,0.8,0.99,1.02,1.24,1.69
最近,最近,zuìjìn,recently,Nd,Noun,1.1,0.9,0.35,0.2,0.3,2.8,0.3,0.3,0.35,0.4,0.4,1.61,1.3,0.91,0.51,0.56,1.72,0.56,0.64,0.65,0.73,0.73,0.52,1.05
情节,情節,qíngjié,plot,Na,Noun,2.4,1.95,0.3,0.25,0.5,2.5,0.4,0.45,0.6,0.5,0.55,1.74,1.63,0.56,0.43,0.92,2.04,0.73,0.8,0.97,0.87,1.07,0.76,1.41
基金,基金,jījīn,fund,Na,Noun,2.3,1.4,0.35,0.15,0.4,2.15,0.35,0.3,0.4,0.4,0.45,1.82,1.8,0.91,0.36,0.8,1.8,0.79,0.64,0.8,0.86,0.86,0.76,1.44
压抑,壓抑,yāyì,depression,VC,Verb,1.7,1.35,0.65,0.8,0.85,4.35,0.8,1.05,0.8,0.7,1.1,1.65,1.62,1.11,1.4,1.19,1.01,1.12,1.24,1.25,1.05,1.37,1.76,1.85
上,上,shàng,superior,VCL,Verb,2.7,0.8,0.2,0.3,0.35,1.95,1.6,1.25,0.6,0.9,1.45,1.52,1.33,0.4,0.56,0.65,1.16,1.36,1.41,0.86,0.99,1.4,1.14,1.49
立法,立法,lìfǎ,legislation,VA,Verb,1.5,1.8,0.2,0.2,0.2,2.2,0.4,0.85,0.9,0.7,0.55,1.47,1.63,0.4,0.4,0.4,1.75,0.66,1.01,0.94,1.05,1.02,1.24,1.48
阻力,阻力,zǔlì,resistance,Na,Noun,2.0,1.0,0.15,0.3,2.35,2.95,1.1,1.2,0.65,0.6,1.0,1.48,1.52,0.36,0.9,1.68,1.28,1.45,1.4,1.01,0.97,1.14,1.29,1.67
儿歌,兒歌,érgē,nursery rhymes,Na,Noun,1.15,4.2,0.2,0.15,0.2,1.95,0.6,0.7,2.4,1.15,0.9,1.39,1.36,0.4,0.36,0.4,1.56,1.11,1.0,2.06,1.39,1.18,1.76,2.0
撞击,撞擊,zhuàngjī,impact,VC,Verb,3.65,3.55,0.45,0.4,2.7,3.0,1.5,1.6,1.05,1.75,2.0,1.31,1.24,1.12,1.11,1.87,1.58,1.47,1.36,1.47,1.48,1.61,2.52,1.94
互动,互動,hùdòng,interactive,VA,Verb,2.9,2.45,0.4,0.2,1.4,2.55,1.0,1.5,1.4,1.3,1.35,1.79,1.86,0.73,0.4,1.36,1.53,0.77,0.97,1.02,1.1,0.91,2.76,2.14
流动,流動,liúdòng,flow,VA,Verb,3.55,2.2,0.5,0.35,1.9,1.85,0.5,0.8,0.4,0.9,0.75,1.53,1.81,1.07,0.57,1.58,1.19,0.74,0.98,0.73,1.22,0.99,1.14,1.39
布鞋,布鞋,bùxié,cloth shoes,Na,Noun,3.75,0.65,0.25,0.35,2.2,1.25,2.1,0.6,0.3,0.65,0.75,1.55,1.15,0.43,0.57,1.72,1.22,1.61,0.86,0.56,1.01,0.99,2.05,2.01
容易,容易,róngyì,easy,VH,Adjective,0.9,0.7,0.35,0.3,0.4,3.15,0.45,0.55,0.55,0.5,0.6,1.34,1.23,1.11,0.9,0.66,1.74,0.74,0.86,0.8,0.81,0.97,0.86,1.46
数据,數據,shùjù,data,Na,Noun,2.9,0.6,0.15,0.1,0.2,1.55,0.2,0.55,0.3,0.5,0.4,1.55,1.36,0.36,0.3,0.51,1.47,0.4,0.8,0.46,0.74,0.73,1.14,1.64
寿桃,壽桃,shòutáo,shou tao,Na,Noun,3.8,0.6,2.8,1.95,2.35,1.5,0.4,0.6,1.25,0.65,0.4,1.12,1.02,1.78,1.47,1.62,1.4,0.8,0.66,1.34,0.79,0.58,1.29,1.8
铃声,鈴聲,língshēng,ring,Na,Noun,0.95,4.55,0.3,0.35,0.5,1.9,0.35,0.75,0.4,0.6,0.5,1.4,0.67,0.9,0.91,0.92,1.7,0.57,1.13,0.73,0.92,0.81,1.05,1.62
勇敢,勇敢,yǒnggǎn,brave,VH,Adjective,1.3,1.2,0.15,0.2,0.4,3.7,0.45,0.5,0.5,0.45,0.45,1.55,1.57,0.36,0.4,0.66,1.27,0.74,0.67,0.81,0.74,0.74,2.14,2.05
分,分,fēn,point,VC,Verb,1.95,0.6,0.3,0.15,0.2,1.8,0.4,0.85,0.3,0.3,0.35,1.75,1.16,0.9,0.36,0.51,1.6,0.73,0.96,0.56,0.46,0.65,0.9,1.48
有限,有限,yǒuxiàn,limited,VH,Adjective,1.85,0.85,0.6,0.55,0.45,2.55,0.4,0.5,0.3,0.6,0.5,1.59,1.24,1.28,0.97,1.12,1.91,0.92,0.97,0.46,1.2,1.07,0.71,1.2
港湾,港灣,gǎngwān,harbor,Na,Noun,3.6,2.1,0.8,2.0,0.95,2.25,1.0,0.95,0.75,0.8,0.75,1.02,1.61,1.25,1.55,1.4,1.89,1.26,1.2,1.22,1.03,1.13,0.57,1.22
送给,送給,sònggěi,give,VD,Verb,2.85,1.0,0.2,0.15,1.3,2.6,1.2,2.5,0.85,0.9,1.5,1.65,1.26,0.4,0.36,1.23,1.59,1.54,1.53,0.91,1.04,1.43,2.24,1.97
恢复,恢復,huīfù,recover,VHC,Verb,2.0,1.05,0.95,0.9,1.3,3.3,1.05,1.1,1.05,1.15,1.35,1.38,1.4,1.36,1.45,1.35,1.49,1.2,1.09,1.12,1.31,1.15,1.9,1.97
蝗虫,蝗蟲,huángchóng,locust,Na,Noun,4.0,2.75,0.7,0.6,1.4,1.55,0.85,1.05,0.5,0.85,0.6,1.18,1.58,1.19,1.2,1.46,1.56,1.35,1.47,0.81,1.15,1.02,0.71,1.35
整,整,zhěng,orderly,A,Adjective,1.2,0.55,0.1,0.05,0.5,1.25,0.55,0.8,0.4,0.5,0.75,1.36,1.2,0.3,0.22,0.97,1.41,0.86,1.08,0.73,0.87,1.13,0.9,1.44
刀痕,刀痕,dāohén,knife marks,Na,Noun,4.1,0.5,0.45,0.45,2.65,1.45,0.45,1.0,0.4,0.8,0.7,0.99,1.02,1.12,1.12,1.56,1.36,0.74,1.0,0.66,1.21,1.14,1.24,1.74
图片,圖片,túpiàn,image,Na,Noun,4.55,0.4,0.25,0.2,1.1,1.6,0.35,0.85,0.5,0.65,0.5,0.59,1.11,0.89,0.4,1.55,1.66,0.73,1.28,0.81,1.11,0.97,0.81,1.3
花招,花招,huāzhāo,tricks,Na,Noun,2.8,1.5,0.25,0.1,0.5,2.6,0.65,0.85,0.8,0.8,0.95,1.63,1.75,0.89,0.3,0.97,1.77,0.79,0.96,1.12,0.98,1.07,1.1,1.48
理论,理論,lǐlùn,theory,Na,Noun,1.2,1.35,0.3,0.2,0.4,2.5,0.4,0.5,0.65,0.55,0.6,1.33,1.71,0.64,0.51,0.73,1.53,0.73,0.81,0.91,0.97,1.11,1.19,1.62
分配,分配,fēnpèi,distribute,VD,Verb,2.0,0.75,0.35,0.25,0.35,1.55,0.6,1.45,0.65,0.5,0.65,1.45,1.34,0.96,0.7,0.48,1.24,0.97,1.4,0.96,0.67,0.91,1.62,1.73
年轻,年輕,niánqīng,young,VH,Adjective,3.55,1.5,0.85,0.8,1.5,3.05,0.9,0.95,0.85,0.75,1.1,1.36,1.77,1.65,1.47,1.72,1.5,1.09,1.12,1.01,1.04,1.34,2.57,2.13
掩盖,掩蓋,yǎngài,cover,VC,Verb,2.95,1.35,0.2,0.35,0.7,2.3,0.6,1.35,0.8,0.65,0.85,1.5,1.49,0.4,0.57,0.9,1.45,0.73,1.56,1.12,1.06,0.96,2.67,1.98
花卉,花卉,huāhuì,flowers,Na,Noun,4.2,0.7,0.65,3.35,2.7,1.7,0.55,1.15,0.45,1.1,0.9,0.98,1.35,0.91,1.28,1.62,1.58,0.8,1.11,0.8,1.34,1.26,0.67,1.21
偏见,偏見,piānjiàn,bias,Na,Noun,1.15,1.1,0.1,0.05,0.35,3.5,0.35,0.35,0.7,0.75,0.45,1.49,1.45,0.3,0.22,0.73,1.57,0.73,0.65,1.0,1.34,0.97,1.95,2.19
弯,彎,wān,bent,A,Adjective,4.1,0.65,0.4,0.45,1.2,1.9,0.95,1.05,0.6,1.1,1.15,1.14,1.15,0.97,1.16,1.6,1.41,1.43,1.47,1.2,1.67,1.77,1.62,1.96
销售,銷售,xiāoshòu,sell,VC,Verb,2.6,2.45,0.3,0.4,0.7,2.3,1.25,1.7,2.5,1.35,1.4,1.85,1.69,0.71,0.92,1.19,1.68,1.48,1.45,1.53,1.42,1.43,2.43,1.92
网络,網絡,wǎngluò,meshwork,Na,Noun,2.75,1.75,0.45,0.45,0.75,2.35,0.4,0.9,0.6,0.7,0.6,1.64,1.89,1.07,0.97,1.13,1.74,0.97,1.26,1.11,1.05,1.02,0.86,1.32
扁,扁,biǎn,flat,A,Adjective,4.0,0.8,0.55,0.4,2.0,1.8,0.6,0.7,0.6,0.65,0.55,1.26,1.5,1.2,0.92,1.82,1.81,1.2,1.27,1.24,1.19,1.24,1.14,1.61
发言人,發言人,fāyánrén,interpreter,Na,Noun,3.8,3.3,0.45,0.4,0.6,1.65,0.75,1.1,2.85,1.4,0.9,1.12,1.55,1.2,1.11,1.36,1.46,1.26,1.34,1.8,1.46,1.18,2.43,2.19
郁郁,郁郁,yùyù,luxuriant,A,Adjective,2.5,1.3,0.45,0.5,0.8,3.25,0.8,0.85,0.95,0.8,0.95,1.66,1.87,1.12,1.16,1.4,1.51,1.57,1.59,1.63,1.57,1.56,1.62,1.99
咸,鹹,xián,salty,A,Adjective,0.95,0.45,4.55,1.7,0.95,2.2,0.55,0.7,2.7,0.9,0.75,1.47,1.16,1.16,1.93,1.4,1.94,1.16,1.19,2.03,1.55,1.3,1.19,1.76
筹码,籌碼,chóumǎ,chip,Na,Noun,3.35,1.45,0.3,0.35,1.1,2.15,0.65,1.2,0.7,0.9,0.8,1.56,1.53,0.9,1.11,1.61,1.62,1.19,1.6,1.35,1.41,1.29,1.0,1.45
铁路,鐵路,tiělù,railway,Na,Noun,4.45,3.15,0.3,0.8,1.5,1.45,0.75,0.85,0.65,0.75,0.95,0.8,1.68,0.56,1.4,1.53,1.4,1.13,1.19,1.15,1.34,1.47,1.0,1.48
平原,平原,píngyuán,plain,Na,Noun,4.5,1.65,0.75,1.0,1.6,2.15,1.15,1.05,0.85,1.25,1.25,0.74,1.74,1.37,1.58,1.62,1.59,1.42,1.47,1.31,1.41,1.55,0.81,1.3
低,低,dī,low,A,Adjective,3.8,0.9,0.35,0.35,0.95,2.45,1.05,0.95,0.8,0.8,1.0,1.17,1.3,0.73,1.11,1.56,1.63,1.56,1.47,1.4,1.33,1.55,1.0,1.83
材料,材料,cáiliào,material,Na,Noun,3.75,1.05,0.95,1.1,2.1,1.2,0.55,0.75,0.75,0.7,0.65,1.09,1.66,1.4,1.51,1.58,1.44,1.2,1.26,1.26,1.23,1.31,0.62,1.25
刻薄,刻薄,kèbó,acerbity,VH,Adjective,2.5,2.2,0.6,0.4,0.6,3.75,0.55,0.6,1.1,0.85,0.8,1.53,1.6,1.5,1.11,1.2,1.44,1.12,1.16,1.51,1.39,1.25,1.57,1.87
某种,某種,mǒuzhǒng,some kind,Nb,Noun,1.35,0.85,0.65,0.65,0.85,1.95,0.55,0.55,0.7,0.65,0.6,1.46,1.46,1.19,1.28,1.28,1.63,1.16,1.12,1.23,1.24,1.2,0.48,1.05
心术,心術,xīnshù,intention,Na,Noun,1.2,1.2,0.4,0.45,0.8,3.65,0.75,0.75,0.85,0.75,0.7,1.57,1.57,1.11,1.12,1.4,1.42,1.22,1.22,1.31,1.18,1.19,2.24,2.29
典礼,典禮,diǎnlǐ,ceremony,Na,Noun,4.1,3.25,0.3,0.45,0.55,2.8,1.0,1.5,1.6,1.9,1.65,1.22,1.58,0.56,0.86,0.92,1.81,1.18,1.53,1.59,1.58,1.53,1.52,1.56
枪战,槍戰,qiāngzhàn,gunfire,Na,Noun,4.25,4.15,0.35,1.7,1.8,3.1,2.85,3.0,1.75,2.75,3.15,1.09,1.19,0.65,1.65,1.72,1.7,1.65,1.73,1.97,1.84,1.74,2.67,2.23
纪律,紀律,jìlǜ,discipline,Na,Noun,2.25,1.7,0.2,0.25,0.2,3.15,1.05,1.05,0.9,0.65,1.2,1.84,1.71,0.51,0.62,0.51,1.59,1.47,1.47,1.48,1.01,1.5,1.48,1.84
措施,措施,cuòshī,measure,Na,Noun,1.9,1.2,0.5,0.45,0.55,2.3,0.35,0.95,0.65,0.45,0.7,1.89,1.63,1.24,1.07,1.2,1.68,0.57,1.2,0.79,0.67,1.0,1.19,1.5
说明,說明,shuōmíng,illustrate,VE,Verb,1.9,3.7,0.25,0.15,0.25,1.95,0.3,0.9,2.75,0.75,0.75,1.58,1.42,0.54,0.36,0.62,1.69,0.64,1.22,1.97,1.04,1.13,1.67,1.94
过来,過來,guòlái,come over,VA,Verb,3.2,1.95,0.45,0.3,0.4,0.95,3.15,1.75,0.8,1.05,2.55,1.54,1.88,1.07,0.71,0.8,1.16,1.82,1.81,1.44,1.28,1.69,2.76,1.92
业务,業務,yèwù,line,Na,Noun,1.6,1.1,0.5,0.4,0.4,2.35,0.6,0.85,0.75,0.7,0.85,1.46,1.7,1.12,0.8,0.73,1.9,0.86,1.11,1.22,1.0,0.96,2.0,1.83
发烧,發燒,fāshāo,fever,VH,Adjective,2.3,1.0,0.55,0.5,3.05,3.9,0.35,0.7,1.15,1.4,1.0,1.42,1.41,0.8,0.74,1.72,1.14,0.65,0.9,1.19,1.56,1.22,3.48,1.94
老,老,lǎo,old,VH,Adjective,3.55,1.6,0.75,0.9,1.35,3.4,0.85,1.05,0.6,0.75,1.0,1.53,1.74,1.22,1.3,1.53,1.69,1.15,1.28,1.16,1.22,1.34,3.19,2.01
护士,護士,hùshì,nurse,Na,Noun,4.05,1.35,0.4,1.15,1.0,2.2,0.7,0.7,0.65,0.85,1.0,1.02,1.62,1.07,1.31,1.3,1.6,1.14,1.14,1.15,1.31,1.3,3.05,2.03
作业,作業,zuòyè,homework,Na,Noun,3.1,0.9,0.35,0.3,1.05,2.2,0.8,2.3,0.75,0.95,0.85,1.51,1.3,0.79,0.78,1.43,1.69,1.21,1.65,1.09,1.2,1.19,2.29,1.8
深入,深入,shēnrù,deepen,VH,Adjective,2.6,1.05,0.45,0.45,1.45,2.7,0.65,0.8,0.65,0.55,0.55,1.83,1.6,1.12,1.07,1.66,1.79,0.96,1.03,0.91,0.92,0.86,2.29,1.88
道路,道路,dàolù,way,Na,Noun,3.85,1.45,0.4,0.3,0.8,1.4,1.5,0.6,0.5,0.85,1.0,1.19,1.69,0.97,0.56,1.21,1.43,1.57,0.86,1.02,1.39,1.22,1.05,1.21
盛情,盛情,shèngqíng,hospitality,Na,Noun,3.1,2.45,0.7,0.7,0.9,3.5,0.7,1.1,1.2,0.85,1.15,1.67,1.69,1.31,1.27,1.37,1.53,0.95,1.18,1.44,1.06,1.15,2.33,2.03
恼恨,惱恨,nǎohèn,hate,VI,Verb,1.9,1.25,0.3,0.15,0.4,4.15,0.6,0.65,0.8,0.65,0.55,1.58,1.37,0.71,0.48,0.66,1.01,1.11,0.96,1.12,0.91,0.92,2.57,1.87
换,換,huàn,change,VC,Verb,2.85,1.1,0.25,0.4,0.85,2.2,0.9,2.0,0.75,0.75,0.9,1.74,1.41,0.43,0.8,1.11,1.72,1.34,1.67,1.09,0.99,0.94,1.71,1.52
花,花,huā,colorful,A,Adjective,4.4,0.85,0.9,3.75,2.8,2.8,0.5,1.4,0.85,1.75,1.2,0.86,1.24,1.14,1.44,1.63,1.4,0.74,1.2,1.15,1.64,1.21,0.9,1.27
冷酷,冷酷,lěngkù,grim,A,Adjective,2.7,1.3,0.35,0.4,0.7,3.7,0.55,0.55,0.65,0.6,0.65,1.62,1.49,0.65,0.73,1.14,1.45,0.74,0.67,0.85,0.8,0.79,2.19,1.79
加大,加大,jiādà,enlarge,VC,Verb,3.15,1.3,0.85,0.65,1.4,2.15,0.4,0.75,0.65,0.55,0.55,1.71,1.73,1.65,1.35,1.74,1.71,0.66,0.89,0.96,1.07,1.2,1.33,1.49
蓝鲸,藍鯨,lánjīng,blue whale,Noun,Noun,4.35,2.4,0.3,0.65,1.2,1.45,0.35,0.5,0.55,0.65,0.45,0.91,1.74,0.56,1.01,1.25,1.24,0.57,0.67,0.86,0.96,0.92,0.76,1.11
轻视,輕視,qīngshì,contempt,VJ,Verb,2.05,1.2,0.45,0.3,0.4,3.7,0.35,0.45,0.6,0.6,0.65,1.63,1.5,1.16,0.56,0.66,1.27,0.65,0.67,1.02,0.73,0.79,2.24,1.87
推动,推動,tuīdòng,promote,VC,Verb,2.65,0.95,0.15,0.2,1.3,2.5,1.4,2.15,0.8,1.05,1.5,1.62,1.28,0.36,0.51,1.52,1.6,1.66,1.62,1.03,1.24,1.6,2.52,1.71
乌,烏,wū,black,A,Adjective,3.6,1.35,0.45,0.4,0.6,1.45,0.25,0.3,0.4,0.5,0.3,1.69,1.62,1.12,0.92,0.92,1.53,0.43,0.56,0.73,0.87,0.56,0.86,1.28
哽咽,哽咽,gěngyè,choke,VH,Adjective,3.25,3.3,0.4,0.35,0.55,3.25,0.55,0.65,2.7,1.0,0.8,1.58,1.58,0.92,0.57,0.86,1.64,0.8,1.01,1.71,1.22,1.03,3.48,1.94
威严,威嚴,wēiyán,majesty,Na,Noun,3.0,1.3,0.2,0.25,0.65,3.1,0.55,0.8,0.85,0.75,0.65,1.55,1.35,0.4,0.54,1.01,1.7,0.8,1.08,1.11,0.94,0.91,2.71,2.0
连续,連續,liánxù,patterned_advance,D,Adverb,2.6,1.35,0.65,0.55,0.9,2.05,0.4,0.45,0.45,0.5,0.45,1.83,1.65,1.28,0.97,1.34,1.86,0.58,0.74,0.67,0.97,0.8,1.29,1.55
地震,地震,dìzhèn,earthquake,Na,Noun,3.7,3.2,0.75,0.95,2.45,3.95,2.2,1.95,1.5,2.0,2.5,1.45,1.69,1.41,1.43,2.11,1.28,1.91,1.91,1.77,1.95,1.83,1.14,1.52
运气,運氣,yùnqì,luck,Na,Noun,1.3,0.85,0.5,0.5,0.7,3.95,0.45,0.55,0.6,0.6,0.6,1.68,1.35,0.87,1.02,1.14,1.2,0.8,0.97,0.97,1.11,1.11,2.0,2.05
没,沒,méi,without,VJ,Verb,2.25,1.05,0.9,0.75,0.8,2.7,0.35,0.45,0.4,0.5,0.5,1.81,1.53,1.41,1.22,1.25,1.71,0.57,0.67,0.58,0.81,0.87,0.81,1.18
秧歌,秧歌,yānggē,yangge,Nb,Noun,3.15,4.0,0.55,0.5,0.55,2.45,2.5,2.5,2.2,2.25,2.7,1.88,1.26,1.2,1.02,0.74,1.56,1.96,1.99,1.91,1.87,1.98,1.76,1.63
轻飘飘,輕飄飄,qīngpiāopiāo,buoyant,A,Adjective,3.4,1.0,0.25,0.25,1.5,2.95,0.7,1.05,0.55,0.85,0.85,1.5,1.38,0.54,0.62,1.63,1.43,1.0,1.36,0.92,1.06,0.96,1.52,1.76
瓷器,瓷器,cíqì,porcelain,Na,Noun,4.1,0.95,0.3,0.15,3.05,1.4,0.4,1.1,0.35,0.6,0.45,0.94,1.28,0.9,0.36,1.94,1.32,0.73,1.3,0.73,0.86,0.86,0.9,1.38
注意,注意,zhùyì,notice,VK,Verb,1.9,1.45,0.25,0.2,0.5,3.0,0.5,0.45,0.55,1.1,0.55,1.81,1.69,0.54,0.4,0.81,1.76,0.81,0.67,1.02,1.45,0.86,2.1,2.22
知道,知道,zhīdào,know,VK,Verb,1.0,0.95,0.3,0.25,0.5,3.55,0.3,0.45,0.8,0.6,0.45,1.45,1.28,0.56,0.43,0.97,1.53,0.56,0.8,1.08,1.02,0.86,2.29,2.07
维持,維持,wéichí,maintain,VJ,Verb,1.8,1.0,0.35,0.1,0.3,2.55,0.75,0.9,0.75,0.55,0.75,1.6,1.41,0.91,0.3,0.71,1.66,0.94,1.14,0.99,0.74,0.89,2.43,1.92
适当,適當,shìdàng,appropriate,VH,Adjective,1.3,1.0,0.45,0.3,0.5,3.15,0.3,0.35,0.35,0.35,0.35,1.35,1.41,0.92,0.46,0.67,1.35,0.46,0.57,0.48,0.57,0.57,1.33,1.52
腥,腥,xīng,of fishy smell,A,Adjective,0.95,0.65,3.45,4.2,0.5,2.85,0.4,0.55,1.25,0.6,0.35,1.43,1.53,1.66,1.17,0.87,1.59,0.8,0.97,1.48,0.97,0.79,1.1,1.69
陌生,陌生,mòshēng,strangeness,VI,Verb,2.2,1.4,0.45,0.35,0.6,3.6,0.35,0.4,0.5,0.4,0.35,1.72,1.53,0.97,0.57,0.86,1.59,0.65,0.8,1.07,0.8,0.79,1.48,1.56
学习,學習,xuéxí,study,VC,Verb,3.55,2.55,0.3,0.15,0.9,2.8,0.6,1.4,1.35,1.5,1.15,1.43,1.86,0.9,0.48,0.99,1.75,0.92,1.5,1.56,1.6,1.31,2.9,2.02
好奇,好奇,hàoqí,curious,VH,Adjective,2.2,1.6,0.55,0.4,0.8,3.65,0.35,0.5,0.5,0.5,0.5,1.63,1.91,1.02,0.66,0.87,1.59,0.57,0.74,0.67,0.67,0.67,2.57,1.92
买,買,mǎi,purchase,VC,Verb,2.6,1.35,0.3,0.35,0.7,2.35,0.75,2.0,1.25,0.9,1.0,1.93,1.56,0.64,0.65,1.05,1.74,1.18,1.7,1.51,1.26,1.3,2.9,2.04
条例,條例,tiáolì,regulations,Na,Noun,2.05,0.9,0.3,0.25,0.25,2.9,0.35,0.35,0.55,0.4,0.45,1.47,1.22,0.56,0.43,0.54,1.84,0.73,0.65,0.97,0.86,1.02,1.38,1.68
屁股,屁股,pìgǔ,butt,Na,Noun,4.2,0.75,0.5,1.25,2.75,1.6,1.15,1.8,0.55,0.85,1.3,0.98,1.09,1.24,1.48,1.7,1.59,1.49,1.91,1.07,1.15,1.45,4.19,2.13
人生,人生,rénshēng,life,Na,Noun,2.3,1.75,1.2,1.1,1.4,3.7,1.25,1.25,1.2,1.3,1.2,1.93,1.97,1.91,1.73,1.88,1.58,1.73,1.67,1.66,1.71,1.72,2.67,1.91
慧眼,慧眼,huìyǎn,wisdom,Na,Noun,2.5,0.65,0.05,0.1,0.4,3.3,0.25,0.3,0.55,0.95,0.45,1.96,1.28,0.22,0.3,0.73,1.35,0.54,0.56,1.02,1.32,0.74,3.0,1.83
反省,反省,fǎnxǐng,introspect,VE,Verb,1.45,1.0,0.1,0.05,0.3,3.9,0.3,0.45,0.6,0.65,0.35,1.43,1.38,0.3,0.22,0.56,1.18,0.71,0.86,0.86,1.15,0.65,2.9,2.14
贫民,貧民,pínmín,poor,Na,Noun,3.45,1.25,0.45,0.75,1.15,3.2,0.35,0.65,0.5,0.55,0.55,1.32,1.61,1.16,1.09,1.39,1.4,0.65,1.06,0.74,0.92,1.07,2.52,1.84
异味,異味,yìwèi,peculiar smell,Na,Noun,0.7,0.6,2.05,4.3,0.4,3.05,0.15,0.3,1.3,0.75,0.4,1.0,1.28,1.96,1.1,0.8,1.53,0.36,0.56,1.65,1.18,0.8,1.29,1.52
高度,高度,gāodù,alt,A,Adjective,3.3,0.7,0.15,0.15,0.7,2.25,0.7,0.65,0.3,1.1,0.9,1.65,1.31,0.36,0.48,1.0,1.64,1.31,1.06,0.64,1.34,1.3,1.67,1.98
老鼠,老鼠,lǎoshǔ,mouse,Na,Noun,4.4,2.85,0.15,0.5,1.5,2.0,0.5,0.55,0.65,0.9,0.7,0.97,1.71,0.36,1.02,1.63,1.41,0.87,0.86,1.15,1.22,1.0,0.67,1.13
相当,相當,xiāngdāng,quite,VH,Adjective,1.25,0.65,0.4,0.25,0.55,2.35,0.35,0.35,0.3,0.4,0.4,1.61,1.19,1.11,0.43,1.12,1.82,0.79,0.65,0.64,0.97,0.86,0.48,0.85
出生,出生,chūshēng,born,VA,Verb,3.2,2.8,0.15,0.45,1.3,3.2,1.05,1.25,1.3,1.2,1.55,1.69,1.86,0.36,0.8,1.55,1.33,1.36,1.44,1.65,1.44,1.6,2.29,1.83
志向,志向,zhìxiàng,ambition,Na,Noun,1.05,0.85,0.1,0.1,0.35,3.5,0.35,0.4,0.65,0.4,0.55,1.53,1.35,0.3,0.3,0.73,1.47,0.65,0.8,0.91,0.73,1.02,2.0,2.0
刷新,刷新,shuāxīn,refresh,VC,Verb,3.2,1.05,0.4,0.25,0.35,2.4,0.35,1.4,0.35,0.25,0.3,1.69,1.6,1.16,0.89,0.73,1.53,0.79,1.5,0.65,0.62,0.64,1.76,1.69
瘪,癟,biě,shrunken,A,Adjective,4.0,0.75,0.25,0.2,2.15,2.05,0.4,0.85,0.7,0.6,0.55,1.14,1.41,0.54,0.4,1.65,1.56,0.8,1.15,1.38,1.16,1.16,1.81,1.76
担任,擔任,dānrèn,take,VG,Verb,1.55,1.05,0.25,0.1,0.4,2.3,0.5,0.7,0.9,0.65,1.05,1.72,1.6,0.89,0.3,0.97,1.95,0.81,1.05,1.37,1.11,1.2,2.29,1.91
比较,比較,bǐjiào,comparison,Dfa,Adverb,1.9,1.25,0.65,0.6,0.65,2.8,0.4,0.75,0.55,0.5,0.35,1.87,1.7,1.19,1.2,1.19,1.69,0.66,0.99,0.92,0.67,0.57,1.57,1.87
法国,法國,fǎguó,france,Nc,Noun,3.6,2.2,1.65,1.2,1.2,2.8,0.95,0.8,0.75,1.0,0.85,1.59,1.86,1.88,1.63,1.69,1.69,1.43,1.29,1.37,1.48,1.31,0.76,1.72
办,辦,bàn,manage,VC,Verb,1.65,0.6,0.2,0.1,0.45,1.6,1.2,1.8,1.25,1.2,1.5,1.56,1.11,0.68,0.3,0.97,1.5,1.54,1.63,1.44,1.47,1.5,1.81,1.71
爬,爬,pá,climb,VA,Verb,3.65,0.9,0.1,0.1,1.7,1.45,3.75,3.45,0.8,2.1,3.65,1.28,1.26,0.3,0.3,1.42,1.5,1.26,1.36,1.21,1.67,1.11,3.24,1.82
鬼混,鬼混,guǐhùn,fool around,VA,Verb,3.4,2.1,0.4,0.35,0.8,3.65,1.7,1.9,1.7,1.45,1.7,1.46,1.76,1.11,1.11,1.25,1.28,1.58,1.48,1.62,1.47,1.52,2.52,1.82
陈述,陳述,chénshù,statement,VE,Verb,2.45,4.25,0.55,0.5,0.45,2.0,0.65,0.9,3.1,1.05,0.9,1.86,0.94,1.5,1.36,1.16,1.87,1.28,1.3,1.81,1.28,1.37,2.33,1.86
赋税,賦稅,fùshuì,tax,Na,Noun,2.2,0.85,0.3,0.3,0.3,2.9,0.5,0.9,0.5,0.55,0.7,1.94,1.68,0.9,0.9,0.71,1.87,1.12,1.34,1.02,1.12,1.31,1.67,1.83
忽略,忽略,hūlüè,neglect,VJ,Verb,2.0,1.35,0.4,0.35,0.6,3.35,0.55,0.6,0.65,0.6,0.5,1.7,1.85,1.11,1.11,1.36,1.49,1.2,1.16,1.28,1.28,1.16,1.57,1.73
议会,議會,yìhuì,assembly,Nc,Noun,3.4,3.25,0.4,0.5,0.55,1.7,0.6,1.15,2.05,1.5,1.15,1.36,1.48,1.16,1.24,1.02,1.62,1.11,1.35,1.6,1.36,1.35,1.52,1.53
垃圾,垃圾,lājī,rubbish,Na,Noun,4.15,0.95,0.9,3.35,1.8,2.5,0.65,0.75,0.65,0.95,0.75,1.01,1.72,1.45,1.59,1.81,1.69,1.15,1.13,1.24,1.32,1.3,1.29,1.58
枢纽,樞紐,shūniǔ,hub,Na,Noun,3.25,1.25,0.25,0.25,0.6,2.4,0.75,0.55,0.5,0.7,0.6,1.89,1.92,0.7,0.89,1.2,1.91,1.22,1.02,1.02,1.19,1.11,0.71,1.12
圣洁,聖潔,shèngjié,holy,VH,Adjective,2.7,1.45,0.8,1.0,1.0,3.85,0.6,0.6,0.7,0.95,0.9,1.93,1.88,1.66,1.76,1.61,1.49,1.07,1.2,1.23,1.36,1.51,1.67,1.75
厚重,厚重,hòuzhòng,massive,A,Adjective,3.35,1.35,1.1,0.75,2.0,2.85,0.75,1.1,0.75,0.7,0.8,1.65,1.77,1.67,1.58,1.84,1.62,1.37,1.7,1.37,1.35,1.36,1.48,1.79
利害,利害,lìhài,interest,Na,Noun,1.85,1.5,0.95,0.45,0.5,3.3,0.6,0.55,0.85,0.7,0.75,1.74,1.83,1.72,1.12,1.24,1.49,1.24,1.2,1.46,1.42,1.55,1.05,1.46
预言,預言,yùyán,prophecy,Na,Noun,1.35,3.0,0.4,0.35,0.4,3.2,0.45,0.65,1.6,0.85,0.75,1.68,1.84,1.11,1.11,1.11,1.54,1.16,1.28,1.74,1.46,1.41,2.1,1.69
红,紅,hóng,red,A,Adjective,4.5,0.7,0.35,0.45,0.5,1.9,0.5,0.6,0.55,0.45,0.4,0.81,1.35,1.11,1.12,1.16,1.76,1.16,1.2,1.2,1.16,1.11,0.62,1.13
落实,落實,luòshí,implement,VHC,Verb,2.05,1.35,0.35,0.35,0.5,2.7,0.8,0.95,1.1,0.75,0.9,1.6,1.49,1.11,1.11,1.16,1.55,1.36,1.43,1.34,1.34,1.34,1.76,1.66
瀑布,瀑布,pùbù,fall,Na,Noun,4.45,4.15,0.85,1.55,2.2,2.35,0.8,1.0,0.9,1.35,1.3,0.8,1.11,1.65,1.69,1.69,1.82,1.36,1.55,1.61,1.56,1.76,1.14,1.75
宁静,寧靜,níngjìng,peaceful,VH,Adjective,2.1,3.65,0.45,0.5,0.85,3.5,0.5,0.55,0.45,0.5,0.5,1.67,1.9,1.2,1.24,1.46,1.36,0.97,1.12,0.86,0.87,0.97,1.19,1.43
幻象,幻象,huànxiàng,phantom,Na,Noun,3.8,2.15,0.8,0.9,1.35,3.6,0.9,0.95,0.9,1.0,0.8,1.4,1.88,1.47,1.58,1.68,1.56,1.37,1.47,1.37,1.38,1.33,1.81,2.06
殖民,殖民,zhímín,colonial,VA,Verb,2.95,1.7,0.6,0.8,1.1,3.0,1.15,1.25,1.25,1.35,1.25,1.69,2.0,1.36,1.57,1.7,1.7,1.68,1.7,1.61,1.85,1.76,1.62,1.68
相处,相處,xiāngchǔ,get along,VA,Verb,2.65,1.75,0.85,1.0,1.85,3.3,1.2,1.3,1.4,1.2,1.5,1.77,1.73,1.68,1.64,1.88,1.42,1.4,1.31,1.5,1.36,1.5,2.19,1.84
将军,將軍,jiāngjūn,general,Na,Noun,3.85,2.65,0.4,0.35,0.65,2.5,1.5,1.65,1.7,1.65,1.8,1.49,1.93,0.97,1.11,1.15,1.91,1.69,1.71,1.79,1.85,1.69,2.52,1.94
响,響,xiǎng,loud,A,Adjective,1.25,4.8,0.4,0.6,0.9,1.75,0.65,0.75,1.1,1.1,0.75,1.64,0.51,0.8,1.32,1.48,1.61,1.11,1.26,1.45,1.41,1.13,1.48,1.71
喜鹊,喜鵲,xǐquè,magpie,Na,Noun,4.3,3.85,0.65,0.55,1.2,1.5,0.5,0.75,0.75,1.3,0.75,1.0,1.53,1.35,0.97,1.44,1.53,0.97,1.09,1.34,1.45,1.34,0.81,1.37
格调,格調,gédiào,(literary or artistic) style,Na,Noun,2.85,1.7,1.15,1.0,1.0,3.15,0.75,0.7,0.8,0.85,0.8,1.9,1.85,1.71,1.52,1.58,1.82,1.26,1.23,1.4,1.39,1.44,1.67,1.81
加入,加入,jiārù,join in,VC,Verb,2.4,0.95,0.55,0.55,0.85,2.1,1.45,1.55,1.25,1.25,1.4,1.93,1.4,1.24,1.36,1.46,1.73,1.6,1.63,1.51,1.55,1.62,1.86,1.91
提升,提升,tíshēng,promote,VC,Verb,2.1,1.15,0.9,0.75,0.8,3.0,0.65,0.6,0.65,0.7,0.7,1.84,1.65,1.64,1.55,1.33,1.79,1.19,1.24,1.24,1.19,1.27,2.33,1.86
达,達,dá,reach,VJ,Verb,1.9,0.85,0.45,0.4,0.55,1.95,1.25,0.8,0.55,0.6,0.85,1.81,1.42,1.12,1.11,1.16,1.72,1.64,1.33,1.28,1.2,1.28,1.38,1.65
货币,貨幣,huòbì,metal_money,Na,Noun,3.85,1.4,0.45,0.9,2.75,2.95,0.45,1.65,0.65,0.75,0.7,1.46,1.74,1.2,1.34,1.84,1.8,0.97,1.46,1.11,1.13,1.1,1.05,1.5
套话,套話,tàohuà,conventional verbal exchanges,VB,Verb,1.45,3.55,0.35,0.4,0.45,3.05,0.5,0.6,2.25,1.0,0.85,1.63,1.72,0.79,1.07,1.07,1.77,1.12,1.02,1.92,1.26,1.28,1.95,1.79
粗大,粗大,cūdà,thick,A,Adjective,4.3,0.7,0.7,0.6,2.45,2.1,0.7,1.25,0.7,0.8,0.75,1.1,1.35,1.45,1.2,1.96,1.79,1.31,1.58,1.35,1.4,1.34,1.52,1.59
风情,風情,fēngqíng,amorous feelings,Na,Noun,3.6,2.15,1.25,1.05,1.1,3.55,1.1,1.1,1.0,1.1,1.25,1.66,1.88,1.84,1.69,1.67,1.43,1.48,1.41,1.38,1.45,1.61,1.57,1.71
单位,單位,dānwèi,unit,Na,Noun,2.7,1.2,0.45,0.45,0.75,1.8,0.95,0.85,0.75,0.85,1.0,1.76,1.6,0.92,1.07,1.22,1.78,1.28,1.24,1.3,1.24,1.41,1.05,1.36
下跌,下跌,xiàdiē,decline,VH,Verb,3.0,1.5,0.2,0.15,1.15,2.7,2.6,1.75,0.8,1.6,2.9,1.38,1.43,0.51,0.36,1.28,1.14,1.74,1.18,1.12,1.32,1.45,1.48,1.71
羔羊,羔羊,gāoyáng,lamb,Na,Noun,3.45,1.8,1.55,1.4,2.3,1.3,0.45,0.8,1.0,0.45,0.6,1.47,1.5,1.2,1.2,1.52,1.19,0.74,0.98,1.34,0.59,0.86,1.29,1.58
车辆,車輛,chēliàng,vehicular_traffic,Na,Noun,3.6,2.8,0.15,1.3,1.45,0.9,1.4,1.6,0.55,0.95,1.45,1.2,1.63,0.36,1.19,1.24,0.89,1.66,1.66,0.86,0.97,1.43,1.57,1.71
姓,姓,xìng,family_name,VG,Verb,1.0,1.7,0.2,0.1,0.25,1.05,0.4,0.35,0.6,0.5,0.4,1.58,1.71,0.51,0.3,0.62,1.02,0.8,0.65,1.07,0.87,0.66,1.38,1.7
春光,春光,chūnguāng,spring light,Na,Noun,3.75,1.25,0.8,1.4,1.1,2.25,0.85,0.95,0.6,0.6,1.05,1.3,1.44,1.17,1.53,1.22,1.48,1.11,1.28,0.86,0.92,1.16,1.48,1.79
钟声,鐘聲,zhōngshēng,bells,Na,Noun,1.85,4.45,0.25,0.25,1.0,1.55,0.7,0.85,0.45,0.45,0.65,1.59,1.2,0.7,0.7,1.18,1.07,1.0,1.01,0.86,0.59,0.73,1.29,1.72
影像,影像,yǐngxiàng,image,Na,Noun,4.4,2.75,0.35,0.35,0.6,1.75,0.5,0.65,0.45,0.65,0.85,1.11,1.95,0.79,0.65,0.92,1.18,0.81,1.01,0.74,0.85,0.96,1.33,1.81
战争,戰爭,zhànzhēng,fight,Na,Noun,3.8,3.75,0.7,1.4,1.1,2.65,1.6,1.6,1.25,1.5,1.9,1.29,1.26,1.14,1.24,1.22,1.68,1.53,1.5,1.48,1.43,1.61,2.24,1.95
黄色,黃色,huángsè,yellow,Na,Noun,4.45,0.6,0.6,0.35,0.45,1.3,0.5,0.45,0.45,0.5,0.6,1.12,1.16,0.86,0.57,0.8,1.19,0.87,0.74,0.67,0.81,0.86,0.67,1.32
抗争,抗爭,kàngzhēng,fight against,VA,Verb,3.45,2.75,0.4,0.45,1.65,2.4,2.9,3.1,2.35,2.3,2.95,1.47,1.61,0.8,0.8,1.65,1.39,1.76,1.51,1.62,1.73,1.47,2.19,2.04
梯田,梯田,tītián,terrace,Na,Noun,4.15,1.3,0.65,0.9,0.75,1.15,1.1,1.0,0.4,0.7,1.2,1.19,1.82,0.85,1.14,0.99,1.19,1.37,1.41,0.66,0.78,1.44,1.43,1.65
会议,會議,huìyì,rendezvous,Na,Noun,3.55,3.75,0.45,0.45,0.6,1.35,0.75,1.35,2.55,1.3,1.55,1.43,1.44,0.8,0.8,0.86,1.06,0.83,1.28,1.8,1.38,1.47,2.1,1.77
临时,臨時,línshí,temporary,Nd,Noun,0.85,1.15,0.2,0.25,0.4,2.3,0.75,0.7,0.65,0.75,0.8,1.31,1.59,0.4,0.43,0.58,1.58,1.04,1.05,0.91,0.89,0.93,0.76,1.19
完成,完成,wánchéng,finish,VC,Verb,1.5,1.25,0.3,0.3,0.7,2.95,1.05,1.65,0.85,1.05,1.15,1.66,1.67,0.56,0.71,1.23,1.75,1.32,1.77,1.24,1.28,1.39,1.81,1.76
明确,明確,míngquè,clear,VH,Adjective,1.4,1.35,0.25,0.25,0.4,2.4,0.8,0.9,0.85,0.9,0.85,1.62,1.56,0.54,0.54,0.66,1.56,0.93,1.18,1.28,1.34,1.19,1.19,1.71
取得,取得,qǔdé,obtain,VC,Verb,1.9,0.6,0.1,0.15,1.55,1.9,0.7,2.6,0.45,0.65,0.85,1.58,1.11,0.3,0.48,1.53,1.14,0.78,1.69,0.59,0.96,0.85,2.19,1.79
笑脸,笑臉,xiàoliǎn,smiling face,Na,Noun,4.5,1.25,0.15,0.15,0.65,2.7,0.4,0.6,1.55,1.8,0.6,0.87,1.67,0.65,0.65,1.11,1.45,0.58,0.97,1.8,1.54,0.66,4.29,1.78
变,變,biàn,change,VH,Adjective,3.2,1.35,0.8,0.75,1.2,2.35,0.8,1.05,1.05,0.9,1.05,1.6,1.56,1.29,1.26,1.25,1.35,1.29,1.43,1.56,1.26,1.56,1.81,1.74
同样,同樣,tóngyàng,same,VH,Adjective,2.95,1.6,1.0,0.9,1.15,1.95,1.05,0.85,0.85,1.1,0.9,1.69,1.85,1.48,1.48,1.49,1.69,1.53,1.53,1.49,1.55,1.48,0.76,1.23
从事,從事,cóngshì,engage in,VJ,Verb,1.1,0.85,0.2,0.15,0.55,1.1,0.8,1.7,0.55,0.85,0.95,1.22,1.31,0.68,0.65,1.07,0.99,1.29,1.58,0.67,0.96,1.07,1.76,1.85
面孔,面孔,miànkǒng,face,Na,Noun,4.4,0.45,0.2,0.2,0.9,1.8,0.3,0.4,0.6,1.35,0.4,0.86,0.86,0.68,0.68,0.94,1.5,0.64,0.66,0.86,1.28,0.73,3.81,2.08
安神,安神,ānshén,calm,VH,Adjective,1.55,0.95,0.3,0.95,0.45,3.0,0.5,0.6,0.5,1.45,0.75,1.63,1.4,0.78,1.32,0.59,1.34,0.67,0.73,0.87,1.4,0.89,2.62,2.08
监督,監督,jiāndū,counseling,VC,Verb,2.75,1.55,0.2,0.25,0.55,1.8,1.05,1.55,1.35,1.65,1.4,1.61,1.6,0.51,0.77,0.74,1.12,1.2,1.47,1.53,1.39,1.39,2.38,2.03
简单,簡單,jiǎndān,simple,VH,Adjective,1.55,0.85,0.2,0.15,0.45,2.7,0.65,0.75,0.6,0.7,0.65,1.69,1.31,0.51,0.48,0.8,1.58,1.19,1.3,1.2,1.14,1.19,1.05,1.59
投降,投降,tóuxiáng,surrender,VA,Verb,3.5,1.6,0.1,0.1,0.5,2.45,1.25,2.7,1.8,1.95,2.15,1.47,1.62,0.44,0.44,0.81,1.28,1.58,1.85,1.96,1.53,1.59,2.52,2.04
气氛,氣氛,qìfēn,atmosphere,Na,Noun,2.6,2.1,0.95,1.3,0.6,3.35,0.6,0.85,1.05,1.15,1.0,1.62,1.81,1.72,1.58,0.97,1.46,0.8,1.15,1.4,1.31,1.26,1.43,1.62
惧怕,懼怕,jùpà,be afraid,VJ,Verb,3.05,2.4,0.25,0.65,1.1,3.85,1.2,1.5,1.3,1.35,1.6,1.36,1.74,0.43,1.11,1.37,1.31,1.21,1.16,1.31,1.35,1.24,2.33,2.3
憧憬,憧憬,chōngjǐng,look forward to,VK,Verb,2.2,0.9,0.1,0.35,0.4,3.25,0.45,0.45,0.25,0.85,0.35,1.57,1.3,0.3,0.73,0.49,1.76,0.59,0.59,0.43,1.39,0.57,2.38,2.17
在,在,zài,exist,VCL,Verb,2.0,1.15,0.2,0.35,0.75,1.85,0.9,0.75,0.65,0.65,0.6,1.7,1.53,0.51,0.79,1.09,1.74,1.09,0.77,1.01,0.73,0.86,1.33,1.75
录像,錄像,lùxiàng,video,Noun,Noun,4.4,3.85,0.1,0.05,0.8,1.45,1.05,1.6,1.0,1.2,1.45,0.92,1.15,0.3,0.22,1.17,1.12,1.2,1.62,1.1,1.44,1.66,2.1,2.07
纳入,納入,nàrù,incorporate,VJ,Verb,1.5,0.65,0.1,0.1,0.9,1.75,0.65,1.45,0.95,0.8,0.75,1.32,0.79,0.3,0.3,1.09,1.34,0.96,1.4,1.2,0.87,0.99,1.81,1.56
标题,標題,biāotí,title,Na,Noun,3.15,1.05,0.1,0.1,0.3,1.05,0.3,0.4,0.75,0.75,0.45,1.46,1.16,0.3,0.3,0.56,1.12,0.64,0.8,0.94,1.26,0.92,0.9,1.38
官员,官員,guānyuán,officer,Na,Noun,2.45,1.4,0.15,0.2,0.5,1.75,0.75,0.9,0.85,0.95,0.55,1.69,1.32,0.36,0.51,0.67,1.13,1.13,1.26,1.24,1.32,0.74,2.48,2.13
米粉,米粉,mǐfěn,rice flour,Na,Noun,2.85,0.7,3.75,3.2,2.25,2.15,0.7,1.8,3.05,1.45,0.95,1.59,1.23,1.55,1.44,1.34,1.74,1.14,1.69,1.75,1.32,1.02,1.24,1.85
先机,先機,xiānjī,opportunity,Na,Noun,0.85,0.6,0.1,0.1,0.45,2.05,1.05,0.95,0.55,1.0,0.5,1.06,0.73,0.3,0.3,0.97,1.36,1.24,1.12,0.74,1.22,0.74,1.1,1.57
石头,石頭,shítou,stone,Na,Noun,3.45,1.1,0.1,0.15,3.05,0.9,0.55,1.45,0.55,0.4,0.6,1.32,1.51,0.3,0.36,1.63,1.04,0.59,1.4,0.97,0.66,0.8,0.76,1.34
诞生,誕生,dànshēng,be born,VA,Verb,2.55,2.1,0.15,0.3,0.85,2.5,0.75,0.85,0.7,0.7,0.85,1.53,1.34,0.36,0.56,1.11,1.5,1.09,1.11,1.0,0.9,1.31,2.86,2.17
童年,童年,tóngnián,childhood,Na,Noun,2.55,2.15,1.1,1.0,0.9,3.55,1.15,1.2,1.15,1.05,0.95,1.56,1.77,1.61,1.61,1.34,1.53,1.59,1.54,1.49,1.32,1.4,2.76,2.2
声望,聲望,shēngwàng,prestige,Na,Noun,1.7,1.6,0.1,0.1,0.35,2.8,0.5,0.55,1.0,0.8,0.45,1.45,1.46,0.3,0.3,0.57,1.4,0.74,1.2,1.48,1.21,0.92,2.05,2.01
内功,內功,nèigōng,internal strength,Na,Noun,1.3,0.7,0.05,0.2,0.65,2.55,0.85,1.15,0.5,0.9,1.25,1.45,1.05,0.22,0.51,1.01,1.99,0.96,1.06,0.67,0.89,1.22,2.43,1.97
旅游,旅遊,lǚyóu,travel,VA,Verb,3.7,2.8,2.3,1.95,1.45,2.95,3.0,2.45,2.3,1.8,2.45,1.23,1.44,1.71,1.75,1.5,1.56,1.73,1.75,1.62,1.5,1.6,2.52,2.26
小说,小說,xiǎoshuō,fiction,Na,Noun,3.65,1.85,0.2,0.2,1.2,2.35,0.65,2.15,1.15,1.65,0.75,1.24,1.24,0.68,0.68,1.66,1.62,0.91,1.71,1.28,1.35,0.89,1.14,1.67
仇敌,仇敵,chóudí,enemy,Na,Noun,2.65,1.5,0.05,0.15,0.65,3.15,0.8,1.15,1.05,1.05,0.9,1.68,1.6,0.22,0.36,0.91,1.59,0.93,1.19,1.16,1.07,0.89,1.95,2.03
噪音,噪音,zàoyīn,noise,Na,Noun,1.4,4.45,0.05,0.05,0.4,3.1,0.7,1.0,1.9,1.3,0.65,1.2,1.12,0.22,0.22,0.66,1.58,0.78,1.22,1.84,1.42,1.06,1.29,1.83
钢琴,鋼琴,gāngqín,piano,Na,Noun,3.65,4.3,0.05,0.1,2.65,2.4,1.95,3.25,1.35,2.0,2.3,1.42,1.19,0.22,0.3,1.59,1.59,1.6,1.64,1.39,1.52,1.45,1.86,1.88
宝藏,寶藏,bǎozàng,treasure,Na,Noun,3.4,1.05,0.05,0.15,1.35,2.7,1.3,1.7,1.1,1.35,1.25,1.36,1.16,0.22,0.36,1.31,1.42,1.49,1.87,1.37,1.56,1.41,1.1,1.66
宦官,宦官,huànguān,eunuch,Na,Noun,2.7,1.95,0.05,0.3,0.55,2.3,0.65,0.7,1.1,0.75,1.25,1.55,1.5,0.22,0.78,0.8,1.19,1.01,1.0,1.41,1.09,1.58,2.48,2.13
狼狗,狼狗,lánggǒu,wolfdog,Na,Noun,3.35,3.2,0.35,1.6,1.95,2.25,1.3,1.4,1.15,1.15,1.35,1.65,1.78,0.91,1.46,1.36,1.58,1.45,1.53,1.46,1.28,1.31,1.0,1.54
欢快,歡快,huānkuài,cheerful,VH,Adjective,3.0,2.65,0.4,0.25,0.8,3.65,1.6,1.85,1.75,1.55,1.65,1.41,1.65,0.8,0.7,1.03,1.39,1.5,1.46,1.73,1.56,1.49,2.19,2.01
歹徒,歹徒,dǎitú,gangster,Na,Noun,3.2,2.35,0.05,0.25,1.0,3.05,2.05,2.1,1.95,1.85,2.05,1.63,1.59,0.22,0.43,0.95,1.53,1.72,1.73,1.83,1.77,1.72,2.62,2.1
平均,平均,píngjūn,average,VH,Adjective,2.0,0.7,0.05,0.2,0.6,2.05,0.25,0.75,0.75,0.85,0.5,1.58,1.14,0.22,0.68,0.97,1.75,0.7,1.04,1.22,1.19,0.97,0.9,1.23
以后,以後,yǐhòu,afterwards,Ng,Postposition,1.4,0.75,0.05,0.05,0.4,2.3,0.55,0.35,0.55,0.8,0.3,1.39,0.99,0.22,0.22,0.66,1.58,1.24,0.96,1.2,1.12,0.71,0.76,1.48
私奔,私奔,sībēn,elopement,VA,Verb,2.55,1.5,0.1,0.15,1.05,2.65,2.8,2.05,1.1,1.35,2.05,1.47,1.43,0.3,0.48,1.12,1.53,1.63,1.5,1.04,1.01,1.4,3.0,2.07
良心,良心,liángxīn,conscience,Na,Noun,1.0,0.7,0.15,0.15,0.3,3.6,0.3,0.65,0.7,0.85,0.55,1.1,0.95,0.48,0.48,0.64,1.36,0.56,0.79,1.23,1.11,0.86,2.43,2.46
奴才,奴才,núcái,slave,Na,Noun,2.35,2.05,0.05,0.15,0.55,2.4,0.95,1.2,1.3,1.15,1.15,1.59,1.5,0.22,0.36,0.74,1.56,1.28,1.25,1.62,1.31,1.39,2.19,2.17
来,來,lái,come,VA,Verb,2.25,1.4,0.05,0.15,0.65,1.95,3.05,2.0,1.35,0.9,1.7,1.3,1.16,0.22,0.36,0.91,1.5,1.86,1.52,1.42,0.94,1.38,2.48,2.08
谦和,謙和,qiānhé,humble,VH,Adjective,2.2,1.55,0.2,0.15,0.45,3.3,0.5,0.95,1.2,1.1,0.9,1.69,1.16,0.51,0.48,0.67,1.45,0.67,1.24,1.54,1.37,1.09,2.52,2.17
车,車,chē,wheels,Na,Noun,3.8,2.8,0.3,0.6,1.8,1.6,1.9,2.0,0.4,1.4,1.3,1.03,1.36,0.64,1.11,1.4,1.53,1.61,1.7,0.66,1.32,1.14,1.62,1.89
乐意,樂意,lèyì,willing,VL,Verb,1.25,1.4,0.3,0.3,0.45,3.85,0.65,0.8,1.25,0.9,0.7,1.18,1.36,0.56,0.71,0.8,1.24,0.79,0.98,1.34,0.99,0.95,2.0,2.45
阴霾,陰霾,yīnmái,haze,Na,Noun,3.65,0.5,0.25,1.0,0.6,2.7,0.6,0.65,1.1,0.9,0.65,1.11,0.74,0.43,1.34,0.8,1.71,1.07,1.01,1.22,1.48,1.15,0.86,1.49
爽快,爽快,shuǎngkuài,readily,VH,Adjective,1.8,2.05,0.1,0.1,0.2,3.55,0.9,1.35,1.6,1.3,1.25,1.4,1.56,0.3,0.3,0.51,1.4,1.09,1.39,1.74,1.35,1.41,1.52,2.04
囚衣,囚衣,qiúyī,prisoner,Na,Noun,3.6,0.5,0.3,0.75,1.5,2.0,0.7,1.3,0.5,0.6,1.05,1.36,1.07,0.71,1.13,1.43,1.55,1.27,1.55,0.97,0.97,1.43,1.57,1.81
软,軟,ruǎn,soft,A,Adjective,2.35,1.05,0.55,0.4,4.05,3.15,0.95,2.4,1.45,0.8,1.05,1.42,1.47,0.8,0.92,1.4,1.49,1.2,1.71,1.43,1.12,1.2,1.38,1.4
分手,分手,fēnshǒu,separate,VA,Verb,2.45,2.75,0.4,0.25,1.15,3.95,1.25,1.65,1.85,1.45,1.35,1.56,1.81,0.8,0.54,1.31,1.07,1.48,1.49,1.46,1.53,1.35,2.71,2.31
办理,辦理,bànlǐ,handle,VC,Verb,2.25,1.55,0.05,0.05,1.05,1.3,1.15,2.3,1.55,1.5,1.5,1.61,1.53,0.22,0.22,1.32,1.05,1.15,1.62,1.43,1.36,1.32,2.19,2.04
事实,事實,shìshí,fact,Na,Noun,2.1,1.5,0.1,0.05,0.5,2.2,0.45,0.75,0.9,0.8,0.45,1.58,1.5,0.3,0.22,0.74,1.5,0.59,1.04,1.37,1.17,0.74,1.14,1.93
雄风,雄風,xióngfēng,virility,Na,Noun,2.45,1.45,0.05,0.15,0.5,2.75,1.0,1.05,0.75,0.7,1.0,1.5,1.56,0.22,0.36,0.87,1.64,1.22,1.36,1.09,1.1,1.38,1.52,1.92
舒服,舒服,shūfú,comfortable,VH,Adjective,2.3,1.85,1.05,1.25,2.85,3.95,1.55,1.65,1.85,1.55,1.9,1.52,1.59,1.53,1.48,1.68,1.47,1.47,1.56,1.65,1.6,1.7,2.1,2.14
说话,說話,shuōhuà,say,VA,Verb,2.0,3.7,0.05,0.05,0.3,2.1,0.55,0.85,3.2,1.5,0.8,1.61,1.68,0.22,0.22,0.56,1.51,0.92,1.06,1.81,1.66,1.12,3.9,1.63
泥泞,泥濘,nínìng,muddy,VH,Adjective,3.65,1.0,0.15,0.55,2.3,2.95,2.15,1.2,0.45,0.75,1.2,1.35,1.38,0.36,0.74,1.55,1.36,1.59,1.08,0.67,0.99,1.12,1.1,1.57
面貌,面貌,miànmào,face,Na,Noun,3.85,0.45,0.05,0.05,0.45,1.95,0.7,0.6,0.9,1.7,0.9,1.24,0.67,0.22,0.22,0.67,1.36,1.27,1.16,1.37,1.62,1.26,3.57,2.11
组成,組成,zǔchéng,composition,VG,Verb,2.15,0.65,0.4,0.3,0.75,1.25,0.55,1.3,0.4,0.75,0.7,1.24,1.06,0.58,0.56,0.83,1.22,0.67,1.35,0.66,1.22,0.95,1.0,1.38
领悟,領悟,lǐngwù,understand,VJ,Verb,1.15,1.25,0.2,0.05,0.45,3.85,0.4,0.55,0.95,1.2,0.3,1.28,1.22,0.51,0.22,0.67,1.39,0.66,0.8,1.32,1.4,0.46,2.57,2.32
称,稱,chēng,say,VG,Verb,2.6,1.1,0.05,0.15,1.7,1.7,0.6,2.4,1.35,1.05,1.25,1.83,1.18,0.22,0.48,1.42,1.49,0.92,1.43,1.31,1.36,1.44,1.48,1.97
爱情,愛情,àiqíng,love,Na,Noun,2.75,2.55,1.35,1.45,1.8,4.1,1.45,2.2,2.1,2.0,1.9,1.67,1.94,1.77,1.88,2.04,1.22,1.5,1.75,1.95,1.82,1.87,2.76,2.33
立即,立即,lìjí,ex_tempore,D,Adverb,1.7,1.35,0.1,0.15,0.45,2.6,2.15,1.65,1.1,1.2,1.45,1.45,1.24,0.3,0.36,0.8,1.32,1.56,1.49,1.45,1.6,1.56,1.05,1.36
咖啡,咖啡,kāfēi,coffee,Na,Noun,3.0,0.25,3.85,3.05,1.5,2.0,0.35,1.7,3.0,1.35,0.7,1.55,0.54,1.56,1.6,1.5,1.26,0.57,1.71,1.73,1.62,1.0,1.38,1.96
苍白,蒼白,cāngbái,pale,VH,Adjective,4.0,0.65,0.1,0.1,0.55,2.45,0.35,0.45,0.65,0.75,0.45,1.0,1.01,0.3,0.3,0.97,1.24,0.79,0.67,0.96,1.22,0.92,1.86,1.86
日报,日報,rìbào,daily,Na,Noun,3.2,1.15,0.05,0.3,0.95,1.35,0.5,1.75,1.1,1.05,0.7,1.44,1.56,0.22,0.56,1.02,1.15,0.67,1.7,1.34,1.28,1.14,1.24,1.69
哑,啞,yǎ,dumb,A,Adjective,1.0,3.55,0.05,0.05,0.45,1.95,0.25,0.5,2.85,0.65,0.55,1.48,1.47,0.22,0.22,0.67,0.97,0.43,1.02,1.74,0.85,0.8,2.29,1.98
胸怀,胸懷,xiōnghuái,mind,Na,Noun,1.35,0.75,0.05,0.05,0.7,3.65,0.25,1.35,0.7,0.85,0.8,1.31,1.04,0.22,0.22,1.1,1.01,0.54,1.56,0.95,1.24,1.03,2.67,2.36
后果,後果,hòuguǒ,consequence,Na,Noun,1.45,1.2,0.05,0.05,0.3,3.15,0.4,0.45,0.7,0.7,0.5,1.36,1.36,0.22,0.22,0.56,1.46,0.58,0.8,1.1,1.31,0.81,0.86,1.42
心律,心律,xīnlǜ,rhythm,Na,Noun,2.2,2.5,0.05,0.05,1.35,3.25,0.6,1.35,0.75,0.8,1.2,1.44,1.8,0.22,0.22,1.28,1.41,1.11,1.35,1.09,1.25,1.57,3.05,2.15
闺蜜,閨蜜,guīmì,girlfriend,Noun,Noun,2.9,2.4,0.65,0.85,1.25,3.2,1.25,1.6,1.65,1.15,1.25,1.61,1.77,1.35,1.39,1.37,1.47,1.67,1.69,1.93,1.53,1.61,3.0,2.37
配合,配合,pèihé,cooperate,VC,Verb,2.15,1.15,0.05,0.1,0.6,2.65,1.2,1.7,1.2,1.35,1.3,1.42,1.28,0.22,0.3,1.02,1.59,0.93,1.23,1.36,1.31,1.35,2.38,2.17
结构,結構,jiégòu,structure,Na,Noun,3.1,0.6,0.15,0.2,1.1,1.8,0.3,1.3,0.5,0.65,0.55,1.26,0.92,0.48,0.4,1.26,1.57,0.56,1.05,0.87,0.85,0.97,1.24,1.6
留级,留級,liújí,leave the level,VHC,Verb,1.9,1.6,0.05,0.05,0.25,2.7,0.5,0.8,0.75,0.9,0.7,1.61,1.59,0.22,0.22,0.54,1.38,0.97,1.33,1.3,1.34,1.27,1.76,1.92
方式,方式,fāngshì,way,Na,Noun,1.5,1.05,0.4,0.4,0.7,2.2,0.85,1.15,1.05,1.1,1.05,1.63,1.43,1.16,1.16,1.19,1.6,1.31,1.49,1.43,1.61,1.4,0.95,1.25
珠宝,珠寶,zhūbǎo,jewelry,Na,Noun,4.1,1.05,0.2,0.3,2.8,3.0,0.55,2.1,0.75,1.25,1.2,1.18,1.4,0.68,0.78,1.75,1.55,1.2,1.7,1.22,1.51,1.57,1.9,1.9
女人,女人,nǚrén,chick,Na,Noun,3.55,2.8,0.45,1.5,2.0,2.8,1.55,1.95,1.65,1.6,1.7,1.28,1.89,1.12,1.69,1.52,1.5,1.69,1.77,1.77,1.74,1.82,3.29,2.31
甜,甜,tián,sweet,A,Adjective,1.1,0.6,4.4,2.55,0.7,3.2,0.5,0.8,2.75,1.3,0.65,1.04,1.2,1.36,1.63,0.95,1.69,0.97,0.98,1.92,1.52,1.11,1.67,1.91
协会,協會,xiéhuì,association,Nc,Noun,2.1,0.9,0.05,0.15,0.5,1.5,0.45,0.45,0.95,0.6,0.5,1.67,1.37,0.22,0.48,0.67,1.32,0.86,0.86,1.47,1.02,0.87,1.05,1.65
微微,微微,wēiwēi,slight,A,Adjective,1.85,1.4,0.65,0.6,1.3,2.4,0.45,0.85,0.9,0.75,0.6,1.62,1.24,0.73,0.73,1.1,1.43,0.67,0.91,0.94,0.83,0.92,0.9,1.15
餐厅,餐廳,cāntīng,dining room,Nc,Noun,3.0,1.35,3.45,2.9,1.25,2.15,1.05,1.55,2.9,1.35,1.1,1.55,1.35,1.53,1.37,1.3,1.35,1.07,1.24,1.73,1.28,1.09,1.52,1.92
范畴,範疇,fànchóu,category,Na,Noun,1.6,0.75,0.05,0.1,0.6,2.05,0.35,0.7,0.5,0.6,0.25,1.46,0.94,0.22,0.3,0.8,1.69,0.65,1.0,1.02,1.11,0.62,0.67,1.21
差,差,chà,difference,VH,Adjective,1.95,1.15,0.55,0.6,0.85,3.3,0.15,0.2,0.45,0.55,0.35,1.4,1.42,1.07,1.02,1.28,1.49,0.48,0.51,0.8,0.86,0.73,1.05,1.25
体统,體統,tǐtǒng,decency,Na,Noun,1.55,0.85,0.1,0.15,0.25,1.8,0.45,0.5,0.6,0.45,0.4,1.32,1.19,0.3,0.36,0.54,1.36,0.59,0.74,1.28,0.8,0.66,1.43,1.76
收入,收入,shōurù,income,Na,Noun,2.45,1.1,0.05,0.05,0.5,2.7,0.45,1.05,0.65,0.7,0.6,1.75,1.26,0.22,0.22,0.81,1.68,0.86,1.12,1.19,1.14,0.8,1.9,1.92
遭到,遭到,zāodào,suffer,VJ,Verb,2.05,1.5,0.1,0.05,0.45,2.65,0.75,0.9,1.0,0.95,1.0,1.36,1.4,0.3,0.22,0.59,1.62,0.7,0.99,0.95,1.07,0.95,1.52,1.84
政策,政策,zhèngcè,policy,Na,Noun,1.55,1.15,0.1,0.15,0.25,2.2,0.7,0.7,1.0,0.85,0.5,1.5,1.19,0.44,0.65,0.43,1.54,0.95,0.9,1.18,1.15,0.81,1.1,1.57
婉约,婉約,wǎnyuē,graceful,VH,Adjective,2.45,2.3,0.15,0.25,0.5,2.95,0.45,0.8,0.9,0.6,0.8,1.77,1.58,0.36,0.54,0.87,1.63,0.59,0.81,1.09,0.66,1.03,1.48,1.62
含有,含有,hányǒu,contain,VJ,Verb,2.15,0.45,0.25,0.15,0.5,1.95,0.4,0.45,0.6,0.3,0.35,1.71,0.74,0.54,0.36,0.81,1.5,0.8,0.67,0.86,0.78,0.65,1.0,1.38
疲劳,疲勞,píláo,fatigue,VH,Adjective,3.05,1.9,0.2,0.15,1.05,4.2,1.55,1.55,0.6,1.25,1.7,1.28,1.41,0.4,0.36,1.32,1.03,1.83,1.8,0.92,1.73,1.85,2.71,2.05
执政,執政,zhízhèng,ruling,VA,Verb,2.0,1.05,0.1,0.2,0.5,2.2,0.9,1.25,1.3,1.15,0.75,1.82,1.4,0.3,0.51,0.92,1.6,0.94,1.51,1.52,1.46,1.04,2.29,2.12
地步,地步,dìbù,situation,Na,Noun,1.15,0.65,0.05,0.15,0.3,2.2,1.0,0.55,0.35,0.75,0.55,1.19,0.85,0.22,0.48,0.71,1.72,1.14,0.8,0.57,1.18,0.8,1.24,1.6
适合,適合,shìhé,suitable,VH,Adjective,2.4,2.0,0.8,0.65,1.3,3.45,0.95,1.4,0.95,1.05,1.05,1.62,1.41,1.17,0.96,1.45,1.47,1.28,1.43,1.07,1.07,1.4,1.33,1.78
符合,符合,fúhé,conform to,VJ,Verb,2.45,1.2,0.85,0.5,1.05,2.85,0.75,1.25,1.3,1.25,0.85,1.75,1.12,1.39,0.81,1.12,1.74,0.99,1.41,1.71,1.73,1.31,1.29,1.61
树林,樹林,shùlín,forest,Na,Noun,4.05,2.8,0.7,1.85,1.9,2.7,1.85,1.8,0.7,1.0,1.4,1.07,1.72,0.95,1.77,1.48,1.58,1.39,1.57,1.19,1.34,1.46,0.9,1.31
妈妈,媽媽,māmā,mother,Na,Noun,4.1,4.0,2.15,2.4,3.3,4.45,1.85,2.55,2.65,2.3,2.35,1.3,1.55,2.08,1.88,1.73,1.02,1.53,1.83,1.82,1.73,1.59,3.57,2.15
去,去,qù,go,VCL,Verb,2.45,1.0,0.1,0.25,0.6,1.9,3.35,2.3,1.2,1.4,2.2,1.6,1.22,0.3,0.62,0.73,1.51,1.85,1.45,1.33,1.39,1.78,2.19,1.99
赚钱,賺錢,zhuànqián,make money,VA,Verb,2.6,2.3,0.45,0.35,0.9,3.1,2.0,2.55,1.55,1.6,1.9,1.83,1.95,0.97,0.57,1.41,1.61,1.9,1.86,1.69,1.62,1.84,2.86,2.23
数字,數字,shùzì,numbers,Na,Noun,4.0,1.95,0.3,0.35,0.6,1.95,0.6,1.1,1.2,0.8,0.45,1.1,1.88,0.9,0.79,1.02,1.32,0.92,1.04,1.57,1.4,0.92,1.0,1.48
早,早,zǎo,earliness,D,Adverb,2.8,2.05,0.75,0.85,0.9,3.0,1.15,1.3,1.25,1.15,1.1,1.63,1.77,1.34,1.42,1.09,1.48,1.31,1.52,1.58,1.49,1.51,0.95,1.46
气味,氣味,qìwèi,odor,Na,Noun,0.6,0.3,2.55,4.5,0.55,2.6,0.35,0.9,1.3,1.1,0.65,0.86,0.78,1.94,0.92,0.8,1.83,0.96,1.48,1.65,1.45,1.31,1.76,1.87
角色,角色,juésè,fictional_character,Na,Noun,3.4,2.45,0.15,0.2,0.55,2.0,1.15,1.55,1.25,1.55,1.3,1.39,1.66,0.48,0.51,0.92,1.45,1.06,1.24,1.37,1.47,1.38,1.86,1.93
汉奸,漢奸,hànjiān,traitor,Na,Noun,3.3,2.8,0.5,0.45,0.95,3.8,1.8,1.85,1.5,1.4,1.35,1.76,1.69,0.92,0.97,1.4,1.36,1.78,1.77,1.53,1.56,1.49,2.86,2.25
联合,聯合,liánhé,aggregate,VC,Verb,2.25,1.3,0.2,0.25,0.85,2.5,1.0,1.75,1.15,1.5,1.25,1.26,1.35,0.51,0.7,1.11,1.86,1.22,1.73,1.56,1.69,1.55,2.05,1.94
饭菜,飯菜,fàncài,meal,Na,Noun,3.65,1.4,4.1,3.9,2.15,2.95,0.8,2.4,3.25,2.05,1.45,1.39,1.62,1.41,1.58,1.56,1.36,1.12,1.91,1.84,1.75,1.5,2.1,2.0
程序,程序,chéngxù,procedure,Na,Noun,2.3,1.25,0.4,0.4,0.6,2.0,0.75,1.95,1.15,1.15,0.75,1.65,1.3,0.97,0.92,0.97,1.61,0.99,1.75,1.49,1.42,1.09,1.52,1.71
陋室,陋室,lòushì,luggage,Nc,Noun,4.0,1.7,0.4,0.9,1.65,2.85,1.05,1.0,0.55,0.8,1.25,1.0,1.42,0.73,1.18,1.35,1.24,1.16,1.26,0.86,1.25,1.48,1.1,1.48
反对,反對,fǎnduì,against,VE,Verb,1.65,1.7,0.05,0.05,0.4,2.8,0.5,1.85,1.55,1.25,0.8,1.01,1.42,0.22,0.22,0.66,1.4,0.67,1.49,1.5,1.44,0.93,2.0,1.72
团体,團體,tuántǐ,fellowship,Na,Noun,2.6,1.45,0.05,0.1,0.55,2.25,1.0,1.05,1.0,1.15,1.05,1.46,1.56,0.22,0.44,0.97,1.3,1.41,1.24,1.34,1.42,1.28,1.95,1.84
激励,激勵,jīlì,excitation,VC,Verb,2.05,2.0,0.3,0.15,0.7,3.1,0.9,1.85,2.3,1.35,1.25,1.63,1.58,0.9,0.48,1.0,1.14,1.22,1.35,1.42,1.24,1.22,2.19,1.89
军火,軍火,jūnhuǒ,arms,Na,Noun,3.15,2.2,0.35,1.65,1.1,2.05,0.6,1.0,0.6,0.65,0.75,1.35,1.63,1.11,1.71,1.45,1.53,0.8,1.18,0.86,0.79,1.04,1.52,1.79
压力,壓力,yālì,pressure,Na,Noun,1.55,1.1,0.15,0.2,0.7,3.65,0.7,1.0,0.8,0.8,0.55,1.36,1.26,0.48,0.68,0.78,1.28,0.78,1.14,1.12,1.33,0.86,2.52,2.01
交流,交流,jiāoliú,comminicate,VH,Adjective,2.45,3.4,0.15,0.1,0.55,1.9,0.7,1.45,2.95,1.2,0.95,1.5,1.56,0.48,0.3,0.92,1.37,0.78,1.2,1.88,1.21,1.12,2.95,1.79
文件,文件,wénjiàn,file,Na,Noun,2.95,0.6,0.1,0.15,1.35,1.2,0.3,1.85,0.85,0.95,0.65,1.75,1.07,0.3,0.48,1.39,1.12,0.56,1.71,1.19,1.24,0.85,1.43,1.73
山峰,山峯,shānfēng,mountain peak,Noun,Noun,3.8,0.5,0.05,0.15,0.75,2.15,1.55,1.35,0.4,0.85,1.4,1.17,0.74,0.22,0.36,1.09,1.39,1.4,1.24,0.73,1.01,1.2,0.86,1.46
淋浴,淋浴,línyù,take a shower,VA,Verb,3.15,2.6,0.3,0.85,2.35,2.4,1.9,2.7,0.95,2.0,2.6,1.65,1.69,0.71,1.42,1.62,1.43,1.37,1.68,1.2,1.73,1.77,3.57,1.84
限于,限於,xiànyú,limit,VJ,Verb,1.2,0.65,0.25,0.3,0.7,1.85,0.7,0.65,0.5,0.55,0.85,1.33,0.85,0.54,0.71,1.19,1.59,0.95,0.91,0.87,0.86,1.15,1.0,1.38
充分,充分,chōngfèn,full,VH,Adjective,1.65,0.8,0.2,0.1,0.75,2.35,0.5,0.6,0.7,0.8,0.7,1.11,1.03,0.51,0.3,0.7,1.68,0.92,1.02,0.95,1.21,1.0,1.0,1.41
消费者,消費者,xiāofèizhě,consumer,Na,Noun,2.65,1.55,0.4,0.25,0.5,2.15,0.9,1.25,0.85,0.75,0.9,1.62,1.66,0.97,0.7,0.87,1.59,0.89,1.09,1.28,0.83,0.99,3.0,2.23
完全,完全,wánquán,at_all,D,Adverb,1.05,0.6,0.15,0.25,0.3,1.6,0.25,0.4,0.25,0.35,0.5,0.97,0.8,0.36,0.54,0.56,1.53,0.54,0.73,0.54,0.65,0.87,1.1,1.38
做,做,zuò,do,VC,Verb,2.6,1.35,0.05,0.15,1.15,1.8,1.5,2.85,1.1,1.4,2.0,1.74,1.56,0.22,0.48,1.56,1.66,1.5,1.62,1.3,1.5,1.64,2.57,2.19
具,具,jù,tool,VJ,Verb,1.55,0.7,0.1,0.15,0.75,1.35,0.6,0.85,0.4,0.7,0.7,1.28,1.05,0.3,0.48,1.3,1.42,1.2,1.15,0.73,1.27,1.14,0.86,1.36
呕吐,嘔吐,ǒutù,vomit,VA,Verb,3.3,2.2,2.2,3.5,1.15,3.5,0.8,1.45,3.35,2.1,1.4,1.31,1.72,1.69,1.43,1.19,1.16,0.98,1.36,1.88,1.45,1.24,3.76,1.97
士气,士氣,shìqì,morale,Na,Noun,2.35,2.2,0.05,0.1,0.5,3.15,1.15,1.5,1.5,1.1,1.4,1.42,1.57,0.22,0.3,0.97,1.46,1.49,1.63,1.53,1.18,1.5,2.05,2.01
寄托,寄託,jìtuō,sustenance,VC,Verb,1.25,1.1,0.1,0.2,0.35,3.25,0.65,0.95,1.05,1.05,1.05,1.18,1.55,0.3,0.51,0.65,1.58,1.24,1.53,1.47,1.6,1.63,1.67,1.86
艺术,藝術,yìshù,artistic_production,Na,Noun,3.8,3.1,0.7,0.85,1.2,3.2,1.15,1.55,1.1,1.1,1.55,1.29,1.58,0.95,1.19,1.33,1.5,1.11,1.36,1.22,1.04,1.32,2.1,1.97
凶悍,兇悍,xiōnghàn,fierce,VH,Adjective,3.7,2.75,0.05,0.05,0.75,2.8,1.5,1.85,1.65,1.4,1.55,1.19,1.44,0.22,0.22,0.94,1.75,1.72,1.68,1.82,1.69,1.75,1.86,2.03
分组,分組,fēnzǔ,group,VB,Verb,2.55,1.0,0.1,0.05,0.65,1.6,0.85,1.45,1.4,1.2,1.15,1.56,1.22,0.3,0.22,1.11,1.53,1.01,1.36,1.36,1.29,1.19,1.86,1.73
叙述,敘述,xùshù,narrate,VE,Verb,1.4,3.7,0.1,0.1,0.5,2.1,0.8,0.75,3.15,1.55,1.0,1.07,1.27,0.3,0.3,1.02,1.45,0.93,0.94,1.9,1.32,0.89,2.71,2.16
呈,呈,chéng,present,VJ,Verb,2.4,1.1,0.05,0.05,0.75,1.75,0.75,2.2,0.95,1.25,1.1,1.69,1.34,0.22,0.22,1.34,1.7,1.13,1.99,1.43,1.58,1.37,1.48,1.74
直,直,zhí,straight,A,Adjective,3.7,0.5,0.1,0.1,2.05,2.65,0.75,1.25,0.45,0.7,0.8,1.19,0.97,0.3,0.3,1.91,1.56,0.77,1.3,0.97,1.31,1.08,1.14,1.42
守灵,守靈,shǒulíng,guardian,VB,Verb,3.25,2.15,0.05,0.35,0.6,2.6,1.45,1.55,0.9,1.3,1.3,1.48,1.49,0.22,0.79,0.8,1.56,1.43,1.32,1.3,1.27,1.31,2.9,2.07
优惠,優惠,yōuhuì,discount,VJ,Verb,2.15,1.3,0.2,0.05,0.25,2.6,0.55,0.55,0.55,0.65,0.7,1.42,1.38,0.51,0.22,0.54,1.53,0.97,1.02,1.02,0.85,1.1,1.29,1.39
能力,能力,nénglì,hand,Na,Noun,1.5,0.85,0.15,0.2,0.45,2.8,0.8,0.7,1.0,1.0,0.95,1.4,1.01,0.48,0.51,0.8,1.54,0.98,0.9,1.26,1.14,1.32,2.43,1.94
柔软,柔軟,róuruǎn,soft,VH,Adjective,2.35,1.0,0.25,0.15,3.6,2.75,0.75,2.05,0.9,1.05,1.05,1.46,1.26,0.43,0.36,1.85,1.61,0.99,1.56,0.99,1.28,1.24,2.24,2.07
雷雨,雷雨,léiyǔ,thunderstorm,Na,Noun,4.3,4.15,0.25,1.0,1.5,2.85,1.05,1.05,0.95,1.3,1.15,1.05,1.31,0.62,1.3,1.5,1.39,1.2,1.16,1.32,1.42,1.31,0.57,1.0
圆,圓,yuán,round,A,Adjective,4.3,0.65,0.25,0.25,2.0,2.35,0.55,1.25,0.6,0.9,0.7,1.0,1.11,0.7,0.7,2.05,1.68,0.97,1.55,0.97,1.37,1.23,1.05,1.46
失恋,失戀,shīliàn,fall in love,VH,Adjective,2.8,2.6,0.7,0.8,1.15,4.15,0.9,1.6,1.9,1.5,1.25,1.47,1.69,1.27,1.25,1.06,1.39,1.26,1.46,1.73,1.53,1.37,2.62,2.24
保险,保險,bǎoxiǎn,assurance,Na,Noun,1.8,1.15,0.1,0.15,0.55,2.1,0.6,0.7,0.75,0.65,0.55,1.4,1.35,0.3,0.36,0.97,1.37,0.73,0.9,1.04,0.85,0.67,1.71,2.05
厉鬼,厲鬼,lìguǐ,ferocious ghost,Na,Noun,3.0,2.8,0.3,0.6,0.85,3.4,1.25,1.35,0.95,1.1,1.45,1.58,1.5,0.78,1.11,1.31,1.39,1.48,1.39,1.4,1.34,1.43,1.62,1.94
紧,緊,jǐn,tense,A,Adjective,2.3,0.55,0.15,0.05,3.2,2.9,0.85,0.95,0.65,0.8,1.1,1.58,0.74,0.48,0.22,1.66,1.51,1.06,1.12,0.85,1.08,1.09,1.62,1.65
贪污,貪污,tānwū,corruption,VA,Verb,1.85,1.45,0.15,0.4,0.7,2.6,0.85,1.1,1.25,1.3,1.05,1.59,1.56,0.48,0.97,1.31,1.85,1.19,1.34,1.61,1.52,1.28,2.33,2.34
特别,特別,tèbié,special,VH,Adjective,1.95,1.15,0.75,0.75,1.05,2.8,0.3,0.7,0.85,0.65,0.4,1.56,1.15,1.09,1.13,1.24,1.78,0.56,1.14,1.35,1.11,0.97,1.43,1.62
身材,身材,shēncái,body figure,Na,Noun,4.25,0.45,0.35,0.4,1.8,2.4,1.4,1.95,1.15,1.0,1.65,0.77,0.92,0.79,0.8,1.6,1.5,1.56,1.8,1.35,1.18,1.35,3.81,1.84
一个,一個,yígè,article,Nd,Noun,3.15,0.9,0.5,0.45,1.3,1.45,0.4,0.8,0.4,0.85,0.6,1.65,1.37,1.07,1.07,1.38,1.4,0.73,1.21,0.97,1.39,1.07,0.95,1.29
荣华,榮華,rónghuá,glory and splendor,Na,Noun,2.6,1.2,0.45,0.65,0.6,2.75,0.75,1.0,0.85,0.95,0.7,1.5,1.12,1.07,1.19,0.97,1.7,1.18,1.45,1.46,1.16,1.1,1.43,1.65
发言,發言,fāyán,speak,VA,Verb,2.6,3.6,0.15,0.15,0.45,1.8,0.9,2.1,3.5,1.85,1.3,1.56,1.5,0.48,0.48,0.86,1.44,0.99,1.3,1.72,1.42,1.31,3.05,2.13
亮光,亮光,liàngguāng,bright light,Na,Noun,4.45,0.3,0.05,0.15,0.4,2.65,0.55,0.55,0.5,1.1,0.55,0.8,0.71,0.22,0.36,0.8,1.39,1.02,1.07,1.16,1.37,1.12,0.95,1.43
让,讓,ràng,let,VL,Verb,2.0,1.0,0.15,0.2,0.4,1.95,1.4,1.45,1.3,1.2,1.2,1.58,1.18,0.48,0.51,0.66,1.36,1.32,1.63,1.45,1.25,1.33,2.0,2.18
新闻,新聞,xīnwén,news,Na,Noun,3.65,3.25,0.05,0.2,0.25,2.0,0.8,1.0,1.2,1.2,0.9,1.24,1.58,0.22,0.51,0.54,1.82,1.17,1.18,1.03,1.29,1.04,1.38,1.76
自治,自治,zìzhì,autonomy,VA,Verb,1.6,0.95,0.2,0.1,0.35,1.85,0.6,0.8,0.85,0.75,0.7,1.5,1.07,0.68,0.3,0.73,1.35,0.58,1.03,1.28,1.22,0.9,1.62,1.84
欣赏,欣賞,xīnshǎng,appreciate,VJ,Verb,4.05,2.45,1.45,1.25,1.55,2.95,0.95,1.6,1.35,1.7,1.15,1.12,1.88,1.75,1.55,1.63,1.66,1.16,1.77,1.65,1.49,1.24,2.43,1.94
死囚,死囚,sǐqiú,death prisoner,Na,Noun,3.35,2.0,0.65,0.75,0.9,2.8,1.2,1.25,1.4,1.35,1.25,1.49,1.48,0.96,0.89,0.99,1.5,1.33,1.3,1.59,1.11,1.37,2.57,2.26
飙车,飆車,biāochē,drag racing,VA,Verb,3.85,3.65,0.75,0.9,1.65,2.9,3.05,3.4,1.6,2.7,2.9,1.35,1.35,1.04,1.04,1.19,1.04,1.32,1.02,1.46,1.35,1.09,2.81,2.17
乡愁,鄉愁,xiāngchóu,homesickness,Na,Noun,2.8,2.85,2.6,2.0,1.5,3.55,1.3,1.2,1.5,1.65,1.0,1.44,1.62,1.74,1.7,1.66,1.56,1.55,1.36,1.53,1.74,1.38,1.76,1.92
乐曲,樂曲,yuèqǔ,music,Na,Noun,2.35,4.55,0.45,0.5,0.9,3.05,1.6,1.95,1.45,1.9,1.45,1.71,0.97,0.8,0.74,1.41,1.47,1.28,1.4,1.12,1.67,1.24,1.57,1.81
试,試,shì,try,VF,Verb,1.1,1.2,0.45,0.4,1.8,2.3,1.65,2.1,1.3,1.35,1.4,1.14,1.21,0.86,0.66,1.44,1.27,1.42,1.41,1.0,1.39,1.36,2.1,1.87
性情,性情,xìngqíng,temperament,Na,Noun,1.75,2.05,0.8,0.85,1.15,3.05,1.05,1.05,1.35,1.3,1.35,1.41,1.53,1.25,1.19,1.35,1.36,1.2,1.2,1.39,1.45,1.42,2.76,2.18
真,真,zhēn,indeed,D,Adverb,1.6,1.7,0.8,0.65,1.35,2.65,1.15,1.15,1.0,0.9,0.95,1.32,1.58,0.93,0.85,1.53,1.56,1.68,1.49,1.41,1.41,1.56,1.24,1.51
土法,土法,tǔfǎ,indigenous method,Na,Noun,2.75,1.75,1.5,1.5,1.35,2.3,0.75,0.6,0.6,0.85,0.65,1.7,1.3,1.32,1.28,1.28,1.38,1.09,0.92,0.73,1.24,1.06,0.86,1.39
香烟,香菸,xiāngyān,cigarette,Na,Noun,3.4,1.3,3.35,4.2,2.1,3.3,1.0,2.3,2.9,2.35,1.9,1.46,1.52,1.71,1.33,1.64,1.45,1.18,1.58,1.73,1.85,1.81,1.67,1.86
价值,價值,jiàzhí,economic_value,Na,Noun,2.45,2.05,0.8,0.7,1.15,3.15,0.9,1.0,0.75,1.0,0.9,1.83,1.83,1.03,0.71,1.42,1.53,1.14,1.14,1.26,1.22,1.14,1.29,1.67
口号,口號,kǒuhào,slogan,Na,Noun,1.85,4.2,0.35,0.45,0.5,3.2,1.15,2.2,2.8,2.1,1.45,1.8,1.29,0.57,0.8,0.87,1.66,1.35,1.54,1.47,1.7,1.53,2.57,2.22
淡,淡,dàn,of mild taste,A,Adjective,2.4,1.7,3.75,3.0,1.15,3.15,0.45,0.45,1.7,0.95,0.65,1.85,1.52,1.73,1.67,1.28,1.53,0.67,0.74,1.76,1.32,1.11,1.0,1.23
恐惧,恐懼,kǒngjù,fear,Nv,Noun,3.9,3.7,1.4,1.55,2.65,4.1,1.75,1.9,1.85,1.75,2.0,1.34,1.62,1.77,1.83,1.74,1.3,1.41,1.51,1.28,1.3,1.52,2.67,2.08
举世,舉世,jǔshì,universally,Na,Noun,2.6,2.1,0.55,0.65,1.05,2.85,0.9,0.95,0.85,0.95,1.2,2.01,1.76,1.12,1.24,1.6,1.68,1.45,1.36,1.24,1.47,1.6,1.48,1.76
丰收,豐收,fēngshōu,harvest,VH,Adjective,4.1,2.85,1.75,1.65,2.0,3.5,1.65,1.9,1.45,1.6,1.9,1.18,1.68,1.87,1.88,1.82,1.53,1.74,1.45,1.47,1.53,1.67,2.05,1.73
热,熱,rè,hot,A,Adjective,2.5,1.45,1.45,1.35,2.95,4.0,1.55,1.55,1.65,1.35,1.55,1.57,1.36,1.32,1.65,1.66,1.14,1.47,1.43,1.68,1.24,1.43,2.24,2.02
晚报,晚報,wǎnbào,evening newspaper,Na,Noun,3.85,2.3,0.9,1.05,1.75,2.55,0.6,1.7,0.95,1.45,1.0,1.49,1.71,1.09,1.16,1.22,1.56,0.73,1.49,0.86,1.24,1.05,1.14,1.42
不能,不能,bùnéng,incapable,D,Adverb,1.95,2.3,0.4,0.3,0.75,3.2,1.0,1.55,1.5,1.3,1.15,1.63,1.62,0.66,0.56,1.26,1.6,1.1,0.97,0.97,1.0,1.28,1.29,1.67
灿灿,燦燦,càncàn,shiny,A,Adjective,3.7,1.7,0.85,0.7,0.8,2.45,0.6,0.55,0.5,0.5,0.45,1.42,1.62,1.31,1.23,1.21,1.6,0.86,0.74,0.74,0.81,0.67,0.86,1.36
美容,美容,měiróng,cosmetic,VB,Verb,3.35,1.5,0.65,1.2,2.0,2.4,0.75,1.65,1.0,2.0,1.3,1.62,1.24,0.91,1.54,1.41,1.32,1.09,1.39,0.95,1.26,1.23,3.0,1.8
暴雨,暴雨,bàoyǔ,rainstorm,Na,Noun,4.4,4.2,1.55,2.0,2.65,3.15,1.5,1.6,0.9,1.0,1.5,1.11,1.21,1.69,1.58,1.53,1.35,1.28,1.43,1.09,1.22,1.32,1.0,1.41
呈现,呈現,chéngxiàn,present,VJ,Verb,3.7,2.75,1.4,1.4,1.1,2.65,0.9,1.05,0.8,1.4,1.1,1.42,1.61,1.53,1.39,1.3,1.65,1.18,1.28,0.93,1.36,1.14,1.29,1.52
黏,黏,nián,sticky,A,Adjective,2.9,1.4,1.35,1.3,4.15,3.25,1.4,1.9,1.25,0.85,0.9,1.58,1.43,1.46,1.52,1.24,1.58,1.59,1.34,1.44,0.96,1.04,1.52,1.5
影片,影片,yǐngpiàn,film,Na,Noun,4.45,4.25,0.55,0.45,0.95,3.45,1.05,1.0,1.15,1.3,1.2,1.16,1.22,0.8,0.8,1.2,1.53,1.24,1.1,1.01,1.23,1.21,1.43,1.81
禅师,禪師,chánshī,zen master,Na,Noun,3.15,2.75,0.95,1.2,1.0,3.0,1.1,1.45,1.15,1.1,1.2,1.71,1.89,1.32,1.36,1.41,1.79,1.34,1.36,1.11,1.41,1.25,2.57,2.19
雪花,雪花,xuěhuā,snowflake,Na,Noun,4.2,1.85,1.05,1.2,3.1,3.05,1.25,1.55,0.85,1.05,1.5,1.08,1.46,1.2,1.4,1.55,1.53,1.26,1.2,1.11,1.07,1.32,0.81,1.22
毛毯,毛毯,máotǎn,blanket,Na,Noun,3.2,0.9,0.7,1.15,3.6,2.65,1.25,1.5,0.6,0.75,1.4,1.69,1.14,0.9,1.19,1.28,1.49,1.37,1.53,1.02,1.04,1.39,1.14,1.39
了解,了解,liǎojiě,learn,VK,Verb,1.95,2.35,0.7,0.55,0.9,2.75,0.7,0.9,0.8,1.2,0.75,1.69,1.77,0.95,0.86,0.99,1.7,0.78,1.14,1.08,1.4,0.89,2.05,2.01
百姓,百姓,bǎixìng,people,Na,Noun,2.85,2.65,0.8,0.75,0.85,2.7,0.9,0.85,0.8,1.2,1.1,1.68,1.77,1.5,1.26,1.31,1.65,1.14,1.24,1.25,1.47,1.37,2.52,2.26
交易,交易,jiāoyì,commerce,Na,Noun,2.9,2.75,0.7,0.8,1.25,2.5,1.55,2.25,1.8,1.9,1.75,1.73,1.51,0.95,1.29,1.34,1.57,1.2,1.41,1.47,1.58,1.44,2.43,1.94
整合,整合,zhěnghé,integrate,VC,Verb,2.0,1.1,0.4,0.4,1.35,2.4,0.95,2.7,1.1,1.1,1.6,1.84,1.18,0.58,0.66,1.53,1.53,1.07,1.87,1.34,1.18,1.62,1.9,1.82
清单,清單,qīngdān,list,Na,Noun,3.05,1.25,0.5,0.45,1.15,1.9,0.55,1.7,1.4,1.1,1.3,1.69,1.37,0.97,0.86,1.42,1.37,0.74,1.45,1.2,1.18,1.27,1.24,1.6
泰然,泰然,tàirán,calm,VH,Adjective,2.3,1.2,0.45,0.35,0.6,2.8,1.25,1.3,0.85,1.0,1.55,1.79,1.17,0.86,0.79,1.02,1.63,1.13,1.14,1.24,1.22,1.36,1.43,1.89
旗袍,旗袍,qípáo,cheongsam,Na,Noun,3.95,0.75,0.25,0.4,1.95,2.25,1.25,1.5,0.9,0.95,1.5,1.28,1.09,0.62,0.86,1.24,1.18,1.26,1.16,1.04,1.07,1.47,2.24,2.0
快活,快活,kuàihuó,happy,VH,Adjective,3.05,2.55,0.9,0.7,1.2,3.75,1.95,2.55,1.9,1.95,2.5,1.56,1.6,1.09,1.05,1.4,1.37,1.56,1.43,1.45,1.47,1.5,2.38,2.08
视为,視為,shìwèi,deepen,VG,Verb,3.05,0.75,0.25,0.2,0.4,2.5,0.45,0.5,0.55,1.3,0.6,1.75,1.13,0.54,0.51,0.66,1.77,0.74,0.87,0.92,1.23,0.8,1.71,1.67
朗朗,朗朗,lǎnglǎng,bright/ loud,A,Adjective,2.55,3.15,0.5,0.5,0.6,2.85,0.8,1.15,1.65,1.45,1.35,1.86,1.8,0.97,0.97,1.02,1.68,1.21,1.46,1.56,1.47,1.46,0.86,1.12
粗俗,粗俗,cūsú,vulgar,VH,Adjective,2.85,3.2,0.5,1.0,0.9,3.5,1.1,1.15,1.7,1.0,1.05,1.71,1.36,0.81,1.45,1.14,1.32,1.26,1.15,1.52,1.22,1.07,1.43,1.56
温泉,溫泉,wēnquán,spa,Na,Noun,3.3,2.25,1.3,1.35,3.75,3.25,1.75,1.9,0.95,1.15,1.95,1.55,1.7,1.62,1.53,1.58,1.44,1.41,1.37,1.12,0.96,1.56,1.38,1.46
镜子,鏡子,jìngzi,mirror,Na,Noun,4.35,0.8,0.15,0.15,1.65,2.5,1.05,1.35,0.75,1.9,1.8,1.11,0.87,0.36,0.36,1.71,1.5,1.07,1.24,0.99,1.22,1.5,1.48,1.84
纸币,紙幣,zhǐbì,paper currency,Na,Noun,3.8,1.5,0.8,1.2,2.45,2.75,0.4,1.95,0.75,0.75,1.0,1.29,1.28,1.08,1.21,1.77,1.67,0.8,1.32,1.22,1.04,1.22,1.29,1.83
贷款,貸款,dàikuǎn,loan,Na,Noun,1.65,1.7,0.25,0.15,0.55,2.85,0.5,1.0,0.8,0.75,0.85,1.39,1.52,0.43,0.36,0.86,1.49,0.87,1.18,1.21,0.89,1.01,1.57,2.04
联盟,聯盟,liánméng,federation,Na,Noun,2.8,2.55,0.3,0.3,0.7,2.55,1.05,2.0,1.8,1.55,1.65,1.75,1.94,0.64,0.64,1.1,1.91,1.16,1.55,1.66,1.56,1.65,1.48,1.79
年糕,年糕,niángāo,rice cake,Na,Noun,3.55,1.05,3.85,3.3,3.0,2.45,0.45,1.65,3.15,1.25,1.0,1.43,1.12,1.42,1.58,1.61,1.2,0.74,1.42,1.53,1.34,1.22,1.38,2.06
推进,推進,tuījìn,propel,VAC,Verb,2.55,1.6,0.25,0.25,1.15,2.5,1.95,2.5,1.35,1.2,1.95,1.77,1.43,0.62,0.62,1.53,1.8,1.56,1.57,1.35,1.12,1.53,1.86,1.61
进入,進入,jìnrù,enter,VCL,Verb,2.5,1.15,0.2,0.25,1.4,2.65,3.35,2.35,0.6,1.1,2.55,1.72,1.11,0.51,0.54,1.46,1.74,1.49,1.46,0.92,1.09,1.5,2.33,1.78
慈母,慈母,címǔ,loving mother,Na,Noun,3.7,2.6,1.1,1.15,2.0,3.7,1.3,1.65,1.4,1.35,1.65,1.19,1.71,1.41,1.42,1.67,1.58,1.45,1.53,1.56,1.59,1.65,2.9,2.24
医生,醫生,yīshēng,doctor,Na,Noun,3.5,2.0,1.05,1.75,1.1,3.25,0.95,1.25,1.2,1.15,1.4,1.28,1.45,1.4,1.37,1.26,1.51,0.97,1.09,1.17,1.11,1.24,3.29,2.29
重视,重視,zhòngshì,pay attention to,VJ,Verb,2.3,1.6,0.25,0.25,0.45,3.7,0.65,0.7,0.9,0.85,0.9,1.82,1.5,0.54,0.54,0.67,1.49,0.73,0.78,0.99,0.96,0.89,2.57,1.99
月饼,月餅,yuèbǐng,moon cake,Na,Noun,3.6,0.85,4.0,3.35,3.0,2.8,0.4,1.5,2.9,1.25,1.05,1.62,1.11,1.34,1.56,1.45,1.47,0.73,1.16,1.55,1.26,1.28,1.24,1.85
蝎子,蠍子,xiēzi,scorpion,Na,Noun,3.75,1.75,0.95,1.1,2.25,3.15,1.45,1.4,1.35,1.2,1.6,1.37,1.44,1.24,1.26,1.84,1.39,1.63,1.56,1.39,1.5,1.77,0.68,1.26
浪花,浪花,lànghuā,spray,Na,Noun,4.1,4.2,1.1,1.55,2.55,2.95,1.5,1.5,0.85,1.45,1.65,1.26,1.33,1.22,1.66,1.6,1.6,1.12,1.16,0.96,1.4,1.28,0.91,1.5
上课,上課,shàngkè,attend class,VA,Verb,3.65,3.85,0.5,0.7,1.15,3.35,1.25,2.1,1.9,1.8,1.8,1.24,1.35,0.81,0.9,1.28,1.28,1.09,1.22,1.45,1.33,1.21,3.18,1.95
欢笑,歡笑,huānxiào,laugh,VA,Verb,3.4,4.2,0.25,0.35,0.8,3.55,0.8,1.6,2.2,2.0,1.7,1.71,1.29,0.54,0.65,1.17,1.5,0.68,1.16,1.47,1.3,1.27,3.55,2.08
正宗,正宗,zhèngzōng,authentic,Na,Noun,2.2,1.45,2.65,1.8,1.4,2.65,0.6,0.75,0.9,1.05,0.65,1.54,1.32,1.39,1.54,1.53,1.85,0.86,1.09,1.14,1.36,1.01,1.09,1.53
芥蒂,芥蒂,jièdì,grievance,Na,Noun,1.75,1.0,0.25,0.25,0.8,3.7,0.5,0.7,1.0,0.7,0.7,1.64,1.34,0.54,0.43,0.93,1.49,0.59,0.78,1.18,0.9,0.9,1.45,1.8
手,手,shǒu,hand,Na,Noun,3.65,1.15,0.6,0.6,3.85,2.5,0.4,3.6,0.55,0.75,0.95,1.35,1.56,0.86,0.86,1.49,1.47,0.58,1.36,0.97,1.22,1.07,4.23,2.15
宝石,寶石,bǎoshí,gem,Na,Noun,4.2,1.05,0.35,0.35,3.0,2.95,0.55,1.35,0.9,0.95,0.8,1.25,1.24,0.73,0.73,1.38,1.6,0.8,1.42,1.34,1.16,0.98,1.18,1.9
风月,風月,fēngyuè,temptress,Na,Noun,3.45,2.55,0.6,0.65,1.0,3.3,0.85,0.75,0.75,1.2,1.15,1.6,1.8,1.16,0.91,1.18,1.35,0.96,0.77,0.99,1.17,1.11,1.73,1.96
幸运,幸運,xìngyùn,lucky,VH,Adjective,1.65,1.3,0.3,0.35,0.75,3.8,0.7,0.8,0.95,1.25,0.7,1.46,1.27,0.56,0.65,1.18,1.54,0.84,0.93,1.02,1.37,0.84,1.32,1.99
安葬,安葬,ānzàng,burial,VC,Verb,3.2,2.4,0.45,1.05,0.8,3.35,1.25,1.55,0.95,1.45,1.45,1.57,1.83,0.74,1.24,1.12,1.35,1.3,1.43,1.2,1.36,1.32,3.05,2.14
母爱,母愛,mǔài,maternal love,Na,Noun,3.3,2.3,1.8,1.5,2.25,3.8,1.3,1.7,1.4,1.55,1.65,1.55,1.58,1.66,1.53,1.58,1.57,1.45,1.62,1.43,1.63,1.59,2.77,2.15
强化,強化,qiánghuà,strengthen,VHC,Verb,1.7,1.3,0.35,0.35,1.1,2.8,1.2,1.45,0.9,1.05,1.45,1.62,1.38,0.65,0.57,1.18,1.5,1.44,1.36,1.09,1.16,1.36,1.32,1.61
残酷,殘酷,cánkù,cruel,VH,Adjective,2.75,2.15,0.55,0.55,1.1,3.3,0.9,0.95,1.0,0.85,1.0,1.79,1.62,1.16,1.02,1.41,1.42,0.99,1.07,1.34,1.24,1.14,1.05,1.58
输,輸,shū,lose,VD,Verb,2.4,1.95,0.4,0.4,0.75,3.75,1.2,1.5,1.05,1.4,1.35,1.53,1.5,0.73,0.73,1.09,1.37,1.17,1.2,1.2,1.56,1.49,1.55,1.83
印象,印象,yìnxiàng,impression,Na,Noun,3.4,2.15,0.95,0.85,1.1,2.9,0.75,0.75,0.95,1.0,0.85,1.11,1.53,1.07,1.06,1.09,1.55,0.83,0.83,1.07,1.05,1.01,1.27,1.86
需,需,xū,need,D,Adverb,1.4,1.05,0.4,0.4,0.65,3.0,0.7,1.0,1.0,0.75,0.75,1.39,1.32,0.58,0.58,1.01,1.58,0.84,0.95,1.0,0.99,0.99,0.86,1.29
松,鬆,sōng,shaggy,A,Adjective,2.8,1.1,0.35,0.45,2.3,2.6,0.95,1.45,0.95,1.25,1.15,1.66,1.18,0.57,0.74,1.9,1.43,1.12,1.07,1.28,1.48,1.24,1.23,1.44
呆,呆,dāi,dull,A,Adjective,2.9,1.35,0.3,0.35,0.6,2.8,1.1,1.4,0.65,1.2,1.35,1.51,1.35,0.64,0.65,0.86,1.33,1.26,1.46,0.85,1.03,1.49,2.95,2.08
吓,嚇,xià,scare,VJ,Verb,3.3,3.2,0.2,0.2,1.7,3.6,1.75,1.95,1.95,1.55,2.15,1.38,1.25,0.4,0.4,1.23,1.11,1.34,1.2,1.36,1.2,1.28,2.95,1.87
诱因,誘因,yòuyīn,inducement,Na,Noun,1.45,1.15,0.45,0.45,0.85,2.7,0.4,0.45,0.75,0.75,0.6,1.24,1.24,0.8,0.8,0.96,1.27,0.58,0.59,1.09,1.22,0.86,1.14,1.58
启发,啟發,qǐfā,enlighten,VC,Verb,1.8,1.65,0.35,0.25,0.8,3.4,0.4,0.75,0.65,1.1,0.55,1.78,1.59,0.65,0.62,1.21,1.53,0.58,0.77,0.91,1.04,0.67,2.05,1.85
愿,願,yuàn,willing,VK,Verb,1.5,1.3,0.25,0.2,0.4,3.4,0.55,0.95,1.1,1.55,1.05,1.4,1.45,0.54,0.4,0.73,1.46,0.8,0.92,1.04,1.28,1.07,2.09,2.21
相较,相較,xiāngjiào,comparison,VB,Verb,2.35,1.65,0.9,0.9,1.25,2.75,0.4,0.7,0.95,0.9,0.9,1.8,1.53,1.14,1.04,1.3,1.7,0.58,0.71,1.07,1.14,1.22,1.14,1.39
愤怒,憤怒,fènnù,anger,VH,Adjective,3.05,2.7,0.3,0.35,0.85,3.75,1.95,2.2,2.45,2.4,2.45,1.69,1.73,0.64,0.73,0.85,1.3,1.56,1.44,1.6,1.43,1.28,2.73,2.14
火辣,火辣,huǒlà,burning,A,Adjective,3.3,1.25,3.55,2.6,1.9,3.6,1.1,1.55,2.8,1.8,1.7,1.58,1.22,1.56,1.59,1.48,1.5,1.09,1.36,1.54,1.36,1.38,2.0,2.09
顺序,順序,shùnxù,order,Na,Noun,2.55,0.9,0.15,0.15,0.5,2.45,1.0,1.15,0.75,1.0,0.95,1.83,1.22,0.36,0.36,0.87,1.69,1.1,1.15,0.99,1.0,0.92,0.77,1.38
认为,認為,rènwéi,think,VE,Verb,1.45,1.3,0.15,0.2,0.5,3.15,0.5,0.75,1.2,1.15,0.65,1.43,1.35,0.36,0.4,0.59,1.56,0.59,0.94,1.12,1.24,0.73,2.09,2.13
赞叹,讚歎,zàntàn,sigh,VE,Verb,2.65,2.75,0.95,0.95,1.05,3.55,0.75,2.2,2.55,2.0,1.0,1.53,1.64,1.4,1.36,1.24,1.56,1.04,1.6,1.66,1.52,1.18,2.73,2.11
佛光,佛光,fóguāng,buddhist light,Nb,Noun,3.9,1.8,0.45,0.5,0.8,2.85,0.25,1.1,0.75,1.2,1.3,1.48,1.54,0.59,0.81,1.12,1.71,0.43,1.14,0.94,0.93,1.14,1.86,2.32
压迫,壓迫,yāpò,oppression,VC,Verb,2.8,1.6,0.3,0.4,1.8,3.75,1.35,2.2,1.6,1.3,1.8,1.47,1.36,0.71,0.73,1.5,1.22,1.24,1.17,1.28,1.19,1.17,2.0,2.02
厕所,廁所,cèsuǒ,bathroom,Nc,Noun,3.25,1.9,1.3,3.8,0.8,2.65,1.7,1.55,0.7,0.65,1.25,1.48,1.37,1.85,1.5,1.03,1.49,1.38,1.28,1.14,0.85,1.22,1.59,1.95
寄生,寄生,jìshēng,parasitic,VA,Verb,2.4,0.7,0.35,0.3,1.4,3.5,0.95,1.25,0.75,0.85,1.2,1.53,0.78,0.57,0.46,1.36,1.63,1.12,1.22,1.18,1.06,1.36,1.45,1.7
言谈,言談,yántán,talk,Na,Noun,2.15,3.8,0.25,0.2,0.4,2.75,0.85,1.45,3.25,1.95,1.4,1.53,1.33,0.43,0.4,0.73,1.37,0.79,1.32,1.55,1.36,1.07,2.91,1.98
形成,形成,xíngchéng,form,VG,Verb,2.5,1.1,0.3,0.2,0.7,2.45,0.55,1.0,0.55,0.55,0.65,1.5,1.09,0.56,0.4,1.0,1.4,0.59,0.95,0.8,0.8,1.06,0.95,1.55
辞职,辭職,cízhí,resign,VA,Verb,2.5,1.95,0.1,0.1,0.55,3.6,1.5,1.8,2.1,1.45,1.5,1.4,1.36,0.3,0.3,0.86,1.2,1.24,0.87,1.41,1.2,1.12,2.82,2.25
疑云,疑雲,yíyún,suspicious,Na,Noun,2.55,1.6,0.2,0.2,0.85,3.6,0.5,0.7,0.7,1.1,0.75,1.77,1.39,0.4,0.4,1.06,1.46,0.87,0.9,1.0,1.14,0.89,1.41,1.83
进来,進來,jìnlái,come in,VA,Verb,3.2,2.25,0.2,0.25,0.95,2.25,2.8,2.2,0.75,1.4,2.2,1.29,1.18,0.4,0.43,1.07,1.44,1.54,1.08,1.22,1.2,1.47,2.86,2.18
走向,走向,zǒuxiàng,move,VCL,Verb,2.9,1.1,0.2,0.2,0.6,2.05,3.55,2.5,0.85,1.6,2.35,1.7,1.14,0.4,0.4,0.97,1.63,1.56,1.63,1.01,1.36,1.35,2.68,1.99
万恶,萬惡,wàn'è,all evil,A,Adjective,2.85,1.45,0.3,0.25,0.7,3.9,0.6,0.75,0.8,0.85,0.65,1.74,1.5,0.71,0.7,0.9,1.37,0.86,0.99,1.25,0.96,0.85,0.68,1.1
联合国,聯合國,liánhéguó,united_nations,Nc,Noun,2.76,2.19,0.05,0.1,0.29,2.52,0.62,0.86,1.33,0.86,0.81,1.48,1.47,0.21,0.29,0.45,1.43,0.9,0.77,1.32,0.89,0.85,0.95,1.77
恶魔,惡魔,èmó,demon,Na,Noun,3.24,2.62,0.29,0.48,0.71,3.05,1.0,1.62,1.43,1.19,1.24,1.6,1.76,0.63,0.85,0.88,1.36,1.15,1.5,1.37,1.22,1.11,1.09,1.53
酸涩,酸澀,suānsè,acerbic,A,Adjective,1.0,0.43,4.24,1.95,0.62,3.14,0.9,1.05,2.9,1.33,0.95,1.11,0.49,1.34,1.46,1.09,1.21,1.11,1.09,1.51,1.46,1.17,1.18,1.8
案犯,案犯,ànfàn,criminal,Noun,Noun,2.52,1.95,0.19,0.19,0.71,2.29,0.71,1.19,0.86,0.62,0.95,1.47,1.43,0.5,0.5,1.2,1.24,0.93,1.05,1.17,0.72,1.25,2.09,2.23
想,想,xiǎng,think,VE,Verb,1.52,0.95,0.33,0.24,0.43,3.29,0.62,1.1,1.0,2.0,0.86,1.22,0.9,0.71,0.43,0.73,1.67,0.95,1.31,1.23,1.54,0.94,2.82,2.19
缺,缺,quē,lack,VJ,Verb,2.33,0.71,0.33,0.19,0.86,2.71,0.48,0.48,0.67,0.52,0.43,1.86,0.98,0.78,0.39,1.42,1.08,0.91,0.66,1.08,0.66,0.79,1.23,1.59
克服,克服,kèfú,overcome,VJ,Verb,1.48,0.76,0.14,0.29,0.81,3.19,1.76,1.86,1.05,1.05,1.38,1.53,0.87,0.35,0.88,1.22,1.3,1.38,1.42,1.05,1.21,1.36,2.59,2.19
习惯,習慣,xíguàn,habit,Na,Noun,1.14,1.05,0.48,0.52,0.86,2.95,1.57,1.48,1.33,1.1,1.14,1.17,1.21,0.73,0.91,1.12,1.36,1.37,1.43,1.39,1.23,1.32,2.09,2.23
雷池,雷池,léichí,safeline,Nc,Noun,2.57,1.95,0.14,0.1,0.71,2.67,1.0,0.86,0.81,0.62,0.71,1.59,1.65,0.47,0.29,1.08,1.46,1.11,1.08,1.1,0.79,0.98,1.23,1.76
海豚,海豚,hǎitún,dolphin,Na,Noun,3.71,2.71,0.33,0.71,1.48,1.9,0.67,1.05,0.86,1.19,1.43,1.42,1.35,0.56,1.12,1.37,1.27,0.84,1.09,0.94,1.18,1.5,0.55,1.2
饥寒,飢寒,jīhán,hunger,Na,Noun,2.81,1.52,1.29,1.1,2.33,3.67,1.9,1.86,2.24,1.33,2.0,1.68,1.5,1.39,1.27,1.58,1.49,1.38,1.39,1.51,1.13,1.38,1.91,2.07
杂,雜,zá,mixed,A,Adjective,3.19,2.1,1.19,1.33,1.57,3.1,0.52,0.57,0.86,0.62,0.76,1.56,1.74,1.4,1.49,1.26,1.31,0.66,0.66,1.04,0.79,0.92,1.05,1.66
破,破,pò,broken,A,Adjective,3.67,1.48,0.33,0.29,1.71,2.67,0.52,0.95,0.76,0.76,0.67,1.58,1.53,0.56,0.63,1.55,1.49,0.85,0.95,1.15,1.06,1.08,0.95,1.55
温度,溫度,wēndù,temperature,Na,Noun,1.67,0.62,0.62,0.57,2.95,3.14,1.0,1.33,0.95,0.95,1.29,1.36,0.72,0.9,0.79,1.79,1.46,1.15,1.49,1.0,1.17,1.08,1.27,1.57
痒,癢,yǎng,itchy,A,Adjective,1.48,0.86,0.19,0.19,3.52,4.0,1.86,2.71,1.43,1.43,2.14,1.59,0.83,0.39,0.39,1.79,1.35,1.61,1.78,1.53,1.59,1.7,2.5,2.27
找,找,zhǎo,try to find,VC,Verb,3.4,1.85,0.45,1.05,1.5,2.4,2.75,2.85,1.75,2.25,2.15,1.46,1.46,0.74,1.36,1.43,1.62,1.3,1.42,1.26,1.48,1.46,3.14,2.05
片刻,片刻,piànkè,moment,Nd,Noun,1.2,0.65,0.05,0.05,0.35,2.65,0.5,0.45,0.3,0.5,0.35,1.44,1.11,0.22,0.22,0.91,1.39,0.59,0.59,0.71,0.81,0.65,0.68,1.14
精彩,精彩,jīngcǎi,wonderful,VH,Adjective,3.9,3.45,1.05,0.85,1.2,3.35,1.4,2.15,2.15,1.55,1.9,1.18,1.5,1.36,1.31,1.33,1.35,1.39,1.46,1.56,1.24,1.41,1.0,1.73
方向,方向,fāngxiàng,way,Na,Noun,3.3,1.6,0.15,0.45,0.85,2.55,1.9,1.55,0.85,1.55,1.5,1.58,1.53,0.36,0.74,1.31,1.6,1.41,1.53,1.01,1.28,1.5,1.41,2.1
委任,委任,wěirèn,appoint,VF,Verb,1.55,1.75,0.1,0.05,0.5,2.35,0.6,1.65,1.45,1.25,1.5,1.24,1.55,0.3,0.22,0.67,1.59,0.58,1.31,1.53,1.04,0.97,2.0,2.02
魄力,魄力,pòlì,courage,Na,Noun,2.35,1.55,0.1,0.2,0.5,3.5,0.75,1.2,1.25,1.25,1.25,1.77,1.32,0.3,0.68,1.02,1.57,1.04,1.03,1.13,1.18,1.13,1.91,2.02
大腿,大腿,dàtuǐ,thigh,Na,Noun,3.85,0.4,0.1,0.1,2.85,2.35,3.3,1.25,0.65,0.7,1.75,1.11,0.8,0.3,0.3,1.49,1.39,1.82,1.37,0.96,1.0,1.58,3.95,2.34
参观,參觀,cānguān,visit,VC,Verb,4.15,2.65,0.3,0.7,1.5,2.6,2.75,2.35,1.75,2.75,2.3,1.11,1.56,0.46,1.1,1.32,1.53,1.51,1.39,1.37,1.51,1.55,3.32,1.99
路途,路途,lùtú,road,Na,Noun,3.15,0.85,0.15,0.2,0.6,2.05,3.0,1.9,0.9,1.2,1.95,1.39,1.11,0.36,0.4,0.8,1.6,1.38,1.22,0.94,1.4,1.4,1.05,1.43
坎坷,坎坷,kǎnkě,bumpy,VH,Adjective,2.45,1.35,0.2,0.15,0.65,3.5,1.95,1.45,1.05,0.95,1.35,1.8,1.31,0.51,0.48,0.85,1.4,1.63,1.5,1.07,1.16,1.39,1.23,1.7
专辑,專輯,zhuānjí,album,Na,Noun,3.35,4.05,0.15,0.15,0.75,2.65,0.6,0.95,1.4,1.15,0.9,1.39,1.2,0.36,0.36,0.7,1.31,0.86,0.92,1.28,1.42,1.14,1.32,1.84
总统,總統,zǒngtǒng,president,Na,Noun,3.35,2.0,0.1,0.1,0.3,2.75,0.8,1.0,0.9,0.95,1.1,1.56,1.7,0.3,0.3,0.56,1.44,1.21,1.26,1.22,1.2,1.22,2.0,2.32
对白,對白,duìbái,dialogue,Na,Noun,2.05,4.0,0.1,0.05,0.55,2.4,0.75,0.85,2.65,1.35,1.1,1.53,1.3,0.3,0.22,0.86,1.36,1.13,1.01,1.65,1.28,1.22,2.64,2.21
枯萎,枯萎,kūwěi,withered,VH,Adjective,4.2,1.15,0.55,1.2,1.8,3.15,0.6,0.8,0.65,0.75,0.9,1.08,1.19,1.07,1.12,1.6,1.06,0.97,1.08,1.11,1.04,1.34,1.09,1.68
议员,議員,yìyuán,councillor,Na,Noun,2.8,2.0,0.05,0.05,0.25,1.9,0.45,0.7,1.55,0.85,0.75,1.44,1.73,0.22,0.22,0.43,1.26,0.67,1.05,1.53,1.15,0.83,2.5,2.23
苦涩,苦澀,kǔsè,bitter,A,Adjective,1.45,0.75,4.45,1.5,0.9,3.45,0.55,0.7,3.05,1.05,0.75,1.2,0.89,1.07,1.53,1.41,1.24,0.97,0.9,1.66,1.32,1.13,1.18,1.61
花圈,花圈,huāquān,wreath,Na,Noun,4.1,2.0,0.25,0.45,0.9,3.35,0.55,0.7,0.8,0.7,0.85,1.3,1.45,0.54,0.86,1.14,1.42,1.02,0.9,1.36,1.19,1.31,1.68,2.03
搏斗,搏鬥,bódòu,fight,VA,Verb,3.8,2.55,0.1,0.2,1.95,2.7,3.5,3.45,2.05,2.65,3.4,1.36,1.53,0.3,0.4,1.36,1.45,1.5,1.53,1.53,1.68,1.56,2.95,2.25
口味,口味,kǒuwèi,flavor,Na,Noun,1.05,0.3,4.2,2.45,0.6,2.65,0.3,0.45,2.5,0.35,0.35,1.16,0.56,1.25,1.75,0.92,1.28,0.56,0.86,1.72,0.57,0.65,2.09,2.04
泪痕,淚痕,lèihén,tears,Na,Noun,3.8,1.6,0.45,0.4,1.75,3.15,0.45,0.8,0.6,1.25,0.65,1.25,1.59,0.74,0.66,1.13,1.56,0.92,0.93,0.86,1.18,0.79,2.18,1.9
硬绷绷,硬繃繃,yìngbēngbēng,hard,A,Adjective,3.15,1.4,0.45,0.25,3.9,3.05,1.15,1.75,0.8,0.75,1.05,1.31,1.5,0.74,0.43,1.41,1.2,1.31,1.48,0.93,1.26,1.32,1.14,1.42
云彩,雲彩,yúncǎi,cloud,Na,Noun,4.2,0.5,0.25,0.3,0.75,2.2,0.3,0.55,0.35,1.1,0.65,1.12,0.92,0.43,0.71,1.22,1.54,0.56,0.8,0.79,1.34,1.06,0.95,1.61
正义,正義,zhèngyì,justice,Na,Noun,1.8,1.45,0.1,0.1,0.25,3.25,0.65,1.2,1.4,1.25,1.0,1.36,1.28,0.3,0.3,0.54,1.44,0.79,1.47,1.36,1.61,1.38,1.73,2.07
预算,預算,yùsuàn,budget,Na,Noun,1.3,0.8,0.2,0.2,0.3,2.45,0.35,1.2,0.8,0.85,0.5,1.68,1.12,0.4,0.4,0.56,1.47,0.57,1.21,0.87,1.01,0.74,1.73,2.0
尽,盡,jǐn,fully,VJ,Verb,2.0,0.9,0.2,0.25,0.5,2.2,0.5,0.4,0.55,0.6,0.4,1.76,1.09,0.4,0.54,0.81,1.63,1.12,0.58,0.86,1.24,0.8,0.82,1.27
悟性,悟性,wùxìng,comprehension by intuition,Na,Noun,1.5,1.35,0.2,0.25,0.35,3.6,0.45,0.7,1.25,1.25,0.8,1.07,1.35,0.4,0.54,0.57,1.5,0.67,0.78,1.3,1.51,0.93,2.36,2.01
实际,實際,shíjì,actual,VH,Adjective,1.65,1.3,0.35,0.4,0.7,2.7,0.8,0.75,1.1,0.95,0.8,1.59,1.31,0.79,0.86,1.35,1.65,1.54,1.41,1.45,1.28,1.08,0.82,1.59
辣椒,辣椒,làjiāo,chili,Na,Noun,3.45,0.9,4.4,2.85,2.0,3.4,0.9,1.15,3.35,1.25,1.05,1.66,1.58,1.11,1.65,1.61,1.28,1.3,1.42,1.77,1.3,1.36,1.64,2.12
来世,來世,láishì,afterlife,Nd,Noun,1.5,0.7,0.4,0.3,0.4,3.3,0.55,0.75,0.8,0.75,0.75,1.83,1.05,0.73,0.64,0.92,1.52,1.12,1.44,1.36,1.34,1.44,1.82,2.23
保持,保持,bǎochí,keep,VJ,Verb,1.6,0.65,0.15,0.15,0.4,2.4,1.95,2.05,1.3,1.75,2.05,1.69,0.96,0.36,0.36,0.8,1.32,1.72,1.66,1.42,1.58,1.72,2.0,2.09
学识,學識,xuéshí,knowledge,Na,Noun,1.7,1.85,0.1,0.15,0.3,3.15,0.35,0.55,1.2,1.2,0.6,1.45,1.39,0.3,0.36,0.56,1.15,0.57,0.86,1.33,1.29,0.73,2.5,2.08
海面,海面,hǎimiàn,offing,Nc,Noun,4.05,2.95,1.05,1.95,1.85,2.85,1.05,1.25,0.85,1.05,1.15,1.16,1.47,1.53,1.6,1.53,1.62,1.47,1.51,1.11,1.32,1.35,1.14,1.66
围观,圍觀,wéiguān,watch,VC,Verb,4.05,2.9,0.15,0.45,0.95,2.4,1.7,1.65,1.45,2.0,1.65,1.24,1.61,0.36,0.92,1.16,1.43,1.31,1.24,1.32,1.48,1.35,2.55,2.08
今后,今後,jīnhòu,onward,Nd,Noun,1.0,0.7,0.1,0.1,0.3,2.55,0.5,0.5,0.65,0.45,0.4,1.1,1.05,0.3,0.3,0.71,1.32,0.81,0.87,1.31,0.8,0.66,0.73,1.25
浓烈,濃烈,nóngliè,strong,A,Adjective,2.6,1.4,2.65,2.4,0.9,2.8,0.75,0.7,1.2,0.85,0.65,1.39,1.56,1.62,1.8,1.14,1.66,1.04,1.14,1.33,0.96,0.91,1.14,1.74
光芒,光芒,guāngmáng,light,Na,Noun,4.05,0.75,0.25,0.15,0.7,2.6,0.45,1.2,0.6,1.45,0.9,1.36,1.13,0.43,0.36,1.0,1.71,0.67,1.29,1.07,1.4,1.18,1.18,1.85
辛酸,辛酸,xīnsuān,bitter,VH,Adjective,2.05,1.6,1.15,0.65,0.8,3.9,1.1,1.1,1.05,0.75,0.55,1.63,1.56,1.65,1.35,0.98,1.18,1.34,1.3,1.2,0.89,0.67,1.18,1.8
丧礼,喪禮,sānglǐ,funeral,Na,Noun,3.95,3.2,0.75,1.1,0.8,3.55,1.25,1.45,1.15,1.35,1.3,1.28,1.63,1.3,1.73,1.44,1.5,1.51,1.43,1.31,1.39,1.35,2.5,2.19
部门,部門,bùmén,department,Na,Noun,2.05,0.95,0.25,0.15,0.35,1.8,0.95,0.65,0.95,0.65,0.85,1.66,0.97,0.54,0.36,0.57,1.36,1.07,0.73,1.02,0.96,1.15,1.14,1.82
公园,公園,gōngyuán,garden,Nc,Noun,3.95,2.85,0.4,1.2,1.15,2.4,1.9,1.75,1.25,1.4,1.9,0.97,1.35,0.73,1.12,1.28,1.5,1.41,1.26,1.09,1.16,1.14,1.36,1.87
轮椅,輪椅,lúnyǐ,wheelchair,Na,Noun,3.25,1.0,0.1,0.15,1.5,1.95,2.1,2.85,0.7,1.1,1.75,1.44,1.3,0.3,0.36,1.69,1.47,1.95,1.53,1.1,1.26,1.61,2.18,1.9
裂痕,裂痕,lièhén,crack,Na,Noun,3.45,1.35,0.1,0.15,1.85,2.55,0.55,1.15,0.5,0.75,0.85,1.69,1.56,0.3,0.36,1.49,1.53,0.8,1.24,0.92,0.94,1.15,1.05,1.49
歌声,歌聲,gēshēng,singing,Na,Noun,1.2,4.7,0.2,0.1,0.2,2.45,0.85,1.35,3.1,1.75,1.2,1.33,0.9,0.4,0.3,0.4,1.53,1.01,1.28,1.67,1.34,1.29,3.09,2.13
谈,談,tán,talk,VE,Verb,1.55,3.6,0.15,0.2,0.35,2.25,0.5,1.4,3.1,1.85,0.9,1.4,1.62,0.36,0.51,0.48,1.41,0.59,1.07,1.79,1.28,0.89,3.5,1.99
职业,職業,zhíyè,occupation,Na,Noun,2.05,1.1,0.25,0.25,0.4,2.1,0.7,0.95,0.95,0.85,0.7,1.47,1.37,0.54,0.54,0.73,1.3,0.84,1.12,1.07,1.06,0.84,2.27,2.34
意见,意見,yìjiàn,opinion,Na,Noun,1.45,2.9,0.15,0.15,0.35,3.15,0.55,1.2,2.9,1.3,0.8,1.24,1.7,0.36,0.36,0.65,1.35,0.97,1.17,1.51,1.38,1.17,2.95,1.97
月亮,月亮,yuèliàng,moon,Na,Noun,4.35,0.7,0.25,0.3,0.45,2.5,0.35,0.6,0.45,1.8,0.75,1.15,1.1,0.54,0.64,0.92,1.72,0.65,1.02,0.92,1.54,0.94,0.82,1.19
开展,開展,kāizhǎn,blossom,VC,Verb,2.05,1.5,0.15,0.2,0.3,2.25,1.35,1.85,1.3,1.25,1.25,1.5,1.32,0.48,0.51,0.56,1.41,1.24,1.19,1.35,0.99,0.89,2.41,1.87
找到,找到,zhǎodào,turn up,VC,Verb,3.3,2.25,0.25,0.75,1.3,2.6,2.05,2.5,1.7,1.65,1.45,1.62,1.55,0.43,0.99,1.23,1.36,1.47,1.5,1.52,1.46,1.28,2.64,2.01
哲理,哲理,zhélǐ,philosophy,Na,Noun,1.45,2.6,0.15,0.2,0.55,3.25,0.25,0.25,0.9,0.55,0.3,1.4,1.8,0.36,0.4,0.67,1.51,0.43,0.43,1.26,0.86,0.56,2.0,2.02
火山,火山,huǒshān,volcano,Na,Noun,4.15,2.6,0.5,1.7,1.25,2.9,1.25,0.85,1.3,1.05,1.05,1.11,1.59,1.12,1.68,1.61,1.61,1.55,1.31,1.58,1.32,1.47,0.64,1.02
考试,考試,kǎoshì,take an exam,Na,Noun,3.65,2.95,0.15,0.2,1.7,3.6,1.0,2.95,1.2,2.15,1.6,1.53,1.69,0.36,0.4,1.42,1.39,1.3,1.77,1.36,1.56,1.5,3.18,1.99
相册,相冊,xiàngcè,album,Noun,Noun,4.2,1.1,0.25,0.25,1.9,2.8,0.4,2.35,1.0,1.3,0.85,1.21,1.3,0.54,0.54,1.51,1.66,0.73,1.46,1.14,1.0,1.01,1.82,1.99
训练,訓練,xùnliàn,training,Na,Noun,3.1,2.8,0.5,0.6,1.2,2.65,3.15,3.25,2.3,2.8,2.95,1.67,1.72,0.92,0.92,1.4,1.46,1.68,1.58,1.49,1.5,1.53,3.23,1.83
至今,至今,zhìjīn,up_to_now,D,Adverb,1.05,0.65,0.15,0.1,0.25,2.35,0.25,0.15,0.35,0.4,0.4,1.16,0.91,0.36,0.3,0.54,1.59,0.43,0.36,0.73,0.8,0.86,0.77,1.41
生长,生長,shēngzhǎng,grow,VH,Adjective,3.35,1.15,0.55,0.3,1.15,3.0,1.3,1.5,0.55,1.0,1.75,1.24,1.59,1.16,0.46,1.31,1.61,1.55,1.57,0.67,1.18,1.76,2.91,1.86
同志,同志,tóngzhì,sidekick,Na,Noun,2.55,2.45,0.2,0.2,0.6,2.9,0.8,1.3,1.3,1.15,1.0,1.63,1.69,0.4,0.4,0.97,1.48,1.21,1.35,1.42,1.42,1.26,2.86,2.36
限制,限制,xiànzhì,throttle,Na,Noun,2.1,1.15,0.2,0.2,0.95,2.7,1.1,1.35,1.0,0.75,0.8,1.51,1.28,0.4,0.4,1.36,1.52,1.37,1.46,1.22,0.94,1.03,1.36,1.52
重要,重要,zhòngyào,important,VH,Adjective,2.0,1.7,0.2,0.25,0.5,3.55,0.4,0.55,0.75,0.9,0.65,1.38,1.62,0.51,0.54,0.74,1.75,0.66,0.67,1.09,1.18,1.06,1.05,1.49
高雅,高雅,gāoyǎ,elegant,VH,Adjective,3.4,3.35,1.0,0.85,1.4,3.6,0.9,1.05,0.85,1.2,1.25,1.39,1.62,1.45,1.28,1.62,1.39,1.18,1.12,1.06,1.03,1.04,2.09,2.04
形状,形狀,xíngzhuàng,shape,Na,Noun,4.3,0.6,0.25,0.2,2.15,2.2,0.4,1.45,0.45,0.7,0.45,0.95,0.97,0.54,0.51,1.77,1.6,0.92,1.63,0.8,1.0,0.8,0.95,1.4
吃,吃,chī,eat,VC,Verb,3.15,1.9,4.3,3.45,2.25,3.1,0.65,2.25,3.55,2.05,1.45,1.53,1.61,1.14,1.4,1.76,1.64,1.01,1.89,1.66,1.66,1.47,3.55,1.9
回归,迴歸,huíguī,return,Na,Noun,2.85,2.25,0.3,0.25,0.4,3.35,1.75,1.6,1.05,1.1,1.1,1.56,1.73,0.56,0.43,0.73,1.49,1.61,1.43,1.02,1.18,1.14,1.95,1.64
社区,社區,shèqū,community,Nc,Noun,3.0,2.0,0.2,0.3,0.4,2.2,0.7,0.7,0.8,0.8,0.7,1.45,1.58,0.4,0.56,0.73,1.47,0.78,0.84,0.87,0.93,0.78,2.14,2.28
指望,指望,zhǐwàng,count on,VK,Verb,1.4,1.6,0.2,0.15,0.4,2.85,0.3,0.9,0.95,0.85,0.5,1.39,1.56,0.4,0.36,0.73,1.59,0.46,1.18,1.16,1.11,0.67,2.27,1.86
匪徒,匪徒,fěitú,gangster,Na,Noun,3.8,2.6,0.2,0.15,0.7,3.3,2.1,2.1,2.05,1.9,2.1,1.33,1.88,0.4,0.36,0.78,1.35,1.64,1.58,1.6,1.3,1.55,3.41,2.04
浮尸,浮屍,fúshī,floating corpse,Na,Noun,4.1,1.3,0.85,2.6,1.05,3.85,1.05,1.55,1.55,1.4,1.85,1.3,1.62,1.49,1.74,1.36,1.35,1.56,1.86,1.69,1.69,1.93,3.05,2.31
初衷,初衷,chūzhōng,original intention,Na,Noun,1.25,1.2,0.15,0.1,0.4,3.05,0.2,0.35,0.7,0.45,0.35,1.41,1.33,0.36,0.3,0.92,1.69,0.4,0.91,1.05,0.67,0.57,1.73,1.81
化身,化身,huàshēn,incarnation,Na,Noun,2.65,0.9,0.15,0.1,0.6,2.55,1.05,1.1,0.8,0.7,0.85,1.68,1.04,0.36,0.3,1.2,1.36,1.16,1.22,1.03,0.84,0.79,1.86,1.87
游客,遊客,yóukè,tourist,Na,Noun,3.8,2.95,0.5,0.75,0.9,2.5,2.45,2.25,2.0,2.25,2.0,1.4,1.47,0.92,1.13,1.04,1.16,1.86,1.81,1.58,1.67,1.67,3.32,2.08
酸,酸,suān,sour,A,Adjective,1.15,0.85,4.65,2.75,1.15,3.7,0.6,0.75,3.35,1.55,1.0,1.24,1.24,0.57,1.89,1.46,1.38,0.86,0.99,1.74,1.43,1.3,1.18,1.4
过去,過去,guòqù,past,VA,Verb,1.95,1.25,0.3,0.25,0.45,2.95,1.35,0.9,0.55,0.7,1.05,1.43,1.22,0.56,0.43,0.67,1.53,1.68,1.09,0.67,0.9,1.43,0.86,1.36
善良,善良,shànliáng,kind,VH,Adjective,2.05,1.8,0.2,0.15,0.35,3.7,0.3,0.65,0.6,0.8,0.55,1.63,1.6,0.4,0.36,0.57,1.58,0.56,1.01,0.8,1.25,1.02,2.27,1.79
居心,居心,jūxīn,(evil) intentions,Na,Noun,0.95,1.15,0.1,0.1,0.25,3.05,0.25,0.35,0.7,0.65,0.3,1.24,1.35,0.3,0.3,0.7,1.69,0.43,0.57,1.05,0.73,0.46,2.36,1.82
格局,格局,géjú,pattern,Na,Noun,2.15,0.95,0.15,0.15,0.5,3.25,0.45,1.1,1.1,0.7,0.55,1.39,1.2,0.36,0.36,0.74,1.18,0.59,1.14,1.26,0.9,0.74,2.27,2.24
阻止,阻止,zǔzhǐ,prevent,VC,Verb,2.75,2.05,0.1,0.1,0.75,2.65,1.7,2.6,2.15,1.6,1.75,1.67,1.6,0.3,0.3,1.13,1.11,1.42,1.62,1.59,1.36,1.34,2.59,1.87
明星,明星,míngxīng,celebrity,Na,Noun,4.0,3.1,0.15,0.25,0.6,2.3,1.1,1.4,1.65,1.15,1.15,1.22,1.61,0.36,0.62,0.97,1.45,0.99,1.16,1.19,1.11,1.28,3.05,2.14
顾客,顧客,gùkè,customer,Na,Noun,2.95,2.2,0.1,0.15,0.5,1.8,1.2,1.7,1.3,1.05,1.1,1.53,1.47,0.3,0.36,0.67,1.29,1.21,1.35,1.27,1.07,0.89,3.36,2.14
有效,有效,yǒuxiào,efficient,VH,Adjective,1.65,1.25,0.25,0.3,0.65,2.5,0.55,0.85,1.0,1.0,0.65,1.39,1.34,0.54,0.56,0.79,1.57,0.67,0.96,1.05,1.05,0.79,1.09,1.59
矮,矮,ǎi,short,A,Adjective,3.95,0.95,0.15,0.1,1.25,2.75,1.05,1.1,0.9,1.0,1.05,1.28,1.36,0.48,0.3,1.48,1.22,1.07,1.18,1.22,1.1,1.2,2.86,1.87
空姐,空姐,kōngjiě,airline stewardess,Na,Noun,3.95,2.3,0.15,0.4,0.65,2.05,1.5,1.8,1.7,1.45,1.7,1.07,1.49,0.36,0.66,0.79,1.56,1.28,1.29,1.38,1.28,1.52,3.41,2.08
整齐,整齊,zhěngqí,tidy,VH,Adjective,3.95,1.55,0.1,0.15,1.15,2.9,1.25,1.6,1.3,1.3,1.15,1.6,1.69,0.3,0.36,1.59,1.37,1.44,1.5,1.49,1.49,1.68,1.73,1.81
肯定,肯定,kěndìng,affim,VK,Verb,2.05,2.1,0.15,0.15,0.4,2.85,0.6,1.65,1.7,2.05,1.05,1.28,1.64,0.36,0.36,0.8,1.62,0.86,1.31,1.38,1.83,1.07,1.73,2.0
效率,效率,xiàolǜ,efficiency,Na,Noun,1.8,0.95,0.15,0.2,0.45,2.7,1.1,1.5,1.0,1.05,1.15,1.5,1.16,0.36,0.4,0.8,1.55,1.14,1.36,0.95,1.16,1.19,2.0,2.17
污染,污染,wūrǎn,pollution,VC,Verb,4.0,2.0,1.25,2.45,1.15,3.5,0.55,0.7,0.8,0.85,0.6,1.14,1.73,1.48,1.6,1.65,1.5,0.74,0.78,0.93,1.06,0.92,1.41,1.59
国耻,國恥,guóchǐ,national humiliation,Na,Noun,3.05,2.65,0.2,0.15,1.15,4.4,1.4,1.75,1.7,1.6,1.6,1.72,1.88,0.4,0.36,1.71,1.11,1.62,1.64,1.87,1.69,1.8,1.55,1.85
看好,看好,kànhǎo,good looking,VJ,Verb,3.2,1.75,0.25,0.3,0.75,3.1,0.45,1.25,1.25,1.7,0.85,1.57,1.64,0.54,0.71,1.13,1.51,0.86,1.26,1.55,1.31,1.11,2.32,2.05
亲热,親熱,qīnrè,affectionate,VH,Adjective,3.55,2.15,0.75,0.85,2.15,3.75,1.75,2.35,2.5,2.35,2.25,1.6,1.65,1.22,1.24,1.53,1.26,1.61,1.65,1.75,1.56,1.67,3.23,2.19
见,見,jiàn,see,VE,Verb,3.7,1.0,0.15,0.15,0.85,2.25,0.85,1.1,0.9,1.5,1.2,1.55,1.05,0.36,0.36,1.15,1.48,1.28,1.34,1.14,1.43,1.4,3.05,2.03
机构,機構,jīgòu,representation,Na,Noun,2.8,1.35,0.05,0.05,0.2,1.7,0.45,0.45,0.5,0.55,0.45,1.36,1.24,0.22,0.22,0.51,1.27,0.8,0.67,0.81,0.74,0.67,1.55,1.99
规范,規範,guīfàn,specification,Na,Noun,2.85,1.65,0.15,0.1,0.55,3.05,1.0,1.35,1.15,1.1,1.2,1.56,1.46,0.36,0.3,0.67,1.43,1.3,1.49,1.46,1.34,1.4,1.27,1.51
帆船,帆船,fānchuán,sailboat,Na,Noun,3.85,1.6,0.25,0.3,0.9,1.65,1.6,2.05,0.85,1.3,1.7,1.56,1.56,0.7,0.56,1.09,1.35,1.32,1.5,0.91,1.1,1.27,1.09,1.35
壮,壯,zhuàng,strong,A,Adjective,4.25,1.0,0.1,0.1,1.95,2.8,1.6,2.2,1.1,1.05,1.65,0.99,1.38,0.3,0.3,1.75,1.4,1.5,1.5,1.34,1.02,1.46,2.55,2.1
动作,動作,dòngzuò,action,Na,Noun,3.45,1.45,0.05,0.05,0.95,1.75,2.95,3.0,2.25,2.85,3.0,1.36,1.53,0.22,0.22,1.02,1.41,1.75,1.73,1.89,1.71,1.79,2.82,1.99
特殊,特殊,tèshū,special,VH,Adjective,2.2,1.45,0.8,0.7,1.15,2.4,0.5,0.65,0.65,0.55,0.65,1.72,1.53,1.33,1.35,1.39,1.74,0.92,0.96,1.01,0.67,1.01,0.95,1.4
总理,總理,zǒnglǐ,prime minister,Na,Noun,3.25,1.95,0.05,0.05,0.6,2.7,0.75,0.85,0.85,0.9,0.9,1.34,1.56,0.22,0.22,0.86,1.38,0.77,0.85,1.06,1.04,0.99,3.23,2.17
嫁妆,嫁妝,jiàzhuāng,dowry,Na,Noun,3.65,1.2,0.05,0.1,0.9,2.45,0.5,0.75,0.85,0.7,0.55,1.49,1.57,0.22,0.3,0.99,1.53,0.74,1.09,1.15,0.95,0.8,2.27,2.28
语言,語言,yǔyán,language,Na,Noun,1.3,3.5,0.05,0.15,0.25,2.35,0.45,1.0,2.35,0.9,0.55,1.55,1.83,0.22,0.36,0.7,1.59,0.67,1.45,1.9,1.04,0.74,2.73,2.09
宝刀,寶刀,bǎodāo,sword,Na,Noun,4.05,1.75,0.2,0.25,2.2,2.7,0.95,2.25,0.9,1.25,1.65,1.28,1.55,0.51,0.54,1.72,1.31,1.2,1.58,1.09,1.37,1.62,1.77,1.91
伤痕,傷痕,shānghén,scar,Na,Noun,4.0,0.85,0.3,0.35,2.4,2.6,1.0,1.85,1.0,1.2,1.0,1.22,1.46,0.56,0.65,1.62,1.39,1.22,1.28,1.18,1.5,1.26,2.14,1.87
合作,合作,hézuò,cooperate,VH,Adjective,2.4,1.75,0.1,0.1,0.7,2.5,0.8,2.0,1.7,1.15,1.15,1.69,1.48,0.3,0.3,1.19,1.16,0.75,1.45,1.49,1.24,1.19,2.64,2.23
精华,精華,jīnghuá,essence,Na,Noun,2.5,1.4,1.6,1.1,1.15,2.5,0.3,0.7,0.65,0.7,0.6,1.6,1.5,1.5,1.3,1.35,1.28,0.56,1.05,1.15,0.9,0.86,1.32,1.72
跑,跑,pǎo,run,VA,Verb,3.7,1.8,0.1,0.25,0.75,2.3,4.0,3.6,2.4,2.55,3.45,1.58,1.47,0.3,0.43,1.04,1.42,1.38,1.28,1.91,1.6,1.28,3.86,1.91
发音,發音,fāyīn,pronunciation,Na,Noun,1.6,4.2,0.1,0.1,0.7,2.45,0.6,1.05,3.35,1.4,0.8,1.39,1.33,0.3,0.3,1.0,1.4,1.11,1.28,1.59,1.46,1.29,3.5,1.92
内心,內心,nèixīn,heart,Na,Noun,1.15,1.0,0.05,0.1,0.5,3.7,0.3,0.3,0.6,0.75,0.35,1.28,1.22,0.22,0.3,0.81,1.76,0.71,0.56,1.02,1.18,0.65,3.14,2.12
福气,福氣,fúqì,blessing,Na,Noun,2.0,1.3,0.25,0.3,0.35,3.3,0.55,0.7,0.75,0.65,0.75,1.52,1.31,0.62,0.78,0.57,1.65,0.74,0.78,0.99,0.85,1.04,2.36,2.25
视角,視角,shìjiǎo,perspective,Na,Noun,3.8,0.75,0.15,0.2,0.45,1.95,0.6,0.6,0.5,1.7,0.85,1.12,0.83,0.36,0.51,0.8,1.5,0.8,0.8,0.81,1.55,1.24,2.73,1.96
就业,就業,jiùyè,employment,VA,Verb,1.85,1.45,0.2,0.2,0.55,2.15,1.1,1.4,1.25,1.3,1.1,1.53,1.53,0.4,0.4,0.97,1.31,0.99,1.16,1.04,1.05,0.94,2.55,2.19
宿愿,宿願,sùyuàn,long-cherished wish,Na,Noun,1.05,0.8,0.05,0.05,0.15,3.4,0.3,0.7,0.9,0.65,0.4,1.47,1.08,0.22,0.22,0.36,1.39,0.56,1.0,1.22,0.91,0.73,2.23,2.07
回到,回到,huídào,return,VCL,Verb,2.1,0.95,0.3,0.3,0.4,2.3,2.05,1.4,0.85,1.0,1.35,1.45,1.24,0.56,0.56,0.8,1.27,1.8,1.28,1.06,1.22,1.35,1.55,1.67
警卫,警衛,jǐngwèi,guardian,Na,Noun,3.35,2.2,0.1,0.15,0.7,2.25,1.6,1.7,1.0,1.3,1.4,1.59,1.78,0.3,0.48,0.78,1.44,1.56,1.62,1.1,1.38,1.46,3.36,2.21
地方,地方,dìfāng,place,Na,Noun,3.1,1.3,0.45,0.4,0.45,2.0,1.3,0.95,0.6,0.7,0.5,1.41,1.27,0.74,0.73,0.86,1.34,1.38,1.02,0.8,0.9,0.74,0.86,1.49
轻松,輕鬆,qīngsōng,easy,A,Adjective,1.7,1.9,0.15,0.15,0.55,3.9,1.2,1.35,1.0,1.05,1.05,1.71,1.87,0.36,0.36,0.74,1.3,1.33,1.39,1.26,1.4,1.24,2.05,2.18
采访,採訪,cǎifǎng,report,VC,Verb,3.25,3.45,0.1,0.1,0.55,2.3,0.95,1.95,2.65,1.65,1.5,1.37,1.5,0.3,0.3,0.67,1.49,1.12,1.5,1.68,1.15,1.24,3.55,1.99
突然,突然,tūrán,presto,D,Adverb,2.0,1.5,0.15,0.1,0.5,3.2,0.75,0.9,0.8,0.85,0.95,1.38,1.43,0.36,0.3,0.67,1.25,0.89,0.99,1.08,0.91,0.97,0.95,1.43
老乡,老鄉,lǎoxiāng,fellow,Na,Noun,2.85,2.8,0.9,0.7,1.05,3.25,0.7,1.2,1.55,1.0,0.9,1.56,1.69,1.37,1.23,1.24,1.41,0.9,1.4,1.66,1.34,1.14,2.68,2.53
代号,代號,dàihào,code,Na,Noun,1.9,2.65,0.1,0.1,0.25,1.95,0.35,0.4,1.7,0.65,0.4,1.67,1.82,0.3,0.3,0.54,1.28,0.48,0.58,1.55,0.96,0.66,1.5,1.92
捕杀,捕殺,bǔshā,murder,VC,Verb,3.3,2.4,0.4,0.7,1.25,3.0,2.45,2.95,1.65,1.7,2.4,1.79,1.88,0.8,0.95,1.34,1.73,1.69,1.6,1.39,1.55,1.62,2.77,2.19
赞美,讚美,zànměi,praise,VC,Verb,2.4,3.75,0.2,0.2,0.6,3.85,0.6,2.1,2.6,1.9,1.4,1.66,1.51,0.4,0.4,0.73,1.31,0.86,1.55,1.66,1.64,1.39,3.05,1.97
枪手,槍手,qiāngshǒu,gunner,Na,Noun,3.25,1.95,0.1,0.4,0.9,2.35,1.35,2.4,1.15,1.5,1.45,1.64,1.63,0.3,0.66,1.14,1.59,1.42,1.59,1.01,1.16,1.16,3.5,2.17
轮廓,輪廓,lúnkuò,contour,Na,Noun,4.1,0.6,0.15,0.15,1.9,1.6,0.55,1.7,0.45,0.65,1.0,1.14,0.97,0.36,0.36,1.58,1.24,0.74,1.42,0.86,0.85,1.0,1.59,1.78
出来,出來,chūlái,come out,VA,Verb,2.95,1.6,0.1,0.1,0.4,1.9,2.5,1.95,1.05,1.1,1.65,1.5,1.36,0.3,0.3,0.73,1.37,1.72,1.32,1.16,1.14,1.46,1.86,1.82
爽朗,爽朗,shuǎnglǎng,hearty,VH,Adjective,2.3,2.85,0.2,0.2,0.6,3.4,0.8,1.0,1.6,1.0,1.05,1.55,1.68,0.51,0.51,0.92,1.39,1.21,1.48,1.59,1.14,1.2,2.18,2.04
行动,行動,xíngdòng,action,Na,Noun,2.95,1.3,0.1,0.2,0.4,2.05,2.65,2.65,1.8,1.5,1.9,1.5,1.49,0.3,0.4,0.66,1.36,1.68,1.53,1.25,1.43,1.61,2.86,2.1
方法,方法,fāngfǎ,system,Na,Noun,1.55,1.35,0.1,0.1,0.35,2.0,0.4,1.15,1.0,0.75,0.6,1.53,1.31,0.3,0.3,0.79,1.3,0.58,1.35,1.18,1.26,1.02,1.41,1.64
首创,首創,shǒuchuàng,start,VC,Verb,1.95,1.15,0.2,0.15,0.45,2.35,0.75,1.4,1.25,0.95,0.55,1.63,1.42,0.4,0.36,0.59,1.19,0.77,1.36,1.18,1.28,0.67,2.18,1.97
人们,人們,rénmen,hands,Na,Noun,3.35,2.1,0.3,0.45,0.75,2.25,1.15,1.2,1.0,0.85,0.95,1.39,1.34,0.9,0.97,1.13,1.44,1.28,1.25,1.3,1.28,1.4,3.05,2.18
讨论,討論,tǎolùn,discuss,VE,Verb,2.45,3.65,0.1,0.1,0.3,2.25,0.65,1.65,3.05,1.65,1.35,1.56,1.53,0.3,0.3,0.64,1.3,0.85,1.31,1.56,1.42,1.06,3.18,2.1
处于,處於,chǔyú,be in,VJ,Verb,1.8,0.55,0.15,0.1,0.55,1.85,0.85,0.65,0.5,0.65,0.5,1.63,0.8,0.36,0.3,0.97,1.71,1.35,1.11,0.81,0.96,0.87,1.36,1.64
惊喜,驚喜,jīngxǐ,surprise,VH,Adjective,3.65,2.9,0.75,0.55,0.95,3.85,0.95,1.5,1.8,1.4,1.15,1.39,1.58,1.22,1.16,1.24,1.31,1.12,1.4,1.25,1.39,1.15,2.86,2.24
程度,程度,chéngdù,degree,Na,Noun,1.5,0.9,0.4,0.4,0.55,2.05,0.5,0.7,0.6,0.75,0.65,1.4,1.09,0.8,0.73,1.07,1.63,0.81,0.9,0.92,0.83,0.79,1.09,1.5
去向,去向,qùxiàng,whereabouts,Na,Noun,2.6,1.25,0.15,0.2,0.3,1.95,2.15,1.55,0.7,1.0,1.2,1.71,1.34,0.36,0.51,0.71,1.43,1.56,1.4,1.05,1.22,1.29,1.59,1.9
委屈,委屈,wěiqū,wronged,VHC,Verb,2.65,2.35,0.55,0.45,0.95,3.95,0.75,1.35,1.95,1.8,1.15,1.42,1.71,0.97,0.92,1.43,1.4,1.22,1.31,1.5,1.29,1.39,2.59,2.17
平息,平息,píngxī,calm,VC,Verb,1.85,1.5,0.15,0.15,0.4,2.55,0.6,0.8,0.85,0.65,0.45,1.39,1.47,0.36,0.36,0.8,1.47,0.73,1.08,1.19,0.91,0.67,2.14,1.77
放大,放大,fàngdà,magnification,VC,Verb,4.0,1.95,0.6,0.65,1.75,2.4,0.7,1.95,0.95,0.9,1.2,1.22,1.72,1.16,1.19,1.61,1.36,1.0,1.63,1.12,1.18,1.57,1.59,1.64
浅,淺,qiǎn,shallow,A,Adjective,3.3,1.0,0.95,0.65,1.7,2.35,0.55,0.75,0.6,0.45,0.35,1.62,1.34,1.32,1.11,1.68,1.46,0.74,0.99,1.11,0.86,0.65,0.95,1.36
停,停,tíng,stop,VHC,Verb,2.3,1.6,0.1,0.05,0.4,1.55,1.75,1.7,0.9,0.75,0.95,1.68,1.5,0.3,0.22,0.58,1.4,1.76,1.62,1.26,1.04,1.12,1.5,1.62
躯体,軀體,qūtǐ,body,Na,Noun,3.25,0.5,0.05,0.05,1.5,1.45,0.9,1.2,0.8,0.8,1.55,1.44,0.92,0.22,0.22,1.57,1.2,1.09,1.25,1.03,1.21,1.47,3.64,2.06
碑文,碑文,bēiwén,inscription,Na,Noun,3.6,0.85,0.1,0.1,1.85,1.65,0.45,1.2,0.6,0.7,0.5,1.46,1.11,0.3,0.3,1.46,1.42,0.67,1.29,0.86,0.95,0.74,1.68,1.96
显赫,顯赫,xiǎnhè,prominent,VH,Adjective,2.7,1.5,0.1,0.1,0.3,2.55,0.45,0.5,0.55,0.7,0.5,1.68,1.57,0.3,0.3,0.64,1.53,0.67,0.67,0.86,1.0,0.81,1.18,1.72
创伤,創傷,chuāngshāng,trauma,Na,Noun,3.05,1.0,0.3,0.25,1.75,3.1,0.75,1.0,0.7,0.9,0.95,1.5,1.38,0.56,0.62,1.48,1.34,0.99,1.14,0.9,1.14,1.07,2.23,1.98
头绪,頭緒,tóuxù,clue,Na,Noun,1.15,0.9,0.1,0.15,0.45,2.55,0.3,0.55,0.65,1.2,0.65,1.24,1.09,0.3,0.36,0.67,1.36,0.56,0.8,0.91,1.03,0.85,1.91,2.0
口气,口氣,kǒuqì,tone,Na,Noun,1.15,2.15,0.5,1.35,0.4,2.2,0.4,0.35,2.15,0.8,0.5,1.35,1.56,1.16,1.8,0.73,1.57,0.58,0.57,1.82,1.17,0.81,2.86,1.94
支付,支付,zhīfù,pay,VD,Verb,2.5,1.9,0.15,0.05,0.8,1.85,0.55,2.55,1.15,0.9,1.0,1.83,1.7,0.48,0.22,1.03,1.42,0.67,1.66,1.15,0.99,1.05,2.82,2.04
鼻涕,鼻涕,bítì,nose,Na,Noun,3.3,1.95,1.35,1.0,1.75,2.35,0.5,1.6,1.65,1.65,1.05,1.65,1.66,1.71,1.48,1.61,1.42,0.97,1.36,1.53,1.24,1.28,2.68,2.34
故事,故事,gùshì,story,Na,Noun,2.25,3.4,0.15,0.2,0.25,2.6,0.35,0.75,2.05,0.95,0.5,1.64,1.53,0.36,0.4,0.43,1.59,0.57,0.83,1.56,1.02,0.67,1.77,1.78
清楚,清楚,qīngchǔ,clear,VH,Adjective,2.9,1.95,0.3,0.45,0.8,2.6,0.45,0.45,0.8,0.7,0.5,1.64,1.47,0.56,0.74,1.08,1.5,0.67,0.67,0.98,1.1,0.81,1.45,1.85
开会,開會,kāihuì,meet,VA,Verb,3.5,3.55,0.05,0.15,0.45,2.75,0.8,1.45,2.05,1.6,1.1,1.43,1.4,0.22,0.48,0.67,1.51,0.87,1.12,1.43,1.39,0.89,3.36,2.1
幸福,幸福,xìngfú,happiness,VH,Adjective,2.9,2.2,1.5,1.5,1.6,4.0,1.3,1.4,1.55,1.6,1.5,1.55,1.91,1.8,1.69,1.71,1.38,1.52,1.5,1.47,1.46,1.57,2.82,2.25
动,動,dòng,move,VAC,Verb,3.2,2.15,0.3,0.15,1.3,2.4,3.05,3.05,2.2,2.65,2.8,1.69,1.62,0.56,0.36,1.62,1.66,1.72,1.63,1.72,1.65,1.72,3.18,2.15
签署,簽署,qiānshǔ,subscribe,VC,Verb,2.9,1.15,0.05,0.05,1.25,1.6,0.55,2.65,1.0,1.3,1.25,1.64,1.24,0.22,0.22,1.41,1.16,0.74,1.71,1.0,1.19,1.22,3.41,2.1
胀,脹,zhàng,swelling (in pain),A,Adjective,2.6,0.9,0.8,0.6,2.3,3.15,0.65,1.2,1.05,0.85,0.95,1.8,1.3,1.5,1.07,1.45,1.49,1.01,1.33,1.43,1.24,1.12,2.27,1.96
巍巍,巍巍,wēiwēi,towering/ lofty,A,Adjective,3.2,0.8,0.1,0.1,0.45,2.15,1.1,1.0,0.6,1.15,0.7,1.63,1.21,0.3,0.3,0.86,1.62,1.41,1.3,0.97,1.28,1.1,1.0,1.76
苦海,苦海,kǔhǎi,sea ​​of ​​bitterness,Na,Noun,1.6,1.0,0.9,0.45,0.75,3.9,0.7,0.65,0.7,0.6,0.75,1.71,1.55,1.48,1.16,1.04,1.51,1.14,1.19,1.0,1.16,1.22,1.36,1.75
接触,接觸,jiēchù,touch,VC,Verb,2.55,1.2,0.1,0.15,3.05,2.55,1.2,2.45,1.1,1.15,1.45,1.86,1.33,0.3,0.36,1.83,1.36,1.17,1.5,1.04,1.15,1.07,3.41,2.12
所谓,所謂,suǒwèi,so -called,VK,Verb,0.7,1.0,0.05,0.05,0.2,1.9,0.15,0.2,0.25,0.5,0.15,1.1,1.22,0.22,0.22,0.4,1.48,0.36,0.51,0.7,0.81,0.48,1.23,1.73
誓言,誓言,shìyán,oath,VE,Verb,1.5,3.3,0.05,0.05,0.25,2.7,0.5,1.65,2.4,1.1,0.95,1.63,1.62,0.22,0.22,0.54,1.68,0.67,1.49,1.46,1.14,1.02,2.36,2.08
代表团,代表團,dàibiǎotuán,contingent,Na,Noun,3.15,1.9,0.2,0.05,0.3,1.55,0.95,1.2,1.0,0.7,0.9,1.59,1.51,0.51,0.22,0.56,1.32,1.02,1.12,1.18,1.0,0.94,2.45,2.33
锦绣,錦繡,jǐnxiù,beautiful,Na,Noun,3.7,0.85,0.15,0.2,1.15,1.9,0.45,0.85,0.65,0.75,0.65,1.14,1.19,0.36,0.4,1.53,1.45,0.67,1.11,1.06,1.04,0.96,1.0,1.62
规定,規定,guīdìng,provision,Na,Noun,2.15,1.95,0.1,0.15,0.2,2.45,0.45,0.75,1.25,0.75,0.6,1.53,1.69,0.3,0.48,0.4,1.43,0.59,0.89,1.09,0.83,0.92,1.59,1.7
属性,屬性,shǔxìng,attributes,Na,Noun,1.65,0.6,0.3,0.3,0.7,2.05,0.35,0.4,0.3,0.5,0.25,1.39,0.86,0.64,0.64,1.0,1.02,0.73,0.58,0.56,0.87,0.54,1.32,1.79
陷入,陷入,xiànrù,fall into,VCL,Verb,2.7,1.4,0.2,0.25,1.5,2.95,1.9,1.85,1.2,1.1,1.75,1.71,1.66,0.4,0.43,1.47,1.24,1.51,1.53,1.5,1.3,1.64,2.14,2.01
逆境,逆境,nìjìng,adversity,Na,Noun,1.8,1.4,0.15,0.1,0.4,3.0,1.1,1.3,1.1,1.15,1.25,1.57,1.59,0.36,0.3,0.66,1.61,1.41,1.55,1.26,1.35,1.64,1.73,1.96
指数,指數,zhǐshù,exponential,Na,Noun,2.2,0.8,0.15,0.2,0.45,1.85,0.15,0.6,0.45,0.55,0.25,1.83,0.93,0.48,0.51,0.92,1.53,0.36,0.97,0.8,0.86,0.54,1.18,1.61
贡品,貢品,gòngpǐn,tribute,Na,Noun,3.5,1.5,1.85,1.8,1.4,2.35,0.95,1.55,1.95,1.05,1.3,1.47,1.53,1.68,1.81,1.43,1.8,1.2,1.16,1.6,1.2,1.38,1.68,2.12
出国,出國,chūguó,go abroad,VA,Verb,2.7,1.7,0.4,0.35,0.4,2.85,1.9,1.7,1.5,1.3,1.45,1.49,1.65,0.8,0.65,0.8,1.59,1.41,1.23,1.43,1.35,1.24,3.45,2.17
伤感,傷感,shānggǎn,sad,VH,Adjective,1.85,2.0,0.4,0.5,0.65,3.35,0.75,1.1,1.65,1.05,0.75,1.42,1.67,0.73,0.97,1.06,1.46,0.83,1.18,1.42,1.2,0.89,2.95,2.29
追求,追求,zhuīqiú,pursue,VC,Verb,1.85,0.8,0.25,0.2,0.75,2.65,2.1,1.8,1.7,1.65,1.5,1.62,1.08,0.7,0.51,1.04,1.42,1.73,1.54,1.62,1.62,1.32,2.77,2.15
原有,原有,yuányǒu,original,VJ,Verb,1.4,0.55,0.4,0.35,0.7,2.15,0.4,0.45,0.35,0.5,0.35,1.46,0.86,0.8,0.65,1.0,1.42,0.8,0.8,0.57,0.87,0.79,0.91,1.41
说,說,shuō,say,VE,Verb,1.55,3.55,0.3,0.35,0.25,1.7,0.6,1.05,3.6,1.6,1.15,1.53,1.6,0.78,0.79,0.7,1.35,0.92,1.12,1.5,1.59,1.31,3.73,2.11
理想,理想,lǐxiǎng,ideal,VH,Adjective,1.6,1.2,0.25,0.2,0.3,3.35,0.8,0.95,1.15,1.1,0.75,1.36,1.4,0.7,0.51,0.78,1.42,1.29,1.43,1.53,1.48,1.18,2.41,2.17
感染,感染,gǎnrǎn,infect,VJ,Verb,1.95,0.85,0.85,1.25,1.25,2.8,0.9,1.15,1.2,0.95,0.8,1.53,1.35,1.06,1.37,1.22,1.33,1.18,1.39,1.25,1.2,0.98,2.41,2.1
枯井,枯井,kūjǐng,dry well,Na,Noun,3.8,1.1,0.3,0.6,0.75,1.75,0.45,0.75,0.5,0.8,0.55,1.25,1.18,0.71,0.8,1.04,1.22,0.86,1.09,0.87,1.17,0.92,0.82,1.27
浩浩,浩浩,hàohào,torrential,A,Adjective,2.25,1.9,0.25,0.3,0.5,1.75,0.25,0.3,0.65,0.45,0.35,1.7,1.84,0.62,0.78,0.97,1.41,0.43,0.64,0.91,0.8,0.65,0.95,1.61
主意,主意,zhǔyì,idea,Na,Noun,1.4,1.5,0.15,0.2,0.5,2.5,0.65,0.9,1.2,1.05,0.75,1.2,1.66,0.48,0.51,0.87,1.36,0.96,1.14,1.36,1.4,1.04,1.95,2.12
回去,回去,huíqù,go back,VA,Verb,2.25,1.45,0.4,0.4,0.4,2.65,2.65,2.1,1.05,1.5,1.6,1.61,1.47,0.8,0.66,0.8,1.65,1.59,1.55,1.36,1.53,1.43,3.05,2.08
剧变,劇變,jùbiàn,drastic changes,Na,Noun,2.75,1.65,0.35,0.35,0.95,2.7,0.6,0.8,0.8,0.8,0.65,1.55,1.65,0.65,0.73,1.32,1.58,0.8,1.12,1.03,1.08,0.79,1.27,1.74
冻疮,凍瘡,dòngchuāng,frostbite,Na,Noun,3.55,0.6,0.35,0.25,2.35,2.5,1.55,1.95,0.7,0.75,0.75,1.24,1.24,0.79,0.54,1.59,1.47,1.36,1.32,0.95,0.99,1.22,3.41,2.1
议题,議題,yìtí,head,Na,Noun,2.3,2.1,0.15,0.15,0.55,1.8,0.3,0.95,1.65,0.8,0.75,1.73,1.67,0.36,0.48,0.97,1.21,0.56,1.07,1.24,0.98,0.89,1.14,1.66
大忌,大忌,dàjì,taboo,Na,Noun,1.5,1.75,0.3,0.35,0.4,2.9,0.7,0.95,0.95,0.7,0.55,1.66,1.64,0.56,0.73,0.86,1.51,0.95,1.16,1.2,0.95,0.74,1.14,1.52
婚房,婚房,hūnfáng,marriage room,Noun,Noun,3.9,1.8,0.3,0.65,1.4,2.75,0.95,1.3,1.05,1.0,1.1,1.22,1.4,0.56,0.91,1.46,1.67,0.97,1.52,1.02,1.18,1.22,2.14,2.12
同情,同情,tóngqíng,pity,VJ,Verb,1.9,1.55,0.1,0.2,0.85,3.5,0.6,0.95,1.8,1.3,1.0,1.34,1.6,0.3,0.4,1.01,1.28,0.73,1.12,1.4,1.31,1.18,2.91,2.27
战场,戰場,zhànchǎng,battlefield,Na,Noun,3.85,3.2,0.75,1.4,1.55,3.05,2.3,2.55,2.55,2.0,2.45,1.35,1.6,1.18,1.74,1.56,1.53,1.71,1.75,1.6,1.67,1.6,2.55,2.17
纯,純,chún,pure,A,Adjective,2.75,1.9,2.25,1.85,1.6,2.55,0.35,0.5,0.85,0.5,0.5,2.0,1.92,1.92,2.01,1.85,1.83,0.79,0.92,1.01,0.97,0.92,1.0,1.45
漫画,漫畫,mànhuà,comics,Na,Noun,4.2,1.2,0.4,0.45,1.55,2.35,0.45,1.95,0.8,1.0,0.85,1.12,1.5,1.16,1.16,1.53,1.39,0.92,1.32,0.87,1.18,1.15,1.86,2.03
海峡,海峽,hǎixiá,strait,Na,Noun,3.7,1.55,0.2,0.65,0.5,1.9,0.65,0.75,0.75,0.75,0.75,1.27,1.63,0.51,0.91,0.87,1.61,0.79,1.13,1.22,1.22,0.99,1.14,1.79
紧张,緊張,jǐnzhāng,nervous,VH,Adjective,2.25,1.25,0.45,0.65,1.1,3.7,2.05,2.3,2.0,1.45,1.7,1.64,1.44,1.16,1.28,1.37,1.45,1.4,1.35,1.48,1.12,1.52,2.55,2.04
制造,製造,zhìzào,manufacture,VC,Verb,2.35,1.5,0.25,0.15,0.9,1.6,1.4,2.55,0.9,0.85,1.55,1.8,1.63,0.43,0.36,1.34,1.36,1.11,1.63,1.14,0.96,1.56,2.45,2.13
军人,軍人,jūnrén,soldier,Na,Noun,3.7,2.65,0.5,0.55,1.3,2.75,2.25,2.7,2.1,2.15,2.35,1.31,1.8,1.16,1.16,1.45,1.58,1.55,1.52,1.73,1.56,1.56,3.05,2.25
交往,交往,jiāowǎng,exchanges,VA,Verb,2.5,1.95,0.25,0.45,1.45,2.8,1.25,1.85,1.7,1.3,1.4,1.72,1.5,0.54,0.74,1.66,1.54,1.22,1.39,1.45,1.27,1.32,3.45,2.06
建议,建議,jiànyì,suggestion,VE,Verb,1.45,3.0,0.05,0.05,0.35,2.4,0.55,1.2,2.4,1.0,1.05,1.36,1.61,0.22,0.22,0.65,1.32,0.86,1.21,1.66,1.18,1.28,2.73,2.14
实物,實物,shíwù,material object,Na,Noun,3.5,1.0,0.6,0.5,2.3,1.85,0.55,1.4,0.7,0.6,0.5,1.36,1.1,0.8,0.5,1.19,1.39,0.97,1.39,0.95,0.73,0.67,1.18,1.61
知己,知己,zhījǐ,confidant,Na,Noun,2.6,1.95,0.35,0.15,0.6,3.45,0.45,1.2,1.6,0.85,1.0,1.56,1.75,0.91,0.36,0.66,1.6,0.67,1.36,1.46,1.15,1.22,2.73,2.26
奸诈,奸詐,jiānzhà,treacherous,VH,Adjective,2.2,1.75,0.15,0.2,0.45,3.25,0.6,0.65,1.75,1.2,0.95,1.4,1.41,0.36,0.4,0.67,1.64,0.8,0.85,1.58,1.47,1.36,1.95,2.06
委婉,委婉,wěiwǎn,euphemistic,VH,Adjective,1.45,2.7,0.1,0.15,0.5,2.9,0.45,0.5,1.75,0.8,0.45,1.28,1.82,0.3,0.36,0.97,1.3,0.67,0.74,1.61,1.12,0.74,2.05,1.99
定位,定位,dìngwèi,position,VB,Verb,2.6,1.15,0.15,0.5,0.6,2.25,1.25,1.35,0.75,0.9,0.7,1.62,1.15,0.36,0.97,0.86,1.37,1.26,1.46,0.94,1.14,0.95,1.77,1.73
开始,開始,kāishǐ,start,VL,Verb,1.85,2.1,0.2,0.25,0.55,1.7,1.4,1.9,1.55,0.85,0.9,1.42,1.48,0.4,0.54,0.86,1.35,1.46,1.45,1.5,1.01,0.99,1.64,1.77
内,內,nèi,inner,Ncd,Noun,1.9,0.55,0.25,0.15,0.65,2.4,0.4,0.35,0.5,0.5,0.35,1.51,0.74,0.7,0.48,0.85,1.74,0.73,0.65,0.97,0.87,0.65,1.09,1.56
立场,立場,lìchǎng,ground,Na,Noun,1.6,1.1,0.2,0.2,0.3,2.8,1.05,0.65,1.45,0.85,0.65,1.53,1.22,0.68,0.51,0.64,1.33,1.07,1.06,1.36,1.06,0.79,2.09,1.86
假设,假設,jiǎshè,hypothesis,VE,Verb,0.95,1.2,0.25,0.2,0.45,2.4,0.5,0.8,1.0,0.7,0.55,1.2,1.33,0.7,0.51,0.86,1.53,0.81,1.12,1.14,1.1,0.74,1.77,2.04
文学,文學,wénxué,literature,Na,Noun,3.2,2.2,0.25,0.25,0.5,2.55,0.55,1.45,1.5,1.0,0.75,1.4,1.6,0.54,0.7,0.81,1.56,0.8,1.12,1.32,1.18,0.94,1.41,1.78
灵堂,靈堂,língtáng,spiritual hall,Nc,Noun,3.7,2.5,0.5,1.25,1.2,3.45,1.55,1.6,1.7,1.55,1.2,1.42,1.6,1.16,1.64,1.54,1.47,1.4,1.39,1.42,1.56,1.33,2.55,2.06
出,出,chū,out,VC,Verb,2.0,0.9,0.3,0.45,0.6,1.5,2.15,2.1,1.15,1.15,1.45,1.58,0.99,0.56,0.8,0.86,1.5,1.77,1.55,0.91,1.19,1.47,2.23,2.11
细滑,細滑,xìhuá,fine,A,Adjective,2.7,0.75,0.45,0.4,3.45,2.05,0.95,2.15,0.7,0.6,0.85,1.76,1.13,0.8,0.66,1.5,1.28,1.07,1.71,0.95,0.8,0.91,1.55,1.72
稠,稠,chóu,dense/creamy,A,Adjective,3.35,0.75,1.9,1.2,3.3,2.1,0.6,1.7,1.7,0.7,0.7,1.24,1.04,2.02,1.54,1.65,1.51,0.97,1.49,1.82,0.95,0.9,0.77,1.41
意识,意識,yìshí,awareness,Na,Noun,1.7,1.55,0.4,0.35,0.55,3.0,0.6,0.75,0.8,0.9,0.75,1.27,1.07,0.73,0.48,0.74,1.48,0.97,1.13,0.98,0.94,0.89,2.77,2.29
一般,一般,yìbān,general,A,Adjective,1.85,1.3,1.25,1.1,1.25,2.7,0.55,0.75,0.75,0.8,0.7,1.53,1.31,1.44,1.34,1.41,1.55,1.07,1.04,1.09,1.12,1.19,1.05,1.49
脓包,膿包,nóngbāo,pustule,Na,Noun,3.65,0.6,0.8,0.9,2.75,2.75,1.0,2.05,1.2,1.15,1.05,1.31,1.07,1.4,1.3,1.51,1.64,1.05,1.36,1.44,1.28,1.2,2.91,2.11
卖,賣,mài,sell,VD,Verb,2.35,2.15,0.25,0.45,0.9,1.75,1.25,2.05,2.6,1.6,1.45,1.8,1.85,0.62,0.97,1.14,1.51,1.22,1.56,1.74,1.46,1.2,2.95,2.27
态度,態度,tàidù,mental_attitude,Na,Noun,2.05,1.9,0.3,0.3,0.5,2.55,0.75,1.1,1.95,0.85,0.6,1.56,1.7,0.71,0.56,0.97,1.5,1.09,1.26,1.63,1.11,0.73,2.36,2.29
悬崖,懸崖,xuányá,cliff,Nc,Noun,3.85,1.5,0.5,0.55,1.35,3.4,2.3,2.1,1.45,1.65,1.85,1.28,1.47,1.2,1.2,1.39,1.39,1.52,1.48,1.53,1.31,1.65,0.82,1.37
开口,開口,kāikǒu,open,VA,Verb,2.35,2.6,0.4,0.4,0.35,1.85,0.7,0.55,2.8,1.45,0.65,1.65,1.77,0.97,1.07,0.65,1.42,1.38,0.74,1.81,1.5,0.91,2.91,2.0
讲解,講解,jiǎngjiě,explaination,VE,Verb,2.25,3.75,0.15,0.2,0.45,2.05,1.35,1.95,3.2,1.85,1.45,1.7,1.18,0.36,0.51,1.16,1.43,1.46,1.56,1.69,1.56,1.28,3.36,1.99
故居,故居,gùjū,former residence,Nc,Noun,3.4,1.6,0.35,0.65,1.15,2.8,1.5,1.05,0.9,1.15,1.05,1.46,1.39,0.79,1.06,1.24,1.33,1.5,1.24,0.99,1.28,1.2,2.05,1.99
木板,木板,mùbǎn,board,Na,Noun,3.2,0.85,0.35,1.0,2.55,1.4,0.75,1.35,0.6,0.65,0.75,1.4,1.28,0.79,1.34,1.53,1.43,1.13,1.42,1.11,0.96,1.04,0.77,1.41
像,像,xiàng,be like,VG,Verb,3.35,2.0,1.15,1.15,1.45,3.0,0.7,0.9,1.05,1.1,0.7,1.35,1.55,1.28,1.42,1.43,1.61,1.14,1.14,1.36,1.45,1.05,1.45,1.85
皑皑,皚皚,áiái,pure white,A,Adjective,3.9,1.15,0.7,0.65,1.8,2.4,0.85,0.9,0.6,0.75,0.6,1.34,1.71,1.52,1.24,1.86,1.74,1.28,1.14,1.02,1.26,1.02,0.77,1.47
相对,相對,xiāngduì,relatively,VH,Adjective,2.4,1.15,0.55,0.55,0.7,2.0,0.7,0.8,0.7,0.8,0.65,1.69,1.28,1.02,1.02,0.95,1.48,1.14,1.12,1.0,1.25,1.11,1.32,1.55
作品,作品,zuòpǐn,works,Na,Noun,3.75,3.1,1.15,1.2,1.75,2.5,0.95,1.75,1.25,1.3,0.9,1.04,1.37,1.68,1.75,1.67,1.69,1.24,1.3,1.18,1.35,1.14,1.45,1.83
冷漠,冷漠,lěngmò,indifferent,A,Adjective,2.55,2.25,0.65,0.55,1.05,3.55,1.0,1.35,1.5,1.4,1.3,1.63,1.79,1.35,1.24,1.56,1.56,1.41,1.46,1.43,1.5,1.58,2.32,2.03
正,正,zhèng,upright,A,Adjective,3.2,1.05,0.9,0.9,1.15,2.4,1.2,1.7,1.2,1.65,1.2,1.4,1.28,1.18,1.18,1.19,1.59,1.36,1.45,1.36,1.65,1.63,1.41,1.9
斜,斜,xié,inclined,A,Adjective,3.85,0.45,0.35,0.35,1.35,2.45,1.05,1.6,1.1,1.55,1.6,1.01,0.97,0.79,0.79,1.59,1.2,1.4,1.46,1.48,1.69,1.59,1.23,1.73
心态,心態,xīntài,mentality,Na,Noun,1.2,1.3,0.3,0.35,0.35,3.35,0.6,0.85,0.9,1.05,0.7,1.47,1.52,0.9,0.91,0.91,1.56,0.97,1.28,1.09,1.43,1.1,3.0,2.09
麻绳,麻繩,máshéng,hemp rope,Na,Noun,3.75,0.6,0.35,0.6,2.9,1.9,0.85,1.9,0.55,0.8,1.05,1.26,1.24,1.11,1.02,1.51,1.7,1.11,1.67,1.07,1.25,1.28,1.05,1.55
灿烂,燦爛,cànlàn,glorious,A,Adjective,3.75,1.3,0.6,0.6,0.8,2.6,0.8,1.1,1.15,0.95,0.75,1.26,1.58,1.36,1.5,1.47,1.56,1.36,1.41,1.35,1.2,1.37,1.59,1.87
大戏,大戲,dàxì,drama,Na,Noun,3.55,3.2,0.25,0.2,0.45,2.2,1.5,1.75,1.8,1.9,1.6,1.24,1.4,0.7,0.51,0.74,1.66,1.36,1.48,1.44,1.55,1.39,1.86,1.87
证明,證明,zhèngmíng,attest,VE,Verb,1.6,1.4,0.25,0.25,0.55,2.05,0.65,1.4,1.9,1.25,0.95,1.56,1.43,0.7,0.54,1.02,1.69,0.85,1.07,1.14,1.37,0.92,2.0,1.68
传达,傳達,chuándá,convey,VD,Verb,2.05,2.95,0.1,0.2,0.35,1.7,1.35,1.65,2.45,1.55,0.95,1.36,1.6,0.3,0.51,0.73,1.42,1.28,1.46,1.63,1.28,0.97,2.82,2.17
包装,包裝,bāozhuāng,package,Na,Noun,3.2,0.6,0.2,0.35,1.65,1.45,0.65,2.35,0.85,0.95,0.9,1.33,0.97,0.51,0.79,1.31,1.36,0.73,1.49,1.01,1.02,1.04,1.95,1.87
接受,接受,jiēshòu,accept,VC,Verb,1.85,1.05,0.15,0.2,0.45,2.45,0.75,1.95,1.4,0.85,0.75,1.53,1.16,0.36,0.51,0.67,1.43,1.04,1.56,1.07,1.01,0.89,2.45,2.13
天文,天文,tiānwén,astronomical,Na,Noun,3.35,1.45,0.1,0.25,0.55,2.0,0.4,1.1,0.75,1.4,0.85,1.35,1.53,0.3,0.54,0.86,1.38,0.49,1.14,0.99,1.71,1.06,0.64,1.19
综合,綜合,zōnghé,synthesize,A,Adjective,1.65,0.85,0.35,0.35,0.5,2.35,0.35,0.5,0.55,0.45,0.45,1.31,0.96,0.65,0.73,0.81,1.15,0.73,0.81,1.12,0.8,0.74,0.86,1.39
为,為,wèi,for,VG,Verb,1.15,0.7,0.2,0.2,0.35,1.85,0.5,0.9,0.55,0.75,0.5,1.42,1.05,0.4,0.51,0.65,1.39,0.81,1.22,0.8,0.99,0.81,1.09,1.76
闻名,聞名,wénmíng,famous,VI,Verb,1.9,1.9,0.2,0.25,0.45,2.35,0.45,0.45,0.8,0.6,0.4,1.51,1.41,0.51,0.54,0.8,1.24,0.92,0.8,1.17,1.07,0.73,1.5,1.62
逾,逾,yú,exceed,VJ,Verb,1.2,0.95,0.35,0.3,0.3,1.6,0.65,0.65,0.7,0.6,0.6,1.08,1.16,0.73,0.71,0.56,1.24,1.19,1.11,1.0,0.8,0.86,1.0,1.57
仙人,仙人,xiānrén,fairy,Na,Noun,2.7,1.2,0.2,0.35,0.6,2.05,0.9,0.9,0.9,0.8,0.8,1.62,1.4,0.51,0.65,0.8,1.4,1.14,1.26,1.18,0.98,0.98,2.5,2.13
体育,體育,tǐyù,physical_education,Na,Noun,2.9,2.35,0.15,0.5,1.5,2.55,2.75,2.75,1.7,2.05,2.65,1.55,1.74,0.48,1.07,1.53,1.5,1.73,1.73,1.42,1.5,1.68,2.64,2.25
食品,食品,shípǐn,food,Na,Noun,2.65,0.75,3.95,3.15,2.05,2.65,0.85,1.75,2.65,1.45,1.35,1.46,1.22,1.43,1.62,1.72,1.53,0.85,1.37,1.8,1.2,1.24,1.82,2.04
皮带,皮帶,pídài,belt,Na,Noun,3.05,1.0,0.65,0.95,2.55,1.65,0.75,1.75,0.8,0.75,1.05,1.36,1.41,1.35,1.43,1.36,1.39,0.83,1.34,0.98,1.04,1.28,2.36,2.27
礼炮,禮炮,lǐpào,salute,Na,Noun,3.55,3.85,0.75,2.45,1.1,2.55,1.25,2.0,0.85,1.7,1.45,1.24,1.42,1.44,1.56,1.3,1.36,1.18,1.38,1.01,1.55,1.43,1.64,1.67
金额,金額,jīné,sum_of_money,Na,Noun,3.05,1.95,0.2,0.25,0.8,2.6,0.6,1.15,1.25,1.1,0.65,1.66,1.53,0.68,0.7,1.25,1.36,0.97,1.15,1.3,1.22,1.01,1.36,1.75
产生,產生,chǎnshēng,produce,VHC,Verb,2.05,1.7,0.45,0.5,0.55,2.0,0.55,1.0,0.75,0.7,0.8,1.43,1.52,0.67,0.74,0.8,1.3,0.74,1.0,1.09,0.9,1.03,1.05,1.66
容貌,容貌,róngmào,appearance,Na,Noun,4.05,0.8,0.15,0.4,0.75,2.65,0.5,0.95,0.9,1.45,0.55,1.07,0.98,0.36,0.8,1.18,1.35,0.87,1.43,1.18,1.6,0.92,3.59,1.97
才气,才氣,cáiqì,talent,Na,Noun,2.1,1.65,0.2,0.3,0.45,3.05,0.75,0.85,1.15,1.0,0.75,1.58,1.35,0.51,0.71,0.86,1.36,0.77,0.91,1.28,1.22,0.77,2.82,2.25
生存,生存,shēngcún,survive,VH,Adjective,2.35,1.5,0.95,1.05,1.3,2.6,1.75,1.9,1.85,1.65,1.7,1.62,1.63,1.24,1.36,1.58,1.59,1.7,1.64,1.65,1.56,1.49,2.68,2.05
资产,資產,zīchǎn,resource,Na,Noun,3.15,1.65,0.15,0.1,0.7,2.65,0.85,1.45,0.9,0.7,0.6,1.46,1.74,0.48,0.3,1.14,1.9,1.01,1.16,0.94,0.95,0.73,1.9,2.07
动感,動感,dònggǎn,dynamic,Na,Noun,2.95,3.0,0.2,0.25,1.35,2.55,3.0,3.05,1.55,2.6,3.0,1.63,1.7,0.4,0.7,1.28,1.69,1.55,1.53,1.36,1.36,1.48,3.7,1.65
大义,大義,dàyì,righteousness,Na,Noun,1.35,1.05,0.25,0.2,0.35,3.15,0.5,0.75,0.9,0.75,0.7,1.53,1.32,0.7,0.51,0.65,1.62,0.59,1.04,1.09,0.89,0.84,1.6,1.8
行为,行為,xíngwéi,behaviour,Na,Noun,3.0,1.25,0.25,0.2,0.75,2.25,2.05,2.1,1.55,1.9,1.85,1.34,1.51,0.7,0.51,1.13,1.34,1.66,1.58,1.43,1.45,1.56,3.85,1.85
五官,五官,wǔguān,facial features,Na,Noun,3.9,2.05,1.3,1.55,2.2,2.25,0.5,1.25,1.8,1.85,0.7,1.14,1.94,1.68,1.69,1.4,1.37,0.67,1.34,1.57,1.49,1.05,4.7,1.49
绸缎,綢緞,chóuduàn,satin,Na,Noun,3.65,0.85,0.25,0.55,3.55,1.85,0.5,2.45,0.7,0.95,0.85,1.28,1.39,0.43,0.67,1.4,1.35,0.92,1.69,1.05,1.2,1.24,2.0,1.79
五月,五月,wǔyuè,may,Nd,Noun,1.7,1.25,0.35,0.95,0.75,2.1,0.5,0.8,0.6,0.55,0.55,1.23,1.09,0.48,0.92,0.99,1.41,0.97,1.17,0.92,0.92,0.86,1.4,2.08
贞操,貞操,zhēncāo,chastity,Na,Noun,1.6,1.15,0.2,0.25,0.35,2.75,0.7,0.65,0.85,0.7,0.85,1.53,1.46,0.68,0.89,0.73,1.55,0.95,0.91,1.15,1.0,1.19,3.2,1.66
离开,離開,líkāi,leave,VC,Verb,2.8,1.15,0.3,0.25,0.4,2.65,3.05,2.3,1.4,1.75,2.1,1.5,1.31,0.71,0.54,0.66,1.53,1.63,1.42,1.2,1.34,1.22,2.9,1.92
收获,收穫,shōuhuò,reward,Na,Noun,2.85,1.95,0.65,0.6,1.2,2.45,1.2,2.0,1.3,1.2,1.4,1.62,1.6,1.11,1.07,1.33,1.43,1.4,1.64,1.19,1.25,1.5,2.15,1.49
成婚,成婚,chénghūn,marry,VA,Verb,3.1,2.75,0.65,0.95,1.1,2.85,1.6,1.7,1.7,1.6,1.45,1.48,1.51,1.11,1.4,1.48,1.46,1.43,1.49,1.38,1.39,1.28,2.7,1.82
创造,創造,chuàngzào,create,VC,Verb,2.6,1.4,0.45,0.4,1.0,1.95,1.35,2.2,0.95,1.25,1.25,1.36,1.43,0.67,0.66,1.3,1.36,1.19,1.36,0.92,1.18,0.99,3.0,1.26
手艺,手藝,shǒuyì,craft,Na,Noun,2.65,1.2,0.95,0.65,1.2,1.75,1.05,2.85,1.15,1.4,1.45,1.56,1.5,1.24,1.01,1.29,1.48,0.97,1.68,1.24,1.39,1.12,3.5,1.32
与会,與會,yùhuì,meet,VA,Verb,1.95,1.85,0.15,0.15,0.8,1.75,1.05,1.45,1.55,1.0,1.1,1.47,1.62,0.48,0.36,1.03,1.34,0.8,1.16,1.28,0.89,0.99,2.0,1.34
住,住,zhù,live,VCL,Verb,2.45,1.2,0.45,0.75,1.3,1.95,1.2,1.3,0.95,1.0,1.4,1.63,1.08,0.74,1.09,1.42,1.4,1.17,1.05,1.07,1.14,1.2,3.0,1.9
美丽,美麗,měilì,beauty,VH,Adjective,3.95,1.5,0.2,0.55,0.85,2.95,0.65,1.05,1.45,1.2,0.85,1.2,1.47,0.4,0.92,1.15,1.63,0.96,1.12,1.16,1.33,0.96,3.65,1.74
扫兴,掃興,sǎoxìng,discern,VH,Adjective,2.1,1.9,0.4,0.5,0.65,3.45,0.9,0.95,1.35,1.15,0.75,1.48,1.41,0.92,1.02,1.11,1.4,1.37,1.2,1.49,1.35,1.04,2.3,1.58
係,系,xì,tie,VG,Verb,1.2,0.9,0.3,0.2,0.55,1.7,0.4,1.0,0.8,0.4,0.35,1.36,1.34,0.71,0.51,1.02,1.68,0.8,1.38,1.29,0.73,0.65,1.5,1.75
功能,功能,gōngnéng,function,Na,Noun,2.25,1.8,0.4,0.45,1.6,2.15,0.7,1.75,1.25,1.1,0.95,1.64,1.63,0.92,0.8,1.36,1.42,0.84,1.18,1.26,1.22,0.97,2.7,2.0
六,六,liù,six,Nd,Noun,2.05,1.65,0.35,0.3,0.35,1.7,0.45,1.75,1.4,0.65,0.45,1.6,1.56,0.65,0.71,0.65,1.49,0.59,1.34,1.36,0.96,0.67,1.6,2.33
决心,決心,juéxīn,determination,Na,Noun,1.65,1.25,0.35,0.35,0.65,2.9,0.8,1.8,1.7,1.05,0.85,1.71,1.22,0.79,0.73,1.06,1.61,0.98,1.44,1.58,1.24,0.85,2.55,1.91
速度,速度,sùdù,speed,Na,Noun,2.75,1.8,0.15,0.15,1.05,2.45,2.55,2.25,1.35,1.3,1.65,1.48,1.4,0.36,0.36,1.4,1.69,1.75,1.48,1.19,1.23,1.11,3.3,1.71
解释,解釋,jiěshì,explanation,VE,Verb,1.95,2.95,0.2,0.25,0.45,1.95,0.55,1.45,2.85,1.3,0.8,1.66,1.6,0.68,0.89,0.97,1.36,0.8,1.28,1.65,1.49,1.03,2.75,1.51
愧疚,愧疚,kuìjiù,guilty,VH,Adjective,2.0,1.7,0.2,0.25,0.65,3.15,0.85,1.2,1.5,1.3,0.95,1.48,1.38,0.51,0.7,0.96,1.71,1.06,1.17,1.32,1.27,0.97,2.7,1.71
太监,太監,tàijiàn,eunuch,Na,Noun,3.4,2.65,0.3,0.3,1.0,2.1,1.15,1.25,1.35,0.7,1.05,1.28,1.77,0.56,0.56,1.34,1.26,1.19,1.3,1.46,0.84,1.02,3.1,2.23
市场,市場,shìchǎng,market,Nc,Noun,2.8,2.15,1.1,1.35,1.0,2.05,1.7,1.7,1.75,1.5,1.45,1.54,1.71,1.41,1.53,1.38,1.5,1.55,1.68,1.64,1.43,1.4,1.05,1.6
资格,資格,zīgé,qualification,Na,Noun,0.95,1.25,0.2,0.15,0.6,2.15,0.7,0.85,0.75,0.7,0.5,1.16,1.22,0.51,0.36,1.07,1.42,0.95,1.01,0.94,0.84,0.59,1.4,1.56
停留,停留,tíngliú,stay,VA,Verb,2.2,1.15,0.1,0.15,0.55,2.0,2.1,1.25,1.05,1.05,1.6,1.69,1.46,0.3,0.48,0.86,1.55,1.73,1.37,1.4,1.43,1.71,2.95,1.63
婚纱,婚紗,hūnshā,wedding dress,Na,Noun,3.85,0.95,0.3,0.25,2.4,2.9,1.25,1.7,1.3,1.55,1.45,1.19,1.24,0.56,0.43,1.69,1.67,1.18,1.19,1.31,1.32,1.12,2.8,2.06
茁壮,茁壯,zhuózhuàng,thrive,VH,Adjective,3.0,0.75,0.25,0.25,0.75,2.45,1.2,1.35,0.9,0.75,1.15,1.52,1.09,0.62,0.7,0.99,1.63,1.12,1.19,0.83,0.77,1.11,2.65,1.31
形式,形式,xíngshì,species,Na,Noun,2.25,0.95,0.25,0.25,0.5,1.75,0.45,0.85,0.85,0.65,0.85,1.64,0.97,0.54,0.54,0.87,1.3,0.67,1.01,1.11,0.91,1.06,1.6,1.66
际遇,際遇,jìyù,chance encounter,Na,Noun,1.55,1.05,0.2,0.25,0.6,1.95,0.5,0.6,0.65,0.9,0.7,1.32,1.2,0.4,0.54,1.16,1.43,0.67,0.8,0.85,1.14,1.0,2.0,1.67
生日,生日,shēngrì,birthday,Na,Noun,2.85,2.7,2.05,0.9,0.9,3.35,1.35,1.9,2.0,1.55,1.65,1.46,1.42,1.56,1.34,0.99,1.31,1.46,1.67,1.61,1.43,1.39,2.7,2.35
及时,及時,jíshí,in_the_nick_of_time,D,Adverb,1.6,1.3,0.15,0.1,0.45,2.6,1.6,1.6,1.0,0.95,1.15,1.36,1.35,0.36,0.3,0.67,1.43,1.53,1.24,1.05,1.02,1.06,2.05,1.99
歧视,歧視,qíshì,discriminate,VJ,Verb,2.55,1.85,0.2,0.25,0.75,2.75,0.6,1.4,1.6,0.95,0.8,1.43,1.8,0.4,0.54,0.99,1.79,0.66,1.28,1.59,1.16,0.81,2.45,1.63
皇冠,皇冠,huángguān,crown,Na,Noun,4.0,0.95,0.1,0.2,1.8,2.4,0.55,1.45,0.8,1.95,0.8,1.05,1.36,0.3,0.51,1.5,1.59,0.67,1.4,1.03,1.72,0.93,2.35,1.98
现代,現代,xiàndài,modern,VH,Adjective,2.55,1.3,0.25,0.35,0.65,2.45,0.5,0.75,0.7,0.7,0.7,1.28,1.35,0.43,0.57,1.01,1.53,0.81,0.99,1.0,0.95,1.05,1.5,1.63
花束,花束,huāshù,bouquet,Na,Noun,3.95,0.6,1.05,2.4,2.15,2.6,0.55,1.8,0.95,1.1,0.8,1.24,1.16,1.43,1.77,1.39,1.46,0.8,1.29,1.07,1.09,0.81,2.15,2.31
认证,認證,rènzhèng,authentication,VA,Verb,2.4,1.5,0.35,0.5,0.9,1.9,0.4,1.3,1.2,0.65,0.55,1.39,1.28,0.57,0.97,1.04,1.61,0.66,1.38,1.47,1.11,0.86,2.1,2.21
邪念,邪念,xiéniàn,evil thoughts,Na,Noun,1.95,1.3,0.1,0.05,0.55,3.2,0.55,0.75,0.9,1.2,0.85,1.53,1.31,0.3,0.22,1.02,1.75,0.8,0.99,1.09,1.36,1.01,2.3,1.71
方面,方面,fāngmiàn,way,Na,Noun,1.7,0.9,0.25,0.3,0.6,1.6,0.3,0.8,0.65,0.65,0.35,1.71,0.99,0.54,0.71,0.86,1.5,0.64,0.93,0.91,1.06,0.65,1.5,1.91
云海,雲海,yúnhǎi,sea of ​​clouds,Na,Noun,3.7,0.7,0.2,0.5,0.85,2.5,0.6,0.95,0.9,1.45,0.8,1.27,0.9,0.51,0.97,1.19,1.43,0.8,1.28,1.14,1.36,1.03,1.5,2.11
完善,完善,wánshàn,fare-thee-well,VH,Verb,2.0,0.75,0.25,0.3,1.0,1.95,0.65,1.4,1.0,0.75,0.65,1.67,0.89,0.54,0.56,1.3,1.53,0.73,1.2,1.14,1.04,1.01,1.9,1.84
加拿大,加拿大,jiānádà,canada,Nc,Noun,2.5,1.05,0.3,0.25,0.3,1.95,0.5,0.5,0.7,0.7,0.55,1.72,0.97,0.71,0.43,0.64,1.47,0.81,0.74,0.84,1.0,0.86,1.1,1.87
曲调,曲調,qǔdiào,tune,Na,Noun,1.15,3.65,0.1,0.15,0.35,2.4,0.65,1.45,2.15,1.35,1.0,1.19,1.42,0.3,0.48,0.65,1.46,0.85,1.47,1.68,1.24,1.14,1.6,1.62
资金,資金,zījīn,finance,Na,Noun,2.9,1.0,0.25,0.35,1.2,2.7,0.55,1.1,0.7,0.75,0.55,1.67,1.52,0.89,0.73,1.33,1.42,0.92,1.09,1.23,1.09,0.8,1.4,1.74
安排,安排,ānpái,arrange,VE,Verb,2.1,1.6,0.3,0.3,0.65,2.3,1.0,1.6,1.5,0.85,0.85,1.79,1.88,0.9,0.71,1.28,1.55,0.95,1.46,1.36,1.11,1.24,2.05,2.01
眼泪,眼淚,yǎnlèi,tears,Na,Noun,3.05,1.6,1.55,0.65,2.15,2.85,0.55,1.9,2.1,2.15,1.2,1.47,1.53,1.43,0.96,1.71,1.65,0.8,1.41,1.45,1.62,1.33,4.1,2.1
供应,供應,gōngyìng,supply,VD,Verb,2.05,0.8,0.3,0.3,0.45,1.7,1.0,1.7,0.8,0.7,0.65,1.63,0.98,0.56,0.71,0.97,1.52,1.3,1.42,0.93,1.05,0.85,2.15,1.96
花车,花車,huāchē,float,Na,Noun,3.45,1.3,0.4,0.9,0.75,2.2,1.6,1.65,1.05,1.2,1.05,1.2,1.31,0.8,1.18,0.89,1.4,1.2,1.28,1.32,1.4,1.12,1.85,1.96
长,長,zhǎng,long,A,Adjective,3.45,0.65,0.2,0.2,1.15,2.05,1.0,1.65,0.6,0.65,0.95,1.43,0.85,0.51,0.68,1.35,1.4,1.52,1.74,0.97,0.96,1.32,2.45,1.72
呼喊,呼喊,hūhǎn,shout,VC,Verb,1.8,4.1,0.15,0.25,0.2,2.55,0.4,1.45,3.05,1.55,0.9,1.5,1.34,0.36,0.7,0.51,1.72,0.58,1.56,1.86,1.63,1.26,3.9,1.73
不到,不到,búdào,not,VJ,Verb,1.8,0.65,0.25,0.4,0.85,2.05,1.1,1.05,0.5,0.8,0.65,1.54,0.85,0.43,0.58,1.11,1.53,1.67,1.24,0.92,0.98,0.91,1.55,1.88
丰富,豐富,fēngfù,rich,VHC,Verb,2.9,1.65,1.2,1.3,1.25,2.9,0.9,1.0,1.0,1.1,0.85,1.58,1.8,1.66,1.65,1.58,1.61,1.45,1.41,1.34,1.51,1.28,1.5,1.8
苍劲,蒼勁,cāngjìng,vigorous,A,Adjective,2.85,1.0,0.45,0.35,1.15,2.5,1.05,1.7,0.75,0.7,0.6,1.35,1.26,0.8,0.57,1.19,1.57,1.28,1.55,0.99,0.95,0.86,1.85,1.62
眼睛,眼睛,yǎnjīng,eye,Na,Noun,4.4,0.4,0.2,0.15,1.1,2.1,0.25,0.25,0.4,1.45,0.4,0.92,0.92,0.51,0.36,1.3,1.41,0.54,0.54,0.86,1.6,0.73,4.25,2.02
退化,退化,tuìhuà,degenerate,VHC,Verb,1.95,1.05,0.65,0.6,0.9,2.45,1.0,1.15,1.05,1.25,1.15,1.83,1.32,1.19,1.16,1.34,1.63,1.18,1.24,1.28,1.44,1.39,3.1,1.76
担心,擔心,dānxīn,worry,VK,Verb,1.9,1.65,0.25,0.2,0.35,3.1,1.15,1.25,0.95,1.1,0.65,1.79,1.68,0.54,0.4,0.73,1.61,1.31,1.22,1.2,1.26,0.79,2.85,1.93
特色,特色,tèsè,differentiation,Na,Noun,2.55,1.45,1.45,1.05,0.9,2.25,0.35,0.7,1.0,0.65,0.5,1.4,1.16,1.47,1.32,1.3,1.44,0.73,1.1,1.3,0.85,0.74,1.65,1.8
空间,空間,kōngjiān,way,Na,Noun,3.35,1.3,0.2,0.3,1.4,1.8,1.05,1.35,0.7,0.8,0.55,1.28,1.42,0.4,0.64,1.39,1.57,1.28,1.28,0.95,1.03,0.74,1.45,2.09
书,書,shū,book,Na,Noun,3.75,1.45,0.3,0.7,2.25,2.4,0.55,2.55,1.65,1.8,1.0,1.18,1.24,0.56,1.0,1.87,1.66,0.8,1.69,1.59,1.33,1.05,2.4,2.22
主办,主辦,zhǔbàn,host,VC,Verb,2.1,1.3,0.05,0.05,0.5,1.65,0.9,1.2,0.95,0.95,0.75,1.7,1.68,0.22,0.22,0.92,1.53,1.09,1.33,1.12,1.16,0.89,1.6,1.56
剧毒,劇毒,jùdú,poisonous,Na,Noun,1.6,0.6,2.65,2.4,1.3,3.45,1.0,1.05,2.45,1.15,1.35,1.43,0.86,1.68,1.85,1.45,1.5,1.38,1.32,1.63,1.49,1.42,2.2,1.83
乾,乾,qián,dry,A,Adjective,1.5,0.7,0.3,0.2,0.5,1.4,0.45,0.6,0.55,0.65,0.5,1.63,1.23,0.71,0.51,0.87,1.24,0.8,0.86,0.8,1.01,0.74,2.3,2.3
同时,同時,tóngshí,meanwhile,Nd,Noun,2.0,1.25,0.35,0.35,0.5,2.35,0.95,1.0,0.8,0.65,0.45,1.26,1.26,0.73,0.65,0.81,1.68,1.36,1.34,1.25,0.85,0.59,1.25,1.76
虚弱,虛弱,xūruò,weak,A,Adjective,2.4,1.35,0.3,0.25,0.75,2.95,1.15,1.3,0.8,0.9,1.25,1.32,1.28,0.46,0.54,1.13,1.5,1.31,1.31,0.93,1.09,1.3,3.2,1.66
违法,違法,wéifǎ,illegal law,VA,Verb,2.05,1.7,0.15,0.2,0.5,2.7,1.2,1.35,1.05,1.0,0.95,1.63,1.71,0.36,0.51,0.67,1.58,1.25,1.19,1.12,1.05,0.92,2.05,1.86
烫伤,燙傷,tàngshāng,scald,VC,Verb,3.3,1.75,0.55,0.6,3.65,4.0,1.45,1.95,1.65,1.15,1.35,1.49,1.51,1.2,1.2,1.8,1.34,1.5,1.4,1.46,1.31,1.56,4.15,1.59
环境,環境,huánjìng,surroundings,Na,Noun,3.45,2.45,0.6,1.6,1.9,2.75,0.95,1.25,0.95,1.35,1.0,1.12,1.53,1.02,1.46,1.3,1.58,0.97,1.18,1.02,1.06,1.0,1.75,2.02
言,言,yán,word,VE,Verb,1.4,3.15,0.3,0.35,0.4,2.1,0.3,0.45,2.6,0.9,0.4,1.46,1.8,0.64,0.65,0.8,1.64,0.56,0.67,1.91,1.09,0.66,2.95,2.11
苍凉,蒼涼,cāngliáng,bleak,A,Adjective,3.25,1.65,0.4,0.2,1.05,3.1,0.55,0.65,0.65,0.8,0.75,1.3,1.49,0.73,0.4,1.02,1.45,0.86,0.91,0.91,1.03,0.94,1.75,1.81
台词,台詞,táicí,actor's lines,Na,Noun,2.1,3.4,0.2,0.15,0.55,2.0,0.6,1.15,2.6,1.35,1.0,1.51,1.39,0.68,0.48,0.8,1.58,0.86,1.15,1.74,1.31,1.05,2.5,1.83
抬头,抬頭,táitóu,look up,VA,Verb,2.8,0.6,0.05,0.05,0.35,1.8,0.7,0.7,0.85,3.35,1.0,1.5,1.16,0.22,0.22,0.57,1.36,0.9,1.0,1.28,1.68,1.1,4.75,1.58
叹息,嘆息,tànxī,sigh,VA,Verb,2.1,3.0,0.05,0.05,0.15,2.45,0.45,0.75,2.7,1.75,0.75,1.67,1.34,0.22,0.22,0.36,1.56,0.67,1.13,1.9,1.58,0.99,4.3,1.76
神志,神志,shénzhì,consciousness,Na,Noun,1.8,1.15,0.05,0.15,0.55,2.65,0.45,0.55,0.7,1.2,0.55,1.44,1.35,0.22,0.48,0.92,1.56,0.67,0.86,0.95,1.33,0.74,3.1,1.61
加强,加強,jiāqiáng,strengthen,VC,Verb,1.65,1.15,0.5,0.55,0.85,2.05,0.85,1.5,0.9,0.8,0.7,1.56,1.56,0.87,0.97,1.01,1.69,1.28,1.47,1.3,1.29,1.23,1.8,1.99
疯狗,瘋狗,fēnggǒu,crazy dog,Na,Noun,3.7,3.55,0.45,0.7,1.0,2.9,1.75,1.65,1.6,1.5,1.5,1.19,1.16,0.97,1.19,1.3,1.55,1.81,1.53,1.5,1.36,1.6,2.3,2.0
京剧,京劇,jīngjù,Peking Opera,Na,Noun,3.95,3.85,0.1,0.2,0.55,2.5,1.85,2.1,2.85,2.2,2.0,1.12,1.28,0.3,0.51,0.86,1.57,1.49,1.45,1.53,1.44,1.48,2.75,2.05
无情,無情,wúqíng,ruthless,VH,Adjective,1.95,1.6,0.15,0.15,0.4,3.15,0.65,0.7,0.95,0.7,0.7,1.4,1.53,0.36,0.48,0.8,1.49,1.01,1.05,1.12,0.95,0.95,1.95,1.8
前景,前景,qiánjǐng,prospect,Na,Noun,2.35,0.95,0.15,0.3,0.35,2.05,0.5,0.6,0.6,0.65,0.5,1.35,1.16,0.48,0.71,0.65,1.47,0.97,1.07,1.02,1.11,0.74,1.65,2.03
惆怅,惆悵,chóuchàng,melancholy,VH,Adjective,2.2,1.8,0.15,0.05,0.4,3.4,0.75,1.25,1.65,1.15,0.75,1.63,1.69,0.36,0.22,0.8,1.56,0.89,1.26,1.24,1.19,1.04,2.5,1.72
骏马,駿馬,jùnmǎ,steed,Na,Noun,3.55,2.45,0.5,1.05,1.5,2.0,1.5,1.8,1.2,1.4,1.4,1.28,1.6,1.24,1.43,1.4,1.45,1.5,1.17,0.98,1.2,1.24,2.75,2.09
战俘,戰俘,zhànfú,prisoner of war,Na,Noun,3.05,1.6,0.3,0.45,0.75,2.1,1.4,1.55,1.45,1.4,1.25,1.36,1.77,0.71,0.8,0.99,1.61,1.53,1.5,1.66,1.46,1.41,2.85,2.03
不足,不足,bùzú,insufficient,VH,Adjective,1.9,1.25,0.5,0.5,0.85,2.95,0.55,0.7,0.85,0.8,0.65,1.67,1.58,1.16,1.16,1.46,1.32,1.16,1.19,1.35,1.33,1.24,1.2,1.66
鲜,鮮,xiān,tasty,A,Adjective,2.25,0.5,3.5,2.75,1.05,2.55,0.4,0.75,2.2,1.15,0.8,1.64,1.16,1.91,1.67,1.16,1.53,0.66,0.99,1.91,1.31,1.12,1.45,1.77
阵雨,陣雨,zhènyǔ,sprinkling,Na,Noun,3.65,3.35,0.75,1.6,1.8,2.5,1.2,1.4,1.15,1.25,1.15,1.15,1.28,1.51,1.56,1.66,1.63,1.36,1.5,1.35,1.44,1.42,1.95,2.16
决斗,決鬥,juédòu,duel,VA,Verb,3.25,2.5,0.35,0.3,1.15,2.4,2.75,2.75,1.8,2.4,2.9,1.37,1.53,0.91,0.78,1.49,1.74,1.64,1.7,1.47,1.62,1.67,3.6,1.46
领舞,領舞,lǐngwǔ,lead dancer,Noun,Noun,3.2,2.05,0.2,0.3,0.9,2.05,2.8,2.85,1.6,2.6,2.8,1.4,1.53,0.51,0.71,1.26,1.47,1.81,1.71,1.32,1.59,1.66,4.25,1.58
准备,準備,zhǔnbèi,prepare,VF,Verb,1.8,1.0,0.25,0.25,0.55,2.3,1.05,1.2,1.3,1.1,1.0,1.4,1.1,0.54,0.54,0.74,1.62,1.16,1.08,1.42,1.41,1.1,2.65,1.59
虚伪,虛僞,xūwěi,hypocritical,A,Adjective,2.5,2.15,0.05,0.1,0.5,3.1,0.35,0.3,0.95,0.5,0.3,1.47,1.39,0.22,0.3,1.02,1.48,0.57,0.64,1.5,0.87,0.56,1.45,1.63
手指,手指,shǒuzhǐ,finger,Na,Noun,3.3,0.7,0.35,0.45,2.9,1.85,0.45,2.9,0.6,0.6,0.6,1.58,1.38,0.91,0.8,1.55,1.68,0.74,1.7,1.24,1.16,1.07,4.55,1.77
肥,肥,féi,fat,A,Adjective,3.75,0.6,1.25,0.85,2.7,2.35,1.05,1.75,1.4,1.05,1.25,1.09,1.16,1.58,1.46,1.71,1.59,1.43,1.7,1.74,1.6,1.58,3.45,2.06
受,受,shòu,by,VJ,Verb,1.6,0.95,0.2,0.25,0.95,2.25,0.45,0.75,0.65,0.45,0.65,1.71,1.32,0.51,0.7,1.53,1.41,0.59,0.77,0.79,0.74,0.79,1.75,2.09
囚徒,囚徒,qiútú,prisoner,Na,Noun,3.5,1.5,0.35,0.4,0.7,2.35,1.45,1.55,0.8,1.3,1.25,1.28,1.66,0.96,0.92,1.1,1.35,1.63,1.47,1.33,1.52,1.55,3.65,2.08
促进,促進,cùjìn,promote,VK,Verb,1.8,0.9,0.2,0.2,0.6,2.4,0.95,1.3,0.95,0.8,0.75,1.54,1.04,0.4,0.51,0.92,1.74,1.32,1.49,1.47,1.29,0.99,2.05,2.04
平庸,平庸,píngyōng,mediocre,VH,Adjective,2.3,1.4,0.55,0.6,0.65,2.9,0.45,0.5,0.6,0.65,0.7,1.52,1.39,0.97,1.16,1.01,1.51,0.8,0.97,0.97,1.35,1.27,1.5,1.75
来临,來臨,láilín,advent,VA,Verb,2.15,1.45,0.15,0.15,0.4,2.25,1.25,0.85,0.6,0.75,0.9,1.42,1.2,0.36,0.48,0.66,1.44,1.22,0.96,0.86,1.04,1.04,1.65,1.85
别墅,別墅,biéshù,villa,Na,Noun,3.65,0.9,0.1,0.25,0.9,2.4,0.65,0.8,0.65,0.85,1.05,1.19,1.26,0.3,0.7,1.26,1.5,1.19,1.25,1.06,1.24,1.47,1.65,2.15
口碑,口碑,kǒubēi,reputation,Na,Noun,1.85,2.35,0.9,0.55,0.65,2.5,0.15,0.85,2.1,0.6,0.35,1.8,1.49,1.37,1.02,1.15,1.57,0.36,1.15,1.7,0.97,0.65,1.65,1.88
珍惜,珍惜,zhēnxī,cherish,VJ,Verb,2.3,1.15,0.3,0.35,0.55,3.25,0.65,1.35,1.35,1.0,0.85,1.71,1.53,0.71,0.79,1.02,1.37,1.01,1.53,1.35,1.45,1.39,1.45,1.69
利益,利益,lìyì,benefit,Na,Noun,1.85,1.4,0.05,0.1,0.6,2.8,0.65,1.15,1.15,0.9,0.55,1.56,1.46,0.22,0.3,0.97,1.36,1.24,1.49,1.35,1.34,0.92,1.41,1.87
皮包,皮包,píbāo,leather bag,Na,Noun,3.45,0.9,0.45,1.15,2.5,1.65,0.45,1.85,0.5,0.5,0.6,1.36,1.09,0.67,0.91,1.53,1.53,0.67,1.49,0.81,0.87,0.92,2.36,2.29
合格,合格,hégé,qualified,VH,Adjective,1.95,1.65,0.45,0.4,0.85,2.05,0.35,0.7,0.85,0.7,0.55,1.47,1.42,0.74,0.73,1.11,1.66,0.65,0.9,1.06,1.05,0.86,1.68,2.1
荣光,榮光,róngguāng,glory,Na,Noun,2.15,1.5,0.05,0.05,0.55,2.85,0.4,0.5,0.9,0.9,0.55,1.9,1.66,0.22,0.22,0.92,1.59,0.73,0.81,1.3,1.14,0.8,1.41,1.85
女性,女性,nǚxìng,feminine,Na,Noun,3.55,2.6,0.6,1.2,1.9,2.7,1.05,1.1,1.35,1.3,1.35,1.16,1.5,1.2,1.47,1.61,1.49,1.36,1.37,1.46,1.35,1.35,3.82,1.99
政党,政黨,zhèngdǎng,political_party,Na,Noun,2.35,2.25,0.05,0.05,0.45,2.75,0.75,1.4,1.6,1.1,0.8,1.62,1.7,0.22,0.22,0.92,1.34,0.89,1.2,1.43,1.3,0.81,1.64,2.06
乐器,樂器,yuèqì,instrument,Na,Noun,3.0,3.95,0.25,0.35,1.7,2.45,0.85,2.6,1.75,1.6,1.25,1.14,1.36,0.54,0.57,1.42,1.5,1.06,1.53,1.61,1.16,0.94,2.73,2.26
外交部,外交部,wàijiāobù,Ministry of Foreign Affairs,Nc,Noun,2.55,2.35,0.05,0.05,0.4,2.05,0.6,1.4,2.1,1.35,0.75,1.4,1.49,0.22,0.22,0.73,1.53,0.58,1.32,1.87,1.42,0.77,1.68,2.3
运用,運用,yùnyòng,use,VC,Verb,1.85,1.25,0.1,0.1,0.65,1.75,0.55,1.65,1.05,0.75,0.55,1.42,1.3,0.3,0.3,1.15,1.44,0.59,1.46,1.2,1.13,0.74,1.86,1.84
愤慨,憤慨,fènkǎi,indignation,VH,Adjective,2.45,2.35,0.35,0.5,0.85,3.6,1.15,1.8,2.15,1.7,1.35,1.6,1.77,0.79,0.92,1.15,1.8,1.31,1.33,1.59,1.52,1.53,2.14,1.77
军装,軍裝,jūnzhuāng,military uniform,Na,Noun,3.7,1.15,0.15,0.4,1.75,2.5,1.55,2.15,1.4,1.75,2.1,1.27,1.56,0.48,0.8,1.44,1.88,1.56,1.46,1.32,1.51,1.67,2.73,2.09
败类,敗類,bàilèi,losing class,Na,Noun,2.2,2.05,0.05,0.15,0.45,3.1,0.6,0.95,0.85,0.65,0.5,1.54,1.83,0.22,0.36,0.86,1.55,0.97,0.86,0.91,0.79,0.67,1.55,1.75
频率,頻率,pínlǜ,frequency,Na,Noun,1.7,2.15,0.1,0.1,0.9,1.7,0.8,1.3,0.85,0.9,0.65,1.45,1.49,0.3,0.3,1.37,1.49,0.98,1.27,0.96,1.18,0.79,1.14,1.79
关,關,guān,close,VC,Verb,2.65,1.65,0.1,0.05,1.05,1.85,0.7,2.05,0.7,0.65,0.65,1.24,1.31,0.3,0.22,1.28,1.49,0.9,1.6,0.95,0.91,0.85,2.09,1.83
落,落,luò,fall,VA,Verb,3.05,1.45,0.05,0.3,0.85,1.8,0.95,1.1,0.75,0.65,0.7,1.16,1.4,0.22,1.1,1.19,1.54,1.36,1.41,1.37,1.06,0.95,1.73,1.54
值得,值得,zhíde,worth,VH,Adjective,1.7,1.65,0.45,0.3,0.7,3.0,0.65,1.1,0.65,0.6,0.6,1.42,1.49,0.8,0.56,0.9,1.67,0.91,1.04,1.06,0.92,0.86,1.23,1.73
废话,廢話,fèihuà,nonsense,Na,Noun,1.15,3.6,0.25,0.1,0.35,3.0,0.55,0.85,2.5,1.2,0.55,1.15,1.46,0.54,0.3,0.57,1.7,0.74,1.11,1.66,1.21,0.86,2.09,1.7
大雨,大雨,dàyǔ,heavy rain,Na,Noun,3.95,3.6,0.6,1.95,2.3,3.15,1.3,1.75,0.95,1.45,1.35,1.16,1.43,1.24,1.66,1.68,1.65,1.19,1.34,1.16,1.32,1.19,2.32,2.44
减少,減少,jiǎnshǎo,reduce,VHC,Verb,2.4,1.3,0.3,0.3,0.5,2.45,0.3,0.55,0.45,0.6,0.45,1.59,1.35,0.56,0.71,0.97,1.43,0.71,1.02,0.92,1.11,0.97,1.45,1.95
历经,歷經,lìjīng,pass through,VJ,Verb,1.8,1.65,0.25,0.25,0.55,2.2,0.95,0.85,0.85,0.75,0.7,1.33,1.65,0.54,0.43,0.86,1.6,1.5,1.11,1.35,1.22,1.05,2.32,2.08
一样,一樣,yīyàng,same,VH,Adjective,2.7,2.0,1.15,1.05,1.4,2.2,0.55,0.95,0.95,0.95,0.65,1.31,1.38,1.24,1.24,1.36,1.6,0.74,0.97,1.12,1.16,0.85,1.32,1.92
收押,收押,shōuyā,hold,VC,Verb,2.1,1.15,0.05,0.1,0.65,2.25,1.2,2.1,0.95,1.05,1.3,1.3,1.15,0.22,0.3,1.15,1.51,1.21,1.48,1.16,1.2,1.31,2.64,2.06
柔情,柔情,róuqíng,tenderness,Na,Noun,2.2,1.8,0.1,0.15,1.3,2.75,0.7,1.2,0.8,0.95,0.9,1.44,1.54,0.3,0.48,1.49,1.67,0.95,1.03,1.08,1.2,1.14,2.55,1.67
视觉,視覺,shìjué,vision,Na,Noun,4.25,0.75,0.05,0.1,0.35,2.45,0.5,0.55,0.55,1.35,0.6,1.04,1.26,0.22,0.3,0.79,1.75,1.12,1.16,1.24,1.65,1.16,3.86,1.89
失身,失身,shīshēn,be lost,VH,Adjective,2.5,2.25,0.3,0.3,0.95,3.5,1.5,1.7,1.65,1.65,1.6,1.47,1.55,0.9,0.64,1.24,1.4,1.4,1.65,1.46,1.65,1.39,3.91,2.09
调整,調整,tiáozhěng,adjustment,VC,Verb,2.8,1.45,0.25,0.3,1.15,2.2,1.15,1.95,1.3,1.1,1.3,1.25,1.53,0.43,0.46,1.46,1.44,1.24,1.36,1.42,1.3,1.27,2.18,1.87
香港,香港,xiānggǎng,hong_kong,Nc,Noun,3.3,2.6,0.75,0.75,0.8,2.85,1.3,1.2,1.2,1.25,1.15,1.31,1.2,0.99,0.89,1.36,1.53,1.45,1.47,1.29,1.37,1.19,1.36,2.27
支持,支持,zhīchí,support,VC,Verb,2.4,1.95,0.1,0.1,0.5,2.8,0.8,1.9,2.05,1.1,0.75,1.36,1.69,0.3,0.3,1.02,1.54,0.93,1.55,1.53,1.18,1.04,1.86,1.66
沮丧,沮喪,jǔsàng,frustration,VH,Adjective,2.45,2.35,0.35,0.45,0.6,3.55,0.85,1.35,1.7,1.3,0.8,1.69,1.88,0.57,0.8,0.92,1.6,1.15,1.35,1.38,1.58,1.08,3.09,1.73
博客,博客,bókè,blog,Noun,Noun,3.05,1.65,0.05,0.05,0.9,1.85,0.35,1.4,0.75,0.8,0.5,1.69,1.62,0.22,0.22,1.26,1.62,0.57,1.5,0.99,1.25,0.87,1.86,2.16
印尼,印尼,yìnní,indonesia,Nc,Noun,2.45,1.5,0.45,0.45,0.2,1.6,0.35,0.3,0.35,0.4,0.6,1.36,1.36,0.74,0.74,0.4,1.28,0.73,0.56,0.57,0.58,1.02,1.5,2.23
创世,創世,chuàngshì,creation,Nb,Noun,2.15,1.5,0.2,0.1,0.5,2.05,0.65,1.25,0.7,0.65,0.8,1.46,1.5,0.4,0.3,0.81,1.72,0.79,1.3,0.9,0.91,1.17,1.27,1.79
鸣叫,鳴叫,míngjiào,tweet,VA,Verb,1.7,4.25,0.1,0.05,0.25,1.7,0.4,0.65,2.5,1.05,0.75,1.55,0.99,0.3,0.22,0.54,1.45,0.8,0.96,1.91,1.16,1.09,2.23,1.93
台北,台北,táiběi,taipei,Nc,Noun,2.6,2.05,0.8,0.55,0.6,2.3,0.8,0.8,0.9,0.7,0.65,1.53,1.43,1.33,1.24,1.24,1.58,1.17,1.12,1.22,1.0,0.91,1.41,2.19
因应,因應,yīnyìng,respond,VJ,Verb,0.65,1.0,0.05,0.0,0.1,1.3,0.25,0.15,0.4,0.2,0.25,1.11,1.34,0.22,0.0,0.3,1.38,0.54,0.36,0.58,0.4,0.54,1.64,2.19
细,細,xì,thin,A,Adjective,3.55,1.15,0.2,0.25,1.9,1.8,0.7,1.45,0.8,0.45,0.3,1.2,1.28,0.4,0.43,1.41,1.47,0.9,1.4,1.17,0.59,0.64,1.95,1.92
樱花,櫻花,yīnghuā,cherry blossoms,Na,Noun,3.9,0.8,0.95,2.6,2.0,2.4,0.9,1.55,0.8,1.3,0.85,1.18,1.29,1.32,1.56,1.58,1.43,1.09,1.4,0.98,1.45,1.15,1.86,2.24
金鱼,金魚,jīnyú,goldfish,Na,Noun,3.65,0.7,0.25,0.7,1.55,1.65,0.5,0.85,0.45,0.6,0.85,1.31,1.0,0.77,1.05,1.5,1.42,0.87,1.31,0.86,0.86,1.42,2.0,2.26
士兵,士兵,shìbīng,soldier,Na,Noun,3.3,1.7,0.1,0.3,0.8,2.0,1.3,1.6,1.5,1.35,1.35,1.35,1.65,0.3,0.56,0.93,1.48,1.35,1.59,1.47,1.42,1.42,3.32,2.12
运动,運動,yùndòng,conditioner,Na,Noun,2.85,2.05,0.3,0.25,1.25,2.3,2.75,2.75,2.0,2.4,2.45,1.42,1.69,0.78,0.54,1.41,1.65,1.84,1.84,1.76,1.77,1.91,4.77,1.41
抹黑,抹黑,mǒhēi,bring shame on,VC,Verb,2.5,1.5,0.15,0.1,1.0,2.8,0.65,2.05,1.85,1.1,0.75,1.75,1.72,0.48,0.3,1.34,1.72,1.01,1.69,1.46,1.3,0.89,2.32,2.03
寿命,壽命,shòumìng,life,Na,Noun,1.55,0.75,0.35,0.3,0.65,2.7,0.7,0.8,0.85,0.95,0.8,1.53,1.26,0.96,0.71,1.06,1.71,1.14,1.21,1.39,1.32,1.33,3.32,2.24
发现,發現,fāxiàn,discover,VE,Verb,3.4,2.05,0.4,0.9,1.2,2.15,1.4,2.0,1.65,1.55,1.25,1.32,1.63,0.58,1.14,1.29,1.56,1.66,1.58,1.65,1.4,1.48,2.68,2.03
质量,質量,zhìliàng,quality,Na,Noun,2.25,0.95,0.25,0.4,1.6,2.25,0.5,1.2,0.5,0.6,0.35,1.55,1.24,0.54,0.73,1.56,1.58,0.74,1.33,0.59,0.86,0.57,1.73,1.6
前面,前面,qiánmiàn,front,Ncd,Noun,2.9,0.85,0.15,0.25,0.5,1.45,0.95,1.5,0.6,0.85,0.6,1.41,1.11,0.36,0.54,0.87,1.36,1.28,1.5,0.92,1.01,0.73,1.5,1.88
长达,長達,zhǎngdá,long,VJ,Verb,2.3,1.2,0.1,0.1,0.75,2.15,1.0,1.25,0.55,0.65,0.55,1.42,1.44,0.3,0.3,1.18,1.46,1.38,1.34,0.74,0.91,0.86,1.45,1.83
玉佩,玉佩,yùpèi,jade pendant,Na,Noun,3.8,1.35,0.2,0.3,2.7,2.4,0.3,2.0,0.55,0.65,0.85,1.17,1.56,0.51,0.64,1.35,1.53,0.46,1.64,0.97,1.01,1.11,2.41,2.27
粼粼,粼粼,línlín,clear (of water),A,Adjective,3.9,1.75,0.25,0.3,1.05,2.6,0.45,0.55,0.55,0.8,0.4,1.3,1.79,0.89,0.9,1.32,1.62,0.74,0.67,0.97,1.29,0.66,1.41,1.78
创作,創作,chuàngzuò,creation,VC,Verb,2.8,2.1,0.4,0.45,1.5,2.5,0.75,2.15,1.3,1.1,1.05,1.57,1.67,0.73,0.74,1.43,1.43,0.83,1.65,1.35,1.34,1.12,2.55,1.8
注目,注目,zhùmù,pay attention,VB,Verb,4.1,0.8,0.2,0.15,0.35,1.95,0.5,0.75,0.85,1.55,0.6,1.04,1.08,0.4,0.48,0.65,1.5,0.67,1.04,1.24,1.47,0.8,3.59,1.72
操守,操守,cāoshǒu,ethics,Na,Noun,1.4,0.85,0.1,0.1,0.45,2.9,0.35,0.5,0.7,0.65,0.6,1.36,1.01,0.3,0.3,0.86,1.67,0.65,0.81,1.1,1.15,0.86,2.59,2.21
笑声,笑聲,xiàoshēng,laughter,Na,Noun,2.25,4.35,0.4,0.25,0.5,3.1,0.8,1.25,3.5,2.3,1.15,1.41,1.39,0.92,0.62,0.87,1.61,1.08,1.13,1.57,1.27,1.35,4.27,1.93
时势,時勢,shíshì,current situation,Na,Noun,1.4,1.1,0.2,0.15,0.35,1.85,0.35,0.4,0.5,0.65,0.35,1.39,1.37,0.68,0.48,0.65,1.53,0.57,0.66,0.81,0.96,0.57,1.36,1.94
信号,信號,xìnhào,signal,Na,Noun,3.0,2.35,0.2,0.65,0.9,2.3,0.7,1.0,1.4,1.1,0.95,1.26,1.53,0.51,1.15,1.34,1.58,1.1,1.18,1.28,1.04,0.92,2.59,2.41
出面,出面,chūmiàn,be,VA,Verb,2.65,1.25,0.15,0.15,0.35,1.95,1.5,1.2,1.35,1.15,0.95,1.62,1.3,0.48,0.36,0.57,1.53,1.32,1.03,1.19,1.15,0.8,2.64,1.72
电影,電影,diànyǐng,movie,Na,Noun,4.4,3.9,0.2,0.3,0.6,3.2,1.1,1.2,1.3,2.15,1.2,0.92,1.3,0.68,0.71,1.02,1.54,1.22,1.21,1.14,1.49,1.17,2.27,2.18
住在,住在,zhùzài,live,VCL,Verb,2.4,1.35,0.4,0.5,0.8,2.15,1.2,1.05,0.85,0.9,0.8,1.5,1.42,0.92,0.87,1.12,1.62,0.93,0.92,1.01,1.04,0.81,3.45,1.99
需要,需要,xūyào,need,VK,Verb,1.6,1.15,0.3,0.3,0.6,2.55,0.65,1.2,0.95,0.65,0.55,1.43,1.35,0.56,0.71,0.8,1.47,0.73,1.33,1.16,0.79,0.67,1.95,1.92
增,增,zēng,increase,VJ,Verb,2.8,1.7,0.55,0.55,0.8,2.1,0.5,0.7,0.85,0.8,0.55,1.4,1.52,0.67,0.8,0.98,1.48,0.67,0.71,1.15,1.12,0.8,1.41,1.61
墙壁,牆壁,qiángbì,wall,Na,Noun,3.6,0.75,0.2,0.5,2.6,1.55,0.9,1.7,0.45,0.8,0.95,1.16,1.22,0.68,0.97,1.56,1.53,1.37,1.31,0.86,1.08,1.12,1.82,2.15
吉祥,吉祥,jíxiáng,auspicious,VH,Adjective,2.3,2.5,0.55,0.35,0.4,3.25,0.7,1.4,1.8,1.15,1.0,1.71,1.6,0.86,0.73,0.86,1.64,1.0,1.16,1.47,1.19,1.14,1.91,2.04
负,負,fù,burden,VJ,Verb,1.7,0.8,0.1,0.1,0.35,2.15,0.55,0.4,0.5,0.55,0.8,1.31,1.17,0.3,0.3,0.85,1.62,0.97,0.73,0.81,0.97,1.5,1.32,1.84
父母,父母,fùmǔ,parents,Na,Noun,3.65,3.3,1.2,1.5,2.15,3.8,1.2,1.7,2.05,1.6,1.55,1.19,1.23,1.54,1.57,1.8,1.5,1.44,1.62,1.53,1.46,1.53,2.86,2.28
麦苗,麥苗,màimiáo,wheat seedlings,Na,Noun,3.5,0.85,1.15,1.5,2.05,2.25,0.6,1.25,0.8,0.85,0.75,1.28,1.01,1.46,1.4,1.8,1.79,0.73,1.18,1.03,1.11,0.94,1.91,2.15
警车,警車,jǐngchē,police car,Na,Noun,3.85,3.7,0.05,0.05,0.45,2.5,0.9,0.9,0.8,0.95,0.7,1.31,1.38,0.22,0.22,0.74,1.5,0.99,1.09,1.03,1.16,0.78,2.41,2.25
无赖,無賴,wúlài,rogue,Na,Noun,2.45,1.9,0.1,0.2,0.55,3.0,1.0,1.2,1.65,1.05,0.95,1.6,1.34,0.3,0.4,0.97,1.55,0.89,1.03,1.19,0.92,0.92,2.18,1.87
光线,光線,guāngxiàn,light,Na,Noun,3.85,0.35,0.2,0.25,0.9,2.1,0.35,0.6,0.4,0.75,0.5,1.01,0.91,0.51,0.54,1.04,1.48,0.73,0.8,0.97,1.04,0.97,1.41,1.85
打工,打工,dǎgōng,work to earn a living,VA,Verb,3.05,2.5,0.35,0.3,1.2,2.55,2.25,2.35,1.75,1.8,2.05,1.47,1.69,0.79,0.71,1.54,1.4,1.73,1.77,1.41,1.54,1.56,3.73,1.84
硬币,硬幣,yìngbì,coin,Na,Noun,3.2,2.3,0.3,0.65,2.5,2.25,0.35,1.9,0.4,0.6,0.4,1.17,1.42,0.56,1.19,1.6,1.81,0.73,1.37,0.86,0.92,0.73,2.09,2.15
漠漠,漠漠,mòmò,misty,A,Adjective,1.95,0.85,0.1,0.15,0.45,1.7,0.35,0.35,0.5,0.55,0.35,1.47,1.28,0.3,0.36,0.92,1.49,0.79,0.65,0.97,0.92,0.65,1.23,1.81
西餐,西餐,xīcān,western food,Na,Noun,3.45,1.7,3.7,2.45,2.2,2.6,0.7,2.6,2.9,1.8,1.15,1.32,1.73,1.27,1.66,1.54,1.46,1.0,1.69,1.81,1.54,1.28,2.55,2.31
跳舞,跳舞,tiàowǔ,dance,VA,Verb,3.7,2.85,0.25,0.15,1.25,2.35,3.25,3.25,1.65,2.95,3.2,1.23,1.53,0.54,0.48,1.44,1.62,1.7,1.61,1.53,1.53,1.63,4.82,1.8
遭遇,遭遇,zāoyù,encounter,VJ,Verb,2.8,1.75,0.25,0.25,0.55,2.15,1.25,1.15,1.0,1.1,1.05,1.29,1.61,0.62,0.7,0.74,1.39,1.22,1.01,1.26,1.26,1.16,2.91,2.07
经验,經驗,jīngyàn,experience,Na,Noun,1.85,1.65,0.2,0.15,0.4,2.3,0.25,0.6,0.8,0.6,0.35,1.62,1.62,0.4,0.36,0.73,1.42,0.43,0.86,1.47,1.07,0.57,2.05,2.12
引起,引起,yǐnqǐ,cause,VC,Verb,1.7,1.15,0.2,0.2,0.75,1.9,0.55,0.9,0.95,0.8,0.65,1.49,1.28,0.51,0.51,1.09,1.45,0.8,0.99,1.16,0.81,0.79,1.73,2.0
神圣,神聖,shénshèng,sacred,VH,Adjective,3.2,2.35,0.35,0.35,0.9,3.25,0.9,1.6,0.95,1.25,1.0,1.66,1.53,0.65,0.73,1.14,1.55,1.09,1.59,1.2,1.48,1.34,1.64,1.87
杂念,雜念,zániàn,distracting thoughts,Na,Noun,1.3,1.3,0.15,0.1,0.35,3.7,0.65,0.65,0.85,1.0,0.55,1.42,1.49,0.36,0.3,0.65,1.35,1.06,0.85,0.96,1.34,0.86,2.27,1.98
机会,機會,jīhuì,opportunity,Na,Noun,1.5,1.4,0.1,0.1,0.3,2.65,1.0,1.2,0.85,1.0,0.75,1.4,1.43,0.3,0.3,0.56,1.68,1.38,1.33,1.24,1.45,1.13,1.55,1.78
人才,人才,réncái,talent,Na,Noun,2.4,1.55,0.1,0.1,0.55,2.6,0.7,1.2,1.35,0.95,0.6,1.74,1.63,0.3,0.3,0.74,1.46,1.0,1.25,1.19,1.16,0.8,2.23,1.88
自杀,自殺,zìshā,suicide,VA,Verb,2.95,2.25,0.35,0.55,1.3,3.35,1.95,2.35,2.05,2.05,2.0,1.72,1.73,0.91,1.24,1.71,1.65,1.63,1.65,1.63,1.75,1.61,4.5,1.64
高达,高達,gāodá,gundam,VJ,Verb,3.3,1.5,0.2,0.3,1.4,2.1,0.6,1.35,0.95,1.2,0.8,1.52,1.57,0.4,0.71,1.77,1.7,0.97,1.53,1.28,1.4,1.17,1.5,1.95
埋怨,埋怨,mányuàn,complaint,VE,Verb,1.9,3.35,0.15,0.1,0.45,3.4,0.55,1.3,2.15,1.1,0.55,1.51,1.53,0.48,0.3,0.74,1.36,0.86,1.19,1.65,1.26,0.74,3.0,1.76
教,教,jiào,teach,VC,Verb,2.55,2.7,0.2,0.15,0.45,2.1,1.2,2.2,2.7,1.5,1.4,1.63,1.68,0.51,0.36,0.74,1.51,1.17,1.5,1.55,1.16,1.24,3.18,2.01
回声,回聲,huíshēng,echo,Na,Noun,0.85,4.2,0.2,0.1,0.45,1.85,0.45,0.8,1.8,1.25,0.7,1.11,1.03,0.68,0.3,0.86,1.46,0.67,0.87,1.69,1.51,1.0,2.68,1.74
沉醉,沉醉,chénzuì,intoxicating,VH,Adjective,2.75,2.5,1.2,1.05,1.25,3.55,0.75,1.05,1.0,1.25,1.0,1.37,1.57,1.47,1.07,1.22,1.32,0.83,1.07,1.41,1.44,1.22,2.68,1.72
北韩,北韓,běihán,north_korea,Nc,Noun,2.75,2.05,0.85,0.4,0.6,2.3,0.6,0.65,0.8,0.7,0.55,1.51,1.36,1.01,0.8,0.8,1.58,0.73,0.73,1.03,0.9,0.67,1.41,2.19
悲剧,悲劇,bēijù,tragedy,Na,Noun,3.15,2.65,0.25,0.3,1.05,3.45,0.85,1.2,1.4,1.15,0.85,1.31,1.46,0.54,0.64,1.28,1.28,1.28,1.44,1.43,1.49,1.31,1.55,1.83
笑,笑,xiào,laugh,VA,Verb,3.4,3.9,0.2,0.2,0.55,3.5,0.8,1.2,3.15,2.55,1.0,1.16,1.18,0.4,0.4,0.86,1.57,1.08,1.33,1.74,1.66,1.1,4.73,1.45
鼓声,鼓聲,gǔshēng,drum,Na,Noun,2.15,4.15,0.05,0.1,1.0,2.6,1.1,2.7,1.05,1.4,1.7,1.42,1.19,0.22,0.3,1.45,1.46,0.99,1.79,1.16,1.43,1.58,2.18,1.87
奔放,奔放,bēnfàng,unrestrained,VH,Adjective,3.05,2.15,0.15,0.25,0.6,3.35,1.85,1.85,1.65,1.7,1.7,1.36,1.62,0.36,0.54,0.73,1.35,1.71,1.62,1.71,1.71,1.62,2.36,1.85
贿赂,賄賂,huìlù,bribe,VC,Verb,2.5,2.15,0.2,0.2,1.15,3.1,0.75,2.15,1.7,1.25,1.2,1.6,1.35,0.68,0.68,1.35,1.48,0.83,1.53,1.38,1.3,1.21,2.64,1.69
爱,愛,ài,like,VL,Verb,2.55,2.4,1.25,1.05,1.7,3.75,1.45,2.1,2.15,1.5,1.6,1.69,1.62,1.48,1.43,1.65,1.58,1.56,1.81,1.77,1.63,1.56,3.86,1.96
暗喻,暗喻,ànyù,metaphor,VE,Verb,1.3,1.85,0.05,0.05,0.25,2.35,0.2,0.7,1.25,0.6,0.3,1.45,1.71,0.22,0.22,0.54,1.62,0.4,0.95,1.48,1.24,0.56,1.5,1.78
价格,價格,jiàgé,price,Na,Noun,3.0,1.8,0.05,0.1,0.5,2.35,0.35,1.05,0.9,0.75,0.3,1.52,1.44,0.22,0.3,0.81,1.65,0.91,1.32,1.22,0.99,0.56,1.41,1.9
完美,完美,wánměi,perfect,VH,Adjective,3.1,2.4,0.95,0.8,1.45,3.5,0.95,1.45,1.35,1.25,1.05,1.37,1.46,1.47,1.33,1.56,1.63,1.28,1.47,1.53,1.55,1.4,1.32,1.79
情况,情況,qíngkuàng,condition,Na,Noun,2.45,1.55,0.15,0.2,0.5,1.9,0.75,1.0,1.2,0.8,0.65,1.36,1.66,0.36,0.51,0.81,1.76,0.94,1.05,1.47,1.08,0.79,1.64,2.12
求学,求學,qiúxué,study,VA,Verb,3.0,2.8,0.3,0.25,0.95,2.75,2.05,2.05,2.1,1.9,1.5,1.58,1.63,0.46,0.54,1.02,1.67,1.6,1.75,1.61,1.48,1.53,2.82,1.97
丧服,喪服,sāngfú,funeral,Na,Noun,3.75,2.15,0.35,0.45,1.6,3.4,1.5,2.05,1.65,1.35,1.45,1.37,1.74,1.11,1.12,1.62,1.46,1.43,1.36,1.53,1.28,1.4,3.0,2.11
蛮横,蠻橫,mánhèng,boring,VH,Adjective,2.95,2.7,0.2,0.25,0.55,3.4,1.5,1.95,2.0,1.45,1.65,1.5,1.82,0.4,0.54,0.8,1.24,1.43,1.66,1.7,1.43,1.53,2.0,2.13
黑,黑,hēi,black,A,Adjective,4.4,0.7,0.05,0.15,0.3,2.95,0.7,0.6,0.55,0.9,0.5,1.11,1.23,0.22,0.48,0.64,1.75,1.14,1.02,0.97,1.3,0.92,1.41,1.99
景色,景色,jǐngsè,view,Na,Noun,4.4,2.1,0.4,1.3,1.25,3.0,1.25,1.45,1.2,1.8,1.25,0.86,1.41,1.11,1.38,1.37,1.58,1.34,1.6,1.33,1.54,1.34,2.14,2.14
训斥,訓斥,xùnchì,rebuke,VC,Verb,2.5,3.45,0.15,0.25,0.65,3.0,1.1,2.25,2.95,1.65,1.35,1.69,1.43,0.48,0.62,0.91,1.61,1.37,1.64,1.66,1.46,1.53,3.27,2.16
荼毒,荼毒,túdú,afflict with great suffering,VC,Verb,2.0,1.3,0.95,1.05,0.7,2.5,0.4,0.55,0.9,0.7,0.6,1.41,1.35,1.43,1.4,1.0,1.57,0.58,0.67,1.18,0.95,0.73,1.55,1.67
妙法,妙法,miàofǎ,magic bullet,Na,Noun,1.6,1.4,0.25,0.4,0.7,1.9,0.45,0.9,1.0,0.55,0.45,1.39,1.43,0.7,0.8,1.05,1.55,0.8,1.3,1.38,0.8,0.74,1.05,1.33
印度,印度,yìndù,india,Nc,Noun,3.3,2.85,1.6,1.75,0.85,2.35,1.0,1.05,1.25,1.1,1.05,1.52,1.53,1.69,1.64,1.11,1.35,1.26,1.4,1.61,1.45,1.32,1.18,2.1
风尚,風尚,fēngshàng,fashion,Na,Noun,2.5,1.2,0.45,0.5,0.7,2.1,0.5,0.85,0.65,0.75,0.55,1.6,1.12,0.74,0.87,0.95,1.34,0.59,1.06,0.96,1.04,0.74,1.68,1.82
隐隐,隱隱,yǐnyǐn,faint,A,Adjective,1.7,1.4,0.6,0.65,0.85,2.0,0.5,0.45,0.7,0.4,0.45,1.31,1.32,0.86,0.96,0.91,1.48,0.81,0.67,0.84,0.66,0.67,1.14,1.18
喜庆,喜慶,xǐqìng,festive,Na,Noun,3.6,3.15,0.5,0.55,0.95,3.45,1.25,1.6,1.7,1.4,1.15,1.32,1.56,0.81,0.74,0.97,1.28,1.22,1.39,1.52,1.43,1.15,2.05,1.74
掌声,掌聲,zhǎngshēng,applause,Na,Noun,2.55,4.3,0.15,0.15,1.5,2.55,0.5,3.35,1.2,1.1,1.1,1.36,1.0,0.48,0.48,1.75,1.63,0.81,1.71,1.21,1.18,1.14,4.5,1.64
合同,合同,hétóng,contract,Na,Noun,3.15,1.15,0.15,0.15,1.0,1.95,0.55,1.95,0.9,1.05,0.65,1.31,1.28,0.48,0.36,1.26,1.5,0.8,1.5,0.83,1.28,0.91,2.05,2.16
冬天,冬天,dōngtiān,winter,Nd,Noun,3.75,2.0,0.6,0.7,2.6,3.35,1.4,1.7,1.45,1.25,1.35,1.3,1.48,0.97,1.05,1.69,1.56,1.28,1.31,1.16,1.34,1.31,1.45,1.8
脚步,腳步,jiǎobù,pace,Na,Noun,2.35,3.45,0.1,0.1,0.4,2.0,3.15,1.5,0.7,0.85,1.7,1.68,1.36,0.3,0.3,0.58,1.22,1.53,1.36,1.0,0.91,1.49,3.68,1.96
背负,背負,bēifù,bear,VC,Verb,1.45,0.85,0.1,0.1,0.75,2.75,1.4,1.45,0.8,0.95,1.65,1.36,0.91,0.3,0.3,1.22,1.73,1.39,1.16,0.98,0.92,1.42,3.05,2.16
牵扯,牽扯,qiānchě,involve,VC,Verb,1.7,0.95,0.1,0.2,1.1,2.3,0.8,1.7,0.85,0.8,0.85,1.55,1.02,0.3,0.51,1.04,1.19,0.68,1.19,0.96,0.81,0.79,2.77,2.25
自然,自然,zìrán,nature,VH,Adjective,3.1,2.65,1.3,1.5,2.3,3.2,1.15,1.35,1.3,1.15,1.15,1.61,1.68,1.65,1.69,1.68,1.44,1.28,1.35,1.23,1.31,1.24,1.32,1.61
给予,給予,jǐyǔ,give,VD,Verb,2.1,1.6,0.3,0.2,0.95,2.2,0.8,2.3,1.65,0.95,0.75,1.64,1.53,0.71,0.51,1.2,1.44,0.81,1.49,1.28,1.02,0.89,2.68,1.49
复数,複數,fùshù,plural,Na,Noun,1.85,1.1,0.05,0.1,0.3,1.75,0.4,0.75,0.8,0.75,0.3,1.56,1.09,0.22,0.44,0.71,1.48,0.73,0.89,1.21,1.13,0.64,1.14,1.77
加冕,加冕,jiāmiǎn,crowd,VB,Verb,3.25,2.0,0.1,0.1,1.35,2.55,1.15,2.2,1.5,2.45,1.6,1.34,1.48,0.3,0.3,1.35,1.83,1.31,1.5,1.24,1.6,1.39,3.5,1.64
纤纤,纖纖,xiānxiān,slender,A,Adjective,2.75,0.85,0.05,0.05,1.5,2.15,0.65,1.05,0.5,0.55,0.6,1.3,1.19,0.22,0.22,1.53,1.49,1.06,1.12,0.81,0.8,0.86,2.27,2.07
绝望,絕望,juéwàng,despair,VH,Adjective,2.2,2.1,0.15,0.2,0.65,3.85,0.75,1.2,1.55,1.25,0.9,1.47,1.64,0.48,0.51,0.96,1.46,1.04,1.21,1.4,1.37,1.22,2.36,1.87
广州,廣州,guǎngzhōu,guangzhou,Nc,Noun,3.25,1.7,1.15,0.9,0.65,2.1,0.9,0.6,1.15,0.7,0.7,1.26,1.49,1.24,1.09,0.85,1.58,0.89,0.73,1.11,1.0,0.84,1.0,1.88
品茶,品茶,pǐnchá,tea,VA,Verb,2.75,1.2,4.15,3.0,1.85,3.0,0.6,2.4,3.45,2.1,1.15,1.67,1.21,0.96,1.22,1.74,1.64,0.66,1.69,1.66,1.37,1.19,3.64,1.8
梦想,夢想,mèngxiǎng,dream,Na,Noun,2.15,1.45,0.25,0.15,0.65,3.1,1.1,1.2,1.15,1.2,0.95,1.53,1.4,0.54,0.36,1.06,1.61,1.09,1.08,1.28,1.33,1.12,2.36,2.08
出发,出發,chūfā,set off,VA,Verb,2.15,1.3,0.1,0.2,0.55,2.55,2.55,2.05,1.25,1.25,1.45,1.53,1.27,0.3,0.4,0.74,1.63,1.88,1.5,1.34,1.48,1.32,3.09,2.0
急救,急救,jíjiù,first aid,VB,Verb,3.1,2.5,0.45,0.35,1.65,2.85,1.8,2.5,1.7,1.55,1.4,1.45,1.75,0.97,0.91,1.59,1.46,1.36,1.63,1.23,1.32,1.39,3.82,2.06
结婚,結婚,jiéhūn,marry,VA,Verb,3.5,2.9,0.8,0.5,1.4,3.25,2.05,2.4,2.25,2.2,2.05,1.5,1.55,1.08,0.92,1.66,1.58,1.8,1.88,1.55,1.75,1.69,3.95,1.8
结合,結合,jiéhé,combine,VHC,Verb,2.3,1.1,0.45,0.4,0.95,2.45,0.85,1.3,0.85,0.8,0.7,1.38,1.26,0.67,0.66,1.16,1.56,0.79,1.19,1.01,1.03,0.9,2.82,2.12
食物,食物,shíwù,food,Na,Noun,3.3,0.95,4.0,3.2,2.45,2.8,0.9,2.45,3.1,1.6,1.25,1.23,1.36,1.3,1.44,1.6,1.63,0.99,1.75,1.76,1.43,1.44,2.86,2.2
这么,這麼,zhème,so,D,Adverb,0.8,0.45,0.2,0.2,0.3,1.7,0.2,0.3,0.25,0.4,0.1,1.12,0.59,0.51,0.4,0.64,1.35,0.4,0.56,0.77,0.73,0.44,0.55,1.08
领域,領域,lǐngyù,arena,Na,Noun,2.2,0.9,0.2,0.3,0.45,1.95,0.7,0.75,0.7,0.6,0.55,1.6,0.99,0.4,0.56,0.74,1.32,1.1,0.94,1.14,0.92,0.8,1.0,1.35
粮食,糧食,liángshí,food,Na,Noun,3.25,0.95,3.15,2.15,2.4,2.9,0.75,1.85,2.65,0.85,1.05,1.51,1.36,1.77,1.56,1.53,1.73,0.99,1.53,1.71,1.06,1.43,2.77,2.33
会见,會見,huìjiàn,interview,VC,Verb,3.3,2.45,0.15,0.2,1.05,2.1,1.75,2.25,2.2,1.75,1.35,1.52,1.63,0.36,0.51,1.24,1.58,1.55,1.64,1.66,1.51,1.28,3.23,2.04
流行,流行,liúxíng,popularity,VH,Adjective,2.8,2.25,0.4,0.3,0.7,2.35,0.7,0.8,0.7,0.85,0.55,1.44,1.61,0.66,0.64,0.95,1.28,0.84,0.93,1.05,1.11,0.8,1.59,1.78
跑车,跑車,pǎochē,sports car,Na,Noun,3.55,3.15,0.15,0.6,1.9,2.65,2.25,2.5,1.15,1.6,1.55,1.28,1.56,0.36,0.92,1.7,1.71,1.58,1.63,1.19,1.39,1.24,2.23,2.15
看,看,kàn,look,VC,Verb,4.2,0.3,0.15,0.15,0.4,1.85,0.45,0.7,0.55,1.95,0.65,1.17,0.56,0.36,0.36,0.66,1.56,0.74,0.9,0.92,1.43,0.91,4.32,1.96
品格,品格,pǐngé,one's character,Na,Noun,2.0,1.15,0.1,0.15,0.3,2.9,0.55,0.9,1.2,0.75,0.5,1.61,1.24,0.3,0.36,0.56,1.55,1.07,1.09,1.63,1.04,0.74,2.23,2.17
暖,暖,nuǎn,warm,A,Adjective,2.1,0.75,0.5,0.25,2.95,3.05,0.95,1.7,1.2,0.85,0.9,1.51,1.04,0.87,0.54,1.6,1.69,1.12,1.23,1.5,1.19,0.99,2.23,1.93
残兵,殘兵,cánbīng,disabled soldier,Na,Noun,2.8,1.55,0.35,0.5,0.85,2.4,1.2,1.25,0.95,1.15,1.2,1.5,1.6,0.96,1.07,1.39,1.5,1.29,1.37,1.36,1.39,1.4,2.86,1.96
粪便,糞便,fènbiàn,stool,Na,Noun,3.3,0.65,0.9,3.45,0.9,2.8,1.0,1.25,0.8,0.85,0.8,1.42,1.24,1.79,1.43,1.37,1.6,1.18,1.3,1.57,1.31,1.17,2.59,2.23
斗殴,鬥毆,dòuōu,fight,VA,Verb,3.25,2.7,0.05,0.25,1.5,2.35,2.6,2.9,2.25,2.35,2.6,1.51,1.55,0.22,0.54,1.36,1.74,1.69,1.55,1.34,1.49,1.69,4.14,2.01
回眸,回眸,huímóu,look back,VA,Verb,3.6,0.55,0.25,0.2,0.35,2.65,0.9,0.8,0.7,3.05,1.5,1.39,1.02,0.7,0.4,0.65,1.59,1.18,1.03,0.95,1.69,1.6,4.32,1.66
情势,情勢,qíngshì,circumstances,Na,Noun,2.15,1.15,0.1,0.2,0.35,2.1,0.3,0.4,0.35,0.4,0.45,1.35,1.11,0.3,0.51,0.65,1.48,0.56,0.66,0.73,0.73,0.74,1.59,1.72
申请,申請,shēnqǐng,apply,VF,Verb,1.7,1.5,0.2,0.05,0.95,2.05,0.75,1.75,1.6,1.0,0.9,1.23,1.43,0.51,0.22,1.24,1.47,0.7,1.22,1.46,1.05,0.94,2.59,1.72
广义,廣義,guǎngyì,broad sense,Na,Noun,1.35,0.85,0.2,0.25,0.3,2.1,0.2,0.25,0.3,0.4,0.2,1.35,0.91,0.51,0.7,0.56,1.58,0.4,0.54,0.9,0.8,0.51,1.05,1.43
强,強,qiáng,strong,A,Adjective,2.85,1.85,0.6,0.75,1.45,3.1,1.3,2.0,1.35,1.25,1.3,1.46,1.65,1.28,1.3,1.56,1.51,1.45,1.64,1.56,1.55,1.38,2.27,2.11
柔,柔,róu,soft,A,Adjective,2.5,1.5,0.7,0.6,2.55,2.55,0.85,1.7,0.95,0.9,0.95,1.6,1.6,1.27,1.11,1.66,1.69,0.85,1.45,1.28,1.09,0.97,2.36,1.99
话语,話語,huàyǔ,discourse,Na,Noun,1.45,3.7,0.15,0.1,0.4,2.45,0.35,0.55,2.85,0.95,0.55,1.6,1.55,0.48,0.3,0.66,1.72,0.65,0.74,1.39,1.2,0.8,3.14,1.91
大雁,大雁,dàyàn,geese,Na,Noun,3.65,2.25,0.45,0.8,0.85,2.15,0.8,0.95,0.75,1.2,0.6,1.19,1.58,1.24,1.17,1.49,1.74,1.03,1.36,1.3,1.29,1.2,1.41,1.95
心病,心病,xīnbìng,secret trouble,Na,Noun,0.7,0.7,0.2,0.2,0.25,3.35,0.35,0.3,0.45,0.55,0.55,1.0,1.0,0.51,0.51,0.54,1.49,0.73,0.56,0.8,0.97,0.86,2.05,1.74
回来,回來,huílái,return,VA,Verb,2.65,1.9,0.4,0.4,0.65,2.7,2.55,2.05,1.35,1.25,1.5,1.46,1.64,0.8,0.73,0.96,1.76,1.72,1.47,1.56,1.41,1.43,2.91,1.81
展开,展開,zhǎnkāi,expand,VC,Verb,2.7,1.25,0.05,0.15,0.75,1.8,0.9,2.1,1.0,0.7,1.05,1.45,1.09,0.22,0.48,0.99,1.4,1.3,1.41,1.22,0.84,1.24,2.59,1.85
变化,變化,biànhuà,variety,Na,Noun,3.05,1.85,0.65,0.75,1.2,2.35,0.65,0.85,0.85,0.85,0.85,1.2,1.62,1.15,1.18,1.17,1.59,0.73,0.85,1.01,0.85,0.96,2.18,1.87
诱惑,誘惑,yòuhuò,temptation,VC,Verb,3.25,2.5,1.05,1.25,1.4,3.2,1.25,1.6,1.65,1.4,1.35,1.26,1.57,1.4,1.3,1.53,1.4,1.18,1.43,1.46,1.24,1.15,2.5,1.9
关怀,關懷,guānhuái,care,VJ,Verb,2.15,2.15,0.25,0.3,1.05,2.65,0.7,1.2,1.65,0.95,0.8,1.39,1.49,0.54,0.64,1.07,1.49,0.71,1.47,1.49,1.02,0.81,3.09,1.73
见解,見解,jiànjiě,opinion,Na,Noun,1.9,2.2,0.0,0.0,0.35,2.35,0.6,0.75,1.9,1.15,0.65,1.45,1.63,0.0,0.0,0.73,1.68,0.73,0.89,1.73,1.35,0.79,2.41,1.83
毒贩,毒販,dúfàn,drug dealer,Na,Noun,3.05,2.35,0.4,0.7,0.95,3.3,1.5,1.85,1.65,1.55,1.65,1.63,1.65,0.73,1.0,1.07,1.71,1.6,1.62,1.39,1.5,1.53,2.23,2.37
宴会,宴會,yànhuì,banquet,Na,Noun,3.8,2.8,2.6,1.95,1.95,3.05,1.75,2.25,2.5,1.9,1.7,1.12,1.63,1.56,1.66,1.72,1.69,1.34,1.55,1.72,1.41,1.52,2.41,2.19
点心,點心,diǎnxīn,dessert,Na,Noun,3.5,0.65,3.95,2.95,2.05,2.6,0.55,2.05,3.1,1.3,0.85,1.43,1.11,1.32,1.6,1.86,1.66,0.92,1.69,1.73,1.35,1.39,2.32,2.3
烹饪,烹飪,pēngrèn,cooking,VC,Verb,3.0,2.15,3.05,2.9,2.05,2.4,1.2,2.75,1.95,1.8,1.8,1.38,1.8,1.47,1.51,1.63,1.77,1.21,1.73,1.56,1.47,1.6,3.82,1.72
算计,算計,suànjì,calculate,VC,Verb,1.95,1.85,0.05,0.1,0.4,3.0,0.7,1.25,1.4,1.1,0.85,1.53,1.62,0.22,0.3,0.8,1.61,0.78,1.3,1.36,1.14,0.91,2.32,1.63
卫星,衛星,wèixīng,satellite,Na,Noun,2.85,1.25,0.05,0.05,0.3,2.0,0.55,0.65,0.5,0.75,0.5,1.39,1.34,0.22,0.22,0.71,1.52,0.8,1.01,1.12,1.22,0.81,1.23,1.93
独立,獨立,dúlì,independent,VH,Adjective,2.05,1.65,0.25,0.25,0.8,2.75,1.2,1.15,0.95,1.15,1.15,1.6,1.46,0.7,0.7,1.17,1.64,1.21,1.19,0.97,1.11,1.24,2.05,1.92
纠缠,糾纏,jiūchán,entanglement,VC,Verb,2.6,1.8,0.15,0.25,1.25,2.65,1.4,2.1,1.5,1.15,1.4,1.46,1.66,0.48,0.54,1.37,1.35,1.39,1.37,1.5,1.11,1.36,3.0,1.71
草率,草率,cǎoshuài,hasty,VH,Adjective,2.15,1.5,0.25,0.0,0.3,2.95,0.65,0.8,0.8,0.65,0.55,1.59,1.5,0.89,0.0,0.9,1.56,0.79,0.93,0.98,0.85,0.74,1.77,1.83
降低,降低,jiàngdī,reduce,VHC,Verb,2.7,1.9,0.4,0.4,0.55,2.2,0.75,1.3,0.8,0.85,0.85,1.42,1.67,0.66,0.66,0.86,1.81,1.13,1.14,0.98,0.85,1.11,1.14,1.36
扮演,扮演,bànyǎn,play,VC,Verb,3.3,2.05,0.05,0.15,0.9,2.25,1.65,2.35,1.65,1.75,1.95,1.19,1.6,0.22,0.36,0.99,1.58,1.31,1.46,1.77,1.51,1.28,3.95,1.89
身体,身體,shēntǐ,body,Na,Noun,3.0,0.95,0.55,0.85,2.4,2.25,1.3,1.6,1.15,1.45,1.9,1.38,1.43,1.24,1.28,1.53,1.76,1.52,1.56,1.28,1.5,1.81,4.91,1.73
画面,畫面,huàmiàn,picture,Na,Noun,3.65,1.35,0.05,0.35,0.9,2.8,0.95,0.9,0.8,1.3,1.05,1.15,1.46,0.22,0.73,1.18,1.66,1.12,1.14,0.98,1.31,1.24,2.23,2.17
影子,影子,yǐngzi,shadow,Na,Noun,3.85,0.25,0.0,0.05,0.35,1.7,1.35,1.3,0.6,1.25,1.8,1.15,0.62,0.0,0.22,0.57,1.58,1.39,1.19,0.8,1.26,1.81,2.86,1.71
日记,日記,rìjì,diary,Na,Noun,3.05,0.85,0.05,0.2,1.4,2.3,0.4,2.35,0.8,1.0,0.8,1.24,1.31,0.22,0.51,1.43,1.58,0.58,1.65,0.98,1.22,0.93,1.73,2.0
逃兵,逃兵,táobīng,deserter,Na,Noun,2.95,1.9,0.05,0.2,0.65,2.85,2.4,2.0,1.3,1.9,1.9,1.63,2.07,0.22,0.51,1.01,1.62,1.74,1.52,1.27,1.51,1.64,2.91,2.15
灵魂,靈魂,línghún,soul,Na,Noun,1.35,1.3,0.0,0.0,0.3,3.25,0.4,0.5,0.3,0.55,0.8,1.53,1.71,0.0,0.0,0.78,1.76,0.73,0.87,0.64,1.2,1.36,2.45,2.08
相比,相比,xiāngbǐ,compared to,VB,Verb,2.3,1.6,0.6,0.45,0.55,2.4,0.5,1.2,0.85,0.85,0.65,1.49,1.77,0.92,0.74,0.74,1.53,0.81,1.29,1.15,1.15,0.91,1.09,1.47
祠堂,祠堂,cítáng,ancestral hall,Nc,Noun,3.35,1.35,0.25,1.05,1.25,2.55,1.35,1.5,1.05,1.25,1.25,1.28,1.46,0.62,1.36,1.26,1.66,1.28,1.16,1.12,1.13,1.26,1.64,2.03
面临,面臨,miànlín,face,VK,Verb,2.55,1.0,0.15,0.15,0.2,2.45,0.55,0.65,0.7,0.8,0.7,1.4,1.22,0.36,0.36,0.4,1.32,0.59,0.85,0.84,1.03,0.78,1.91,1.83
睡觉,睡覺,shuìjiào,sleep,VA,Verb,2.3,1.85,0.25,0.5,1.35,3.1,1.15,1.25,1.0,1.35,1.45,1.71,1.68,0.7,0.87,1.24,1.58,1.15,1.13,1.26,1.35,1.36,4.27,1.63
牡丹,牡丹,mǔdān,peony,Na,Noun,3.8,0.55,0.8,2.95,2.1,2.65,0.45,1.5,0.65,1.0,0.55,1.29,1.07,1.36,1.36,1.51,1.65,0.67,1.43,1.24,1.14,0.97,1.36,2.19
银行,銀行,yínháng,banking_company,Nc,Noun,2.95,1.1,0.05,0.5,1.05,2.15,1.25,1.4,1.0,0.9,0.85,1.47,1.26,0.22,0.92,1.12,1.46,1.22,1.53,1.18,1.09,1.01,1.64,2.16
认同,認同,rèntóng,recognize,VJ,Verb,1.65,1.55,0.05,0.1,0.2,2.75,0.55,1.4,1.4,1.3,0.5,1.39,1.63,0.22,0.44,0.4,1.87,0.74,1.36,1.53,1.42,0.81,1.77,1.68
仅有,僅有,jǐnyǒu,only,VJ,Verb,1.75,0.85,0.25,0.25,0.45,2.5,0.35,0.35,0.35,0.35,0.25,1.41,1.01,0.54,0.54,0.8,1.57,0.57,0.57,0.57,0.48,0.43,1.09,1.59
按钮,按鈕,ànniǔ,button,Na,Noun,2.7,1.35,0.05,0.05,3.0,1.65,0.4,2.85,0.3,0.55,0.75,1.49,1.53,0.22,0.22,1.3,1.35,0.8,1.59,0.64,1.02,1.26,2.64,2.1
粮草,糧草,liángcǎo,forage,Na,Noun,2.9,0.7,1.6,1.45,1.7,1.8,0.95,1.7,1.05,0.7,1.15,1.48,1.05,1.32,1.16,1.05,1.12,1.32,1.31,1.12,1.0,1.31,2.23,2.25
潇潇,瀟瀟,xiāoxiāo,whistling,A,Adjective,2.05,2.1,0.1,0.2,0.3,2.2,0.4,0.45,0.3,0.5,0.4,1.5,1.37,0.3,0.4,0.56,1.54,0.73,0.67,0.56,0.67,0.66,0.73,1.29
荒岛,荒島,huāngdǎo,deserted island,Na,Noun,3.05,1.5,0.25,0.2,0.7,2.65,1.2,1.0,0.8,0.9,0.9,1.4,1.28,0.7,0.4,0.9,1.53,1.36,1.34,1.25,1.18,1.22,1.27,2.05
上学,上學,shàngxué,go to school,VA,Verb,2.6,2.4,0.2,0.25,0.85,2.7,2.3,2.05,1.65,1.8,1.75,1.74,1.8,0.51,0.54,1.11,1.82,1.58,1.66,1.74,1.72,1.58,3.36,1.77
当前,當前,dāngqián,nowness,Nd,Noun,1.6,0.9,0.15,0.15,0.35,1.8,0.45,0.45,0.35,0.5,0.3,1.2,1.09,0.36,0.36,0.79,1.36,1.12,1.12,1.11,1.12,0.56,1.09,1.56
钝,鈍,dùn,blunt,A,Adjective,2.05,1.1,0.05,0.1,2.2,1.85,0.4,0.95,0.5,0.55,0.35,1.43,1.41,0.22,0.3,1.57,1.39,0.66,1.12,0.81,1.02,0.65,1.09,1.47
包裹,包裹,bāoguǒ,pack,Na,Noun,2.75,0.65,0.1,0.15,1.55,1.5,0.9,2.05,0.35,0.6,0.85,1.48,1.01,0.3,0.36,1.24,1.12,0.99,1.63,0.57,0.86,1.06,1.77,2.25
规模,規模,guīmó,scale,Na,Noun,2.5,0.9,0.05,0.05,0.4,1.65,0.4,0.6,0.5,0.45,0.25,1.5,1.26,0.22,0.22,0.97,1.53,0.86,0.92,0.81,0.74,0.7,0.95,1.55
同学,同學,tóngxué,schoolmate,Na,Noun,2.75,2.15,0.15,0.3,1.2,2.35,1.05,1.3,1.2,1.1,1.05,1.61,1.65,0.48,0.64,1.17,1.39,1.2,1.45,1.36,1.22,1.4,2.5,2.29
极权,極權,jíquán,totalitarian,Na,Noun,1.6,1.2,0.05,0.1,0.15,2.4,0.4,0.5,0.55,0.45,0.6,1.43,1.5,0.22,0.3,0.36,1.62,0.58,0.81,0.86,0.67,0.8,1.36,1.72
色彩,色彩,sècǎi,color,Na,Noun,4.25,0.6,0.35,0.65,0.7,2.75,0.35,0.85,0.3,0.85,0.45,1.09,1.24,1.11,1.15,1.0,1.64,0.73,1.46,0.56,1.46,1.12,1.59,1.99
媚态,媚態,mèitài,charming state,Na,Noun,3.5,2.25,0.1,0.55,1.0,2.95,1.5,1.85,1.55,1.65,1.5,1.47,1.7,0.44,1.24,1.18,1.5,1.57,1.68,1.43,1.56,1.4,2.91,1.81
疯子,瘋子,fēngzi,madman,Na,Noun,3.15,2.55,0.1,0.15,0.4,2.9,1.55,1.65,1.55,1.7,1.55,1.28,1.6,0.3,0.36,0.73,1.41,1.6,1.59,1.47,1.52,1.63,2.95,1.89
余力,餘力,yúlì,spare power,Na,Noun,1.2,0.5,0.1,0.05,0.35,2.55,0.85,1.05,0.55,0.8,0.95,1.08,0.74,0.44,0.22,0.73,1.53,1.24,1.24,1.12,1.17,1.2,1.77,1.56
呼唤,呼喚,hūhuàn,call,VC,Verb,1.8,3.55,0.1,0.15,0.45,2.15,0.5,1.4,3.2,1.6,1.1,1.54,1.2,0.44,0.65,0.97,1.56,0.74,1.46,1.63,1.5,1.09,4.0,1.68
哑铃,啞鈴,yǎlíng,dumbbel,Na,Noun,2.85,0.95,0.15,0.15,2.15,1.85,1.55,3.05,1.05,1.35,2.15,1.53,1.12,0.65,0.48,1.46,1.53,1.32,1.77,1.2,1.11,1.46,3.27,2.2
平滑,平滑,pínghuá,smooth,A,Adjective,2.65,1.05,0.15,0.15,3.3,2.25,0.65,1.85,0.45,0.5,0.5,1.35,1.32,0.36,0.48,1.38,1.67,1.01,1.53,0.59,0.74,0.74,1.59,1.75
成,成,chéng,become,VG,Verb,1.35,0.95,0.2,0.15,0.35,2.1,0.3,0.35,0.5,0.35,0.4,1.24,1.02,0.68,0.48,0.65,1.45,0.56,0.57,0.67,0.48,0.73,1.14,1.55
修女,修女,xiūnǚ,nun,Na,Noun,3.15,1.9,0.15,0.2,0.6,1.85,0.6,0.75,0.65,0.6,0.55,1.46,1.55,0.48,0.6,1.02,1.42,0.8,1.13,0.79,0.66,0.67,2.55,2.13
劣势,劣勢,lièshì,disadvantage,Na,Noun,1.75,1.45,0.1,0.15,0.85,2.9,0.95,0.9,0.7,0.85,0.7,1.58,1.36,0.3,0.48,1.28,1.41,1.28,1.3,1.14,1.19,1.1,1.7,1.85
嫩绿,嫩綠,nènlǜ,tender green,VH,Adjective,3.95,0.65,0.5,0.55,1.25,2.35,0.4,0.65,0.55,0.5,0.3,1.07,1.11,0.81,0.67,1.37,1.62,0.92,1.11,1.07,1.2,0.71,0.74,1.11
傻瓜,傻瓜,shǎguā,fool,Na,Noun,2.8,1.95,0.2,0.2,0.6,2.5,0.8,0.9,1.3,0.95,0.75,1.69,1.77,0.68,0.51,0.8,1.53,1.25,1.26,1.38,1.28,1.22,2.39,2.02
讲座,講座,jiǎngzuò,lecture,Na,Noun,2.8,3.6,0.25,0.2,0.6,1.95,0.7,1.3,1.45,1.35,0.95,1.75,1.39,0.77,0.68,0.8,1.6,0.56,1.05,1.43,1.01,0.97,2.74,1.92
现实,現實,xiànshí,reality,Na,Noun,2.35,1.65,0.25,0.35,0.95,2.7,0.8,0.85,0.65,0.8,0.6,1.68,1.56,0.77,0.79,1.16,1.55,1.03,1.01,0.96,1.12,1.02,1.0,1.64
风铃,風鈴,fēnglíng,wind chime,Na,Noun,3.25,3.85,0.2,0.2,1.2,2.35,0.45,0.9,0.35,0.6,0.6,1.34,1.35,0.87,0.87,1.17,1.49,0.74,1.14,0.65,1.2,1.07,1.57,2.02
庄严,莊嚴,zhuāngyán,solemn,VH,Adjective,3.25,2.25,0.2,0.1,0.4,3.25,1.0,1.05,0.7,1.1,1.1,0.94,1.44,0.68,0.44,0.8,1.55,1.22,1.16,0.95,1.14,1.37,1.43,1.5
共识,共識,gòngshí,wavelength,Na,Noun,1.45,1.6,0.2,0.2,0.15,2.8,0.3,1.1,1.0,0.7,0.4,1.43,1.53,0.68,0.87,0.48,1.54,0.64,1.37,1.52,1.1,0.58,1.61,1.69
惭愧,慚愧,cánkuì,ashamed,VH,Adjective,1.85,1.5,0.05,0.05,0.4,3.45,0.4,0.7,1.15,1.1,0.55,1.42,1.5,0.22,0.22,0.73,1.28,0.58,0.9,1.35,1.22,0.8,2.61,1.97
福利,福利,fúlì,welfare,Na,Noun,2.5,1.65,0.25,0.2,0.8,2.75,0.5,0.8,0.8,0.4,0.4,1.47,1.56,0.62,0.68,1.21,1.44,0.87,1.08,1.12,0.8,0.73,1.48,1.69
自有,自有,zìyǒu,own,VJ,Verb,1.4,0.75,0.1,0.25,0.4,1.5,0.2,0.7,0.35,0.15,0.1,1.32,0.94,0.3,0.54,0.73,1.4,0.68,1.23,0.48,0.36,0.3,1.78,1.96
应该,應該,yīnggāi,should,D,Adverb,1.1,1.0,0.35,0.35,0.45,2.25,0.5,0.8,0.8,0.5,0.3,1.26,1.18,0.85,0.85,0.8,1.41,0.87,0.98,1.08,0.81,0.56,0.7,1.16
良好,良好,liánghǎo,good,VH,Adjective,1.7,1.45,0.75,0.8,0.9,2.85,0.8,0.9,0.65,0.65,0.55,1.38,1.43,1.41,1.44,1.45,1.39,1.25,1.26,1.19,1.24,1.12,1.17,1.55
顾问,顧問,gùwèn,consultant,Na,Noun,2.25,1.95,0.15,0.2,0.55,1.7,1.05,1.15,1.85,1.15,0.9,1.61,1.63,0.65,0.6,0.8,1.19,1.2,1.39,1.65,1.42,0.94,1.78,1.74
念头,念頭,niàntou,idea,Na,Noun,0.95,1.1,0.2,0.15,0.15,2.85,0.25,0.35,0.5,0.9,0.4,1.24,1.34,0.68,0.65,0.65,1.46,0.43,0.65,0.81,1.3,0.8,2.52,2.12
嶙嶙,嶙嶙,línlín,jagged (of peaks),A,Adjective,3.1,0.85,0.15,0.15,0.8,2.45,0.75,0.65,0.35,0.65,0.65,1.48,1.39,0.48,0.48,1.25,1.8,1.22,0.96,0.57,0.91,1.11,0.61,1.21
付,付,fù,pay,VD,Verb,1.5,1.05,0.05,0.05,0.85,1.7,0.2,1.8,0.6,0.45,0.6,1.36,1.32,0.22,0.22,1.01,1.62,0.4,1.81,0.86,0.67,0.8,1.13,1.45
郁闷,鬱悶,yùmèn,depressed,VH,Adjective,1.95,1.85,0.35,0.45,0.45,3.65,0.65,1.15,1.4,1.35,0.9,1.47,1.56,0.73,0.97,0.8,1.46,0.79,1.11,1.46,1.24,1.22,2.7,1.78
仕途,仕途,shìtú,career,Na,Noun,1.2,1.3,0.2,0.05,0.25,3.15,0.8,1.05,0.9,0.9,0.55,1.33,1.55,0.68,0.22,0.54,1.42,1.08,1.28,1.45,1.22,0.86,1.22,1.64
分别,分別,fēnbié,apart,D,Adverb,2.3,1.9,0.25,0.2,0.9,2.9,1.35,1.45,1.7,1.4,1.3,1.62,1.61,0.43,0.4,1.14,1.7,1.46,1.63,1.49,1.62,1.49,1.52,1.64
泱泱,泱泱,yāngyāng,vast/ magnificent,A,Adjective,2.55,1.75,0.3,0.2,0.4,2.05,0.6,0.5,0.35,0.7,0.4,1.4,1.64,0.71,0.51,0.73,1.56,1.11,0.74,0.57,1.1,0.92,0.65,1.31
拐杖,柺杖,guǎizhàng,crutch,Na,Noun,2.85,1.3,0.1,0.15,2.05,1.9,2.2,2.7,0.4,0.65,1.95,1.56,1.45,0.3,0.36,1.53,1.76,1.94,1.58,0.58,1.01,1.63,2.96,2.12
车祸,車禍,chēhuò,car accident,Na,Noun,3.45,2.75,0.3,0.75,1.75,3.45,1.9,1.9,1.6,1.75,1.85,1.36,1.44,0.64,1.18,1.61,1.53,1.48,1.51,1.59,1.58,1.56,3.09,1.95
财政,財政,cáizhèng,finance,Na,Noun,1.7,0.85,0.1,0.15,0.45,1.9,0.4,0.75,0.45,0.3,0.2,1.65,1.15,0.44,0.65,1.02,1.51,0.92,1.18,0.86,0.56,0.51,1.04,1.33
企鹅,企鵝,qǐé,penguin,Na,Noun,3.7,2.3,0.3,0.55,1.5,2.2,1.45,2.15,1.05,1.5,1.3,1.14,1.31,0.64,0.86,1.57,1.5,1.69,1.77,1.43,1.72,1.73,1.26,1.92
安详,安詳,ānxiáng,serene,VH,Adjective,3.2,1.9,0.2,0.25,0.7,3.15,0.7,0.9,0.8,1.35,0.85,1.33,1.55,0.51,0.43,0.9,1.46,1.14,1.3,1.36,1.46,1.24,2.61,1.86
白鸽,白鴿,báigē,white pigeon,Na,Noun,3.65,2.6,0.95,1.4,1.6,2.5,0.85,1.65,0.85,1.1,1.05,1.15,1.43,1.36,1.32,1.39,1.69,0.91,1.56,1.28,1.45,1.53,0.74,1.48
投资者,投資者,tóuzīzhě,investor,Na,Noun,2.35,1.25,0.05,0.05,0.6,1.8,0.6,1.05,1.05,0.85,0.6,1.71,1.51,0.22,0.22,1.11,1.5,0.66,1.12,1.24,0.85,0.73,2.09,1.69
贸易,貿易,màoyì,trading,Na,Noun,2.2,1.25,0.05,0.05,0.35,1.8,0.7,1.2,1.25,0.9,0.65,1.44,1.44,0.22,0.22,0.73,1.44,0.78,1.44,1.51,1.14,0.79,1.35,1.49
身份,身份,shēnfèn,identity,Na,Noun,1.8,1.25,0.15,0.2,0.25,2.6,0.45,0.75,0.85,0.6,0.4,1.6,1.58,0.48,0.4,0.62,1.56,0.8,0.94,1.11,0.86,0.73,2.22,2.13
品味,品味,pǐnwèi,taste,Na,Noun,2.0,1.65,1.95,1.4,1.4,2.6,0.55,1.15,1.55,1.1,0.95,1.61,1.65,1.72,1.56,1.53,1.36,0.74,1.24,1.53,1.34,1.2,2.04,2.05
哀伤,哀傷,āishāng,sad,VH,Adjective,2.45,1.95,0.35,0.4,0.75,3.55,0.65,1.15,1.55,1.5,1.1,1.53,1.77,0.91,0.97,1.09,1.47,1.01,1.42,1.43,1.5,1.26,2.48,1.91
话,話,huà,words,Na,Noun,1.35,3.25,0.3,0.05,0.1,2.15,0.2,0.45,2.55,1.0,0.6,1.39,1.7,0.9,0.22,0.3,1.56,0.4,0.59,1.8,1.22,0.97,3.13,2.13
国际,國際,guójì,internationalism,Nc,Noun,2.2,1.45,0.25,0.15,0.35,2.2,0.35,0.4,0.4,0.5,0.3,1.63,1.47,0.62,0.48,0.65,1.63,0.48,0.58,0.49,0.74,0.56,0.87,1.48
选,選,xuǎn,select,VC,Verb,2.4,1.45,0.2,0.2,0.8,1.9,0.55,2.0,1.35,0.8,0.65,1.69,1.43,0.4,0.4,1.25,1.51,0.8,1.67,1.71,1.33,1.19,1.96,2.12
道义,道義,dàoyì,morality,Na,Noun,1.3,1.0,0.1,0.1,0.15,3.05,0.55,0.75,0.5,0.55,0.5,1.27,1.1,0.3,0.44,0.36,1.53,0.92,1.18,0.67,1.16,0.97,1.78,2.04
听,聽,tīng,listen,VE,Verb,0.7,4.1,0.1,0.05,0.2,2.15,0.2,0.85,0.65,1.65,0.7,1.0,1.26,0.3,0.22,0.4,1.56,0.4,1.28,0.79,1.59,1.14,3.96,2.26
世袭,世襲,shìxí,hereditary,VB,Verb,1.25,1.05,0.15,0.2,0.2,1.9,0.4,0.55,0.55,0.85,0.25,1.34,1.32,0.48,0.6,0.68,1.34,0.66,0.86,0.97,1.39,0.43,1.52,1.95
涨,漲,zhǎng,puff_up,VH,Verb,2.55,1.15,0.25,0.35,0.6,2.6,0.7,0.85,0.8,0.7,0.65,1.53,1.68,0.62,0.65,0.97,1.71,1.0,0.96,1.12,1.19,0.91,1.35,1.52
绿茶,綠茶,lǜchá,green tea,Na,Noun,3.25,1.15,3.5,2.45,1.5,2.45,0.2,1.2,2.5,0.7,0.45,1.61,1.31,1.53,1.56,1.6,1.77,0.4,1.47,1.72,1.14,0.86,1.22,2.02
分类,分類,fēnlèi,classification,VB,Verb,2.15,0.9,0.35,0.3,1.0,1.8,0.6,2.45,0.95,1.15,0.85,1.77,1.34,0.79,0.71,1.05,1.54,0.66,1.28,0.92,1.42,1.06,1.57,1.79
采用,採用,cǎiyòng,use,VC,Verb,1.85,1.05,0.25,0.3,0.85,1.95,0.6,1.5,1.05,0.85,0.6,1.42,1.12,0.54,0.64,0.96,1.36,0.8,1.28,1.4,1.24,0.8,1.78,1.77
表明,表明,biǎomíng,give,VE,Verb,1.65,1.75,0.1,0.1,0.35,1.85,0.3,0.8,1.65,0.7,0.65,1.59,1.67,0.3,0.3,0.65,1.56,0.71,1.12,1.77,1.1,0.96,2.13,1.65
信任,信任,xìnrèn,trust,VJ,Verb,1.65,1.2,0.05,0.2,0.55,3.45,0.3,1.1,1.2,1.25,0.6,1.65,1.4,0.22,0.51,0.8,1.66,0.64,1.26,1.33,1.44,0.92,2.65,2.03
彻底,徹底,chèdǐ,thorough,VH,Adjective,1.25,0.8,0.35,0.35,0.55,2.35,0.55,0.7,0.6,0.75,0.55,1.48,1.47,1.11,1.11,1.24,1.53,1.12,1.19,1.32,1.3,1.2,0.96,1.37
脏物,髒物,zàngwù,dirty,Noun,Noun,3.35,0.9,0.5,0.9,1.1,2.55,0.85,1.4,0.8,1.0,0.85,1.24,1.34,1.12,1.09,1.26,1.43,1.28,1.53,0.98,1.38,1.31,0.83,1.31
细胞,細胞,xìbāo,cell,Na,Noun,2.8,0.4,0.1,0.1,0.6,2.2,0.25,0.8,0.45,0.75,0.55,1.5,0.8,0.3,0.3,1.07,1.17,0.54,1.08,0.8,1.3,1.02,2.52,2.14
妻子,妻子,qīzǐ,wife,Na,Noun,3.1,2.4,0.5,1.25,1.95,2.85,1.05,1.35,1.5,1.4,1.45,1.48,1.69,1.24,1.37,1.4,1.46,1.28,1.35,1.36,1.59,1.4,3.39,1.97
主题,主題,zhǔtí,theme,Na,Noun,2.1,1.7,0.35,0.4,0.55,1.95,0.6,0.85,1.3,0.85,0.6,1.26,1.62,0.73,0.8,0.97,1.4,0.8,0.79,1.23,1.01,0.86,0.91,1.41
女神,女神,nǚshén,goddess,Na,Noun,3.4,1.8,0.2,0.75,1.2,3.15,1.05,1.5,1.55,1.55,1.35,1.28,1.78,0.51,1.13,1.17,1.49,1.47,1.53,1.28,1.43,1.39,2.78,2.0
战略,戰略,zhànlüè,strategy,Na,Noun,2.0,1.25,0.05,0.15,0.25,2.0,0.75,1.45,1.45,1.05,0.85,1.73,1.58,0.22,0.36,0.62,1.61,0.7,1.24,1.66,1.2,0.91,1.26,1.65
皈依,皈依,guīyī,convert,VJ,Verb,2.15,1.75,0.25,0.3,0.45,2.25,0.95,1.15,1.0,1.0,1.1,1.62,1.76,0.43,0.46,0.74,1.7,1.36,1.39,1.3,1.3,1.3,1.61,1.81
对,對,duì,right,VH,Adjective,1.55,1.45,0.35,0.45,0.6,2.35,0.5,1.3,1.3,0.9,0.6,1.36,1.5,1.11,1.12,1.28,1.62,1.16,1.27,1.31,1.26,1.2,1.09,1.91
平凡,平凡,píngfán,ordinary,VH,Adjective,1.95,1.35,0.65,0.6,0.8,2.7,0.5,0.5,0.6,0.6,0.6,1.6,1.53,1.35,1.36,1.4,1.62,1.12,1.2,1.28,1.24,1.2,1.83,1.86
辉煌,輝煌,huīhuáng,brilliant,VH,Adjective,3.0,1.95,0.3,0.4,0.75,2.95,0.8,0.95,0.95,0.85,0.75,1.41,1.66,0.56,0.92,1.26,1.6,1.25,1.56,1.32,1.31,1.3,1.39,1.55
事情,事情,shìqíng,thing,Na,Noun,2.05,1.75,0.1,0.05,0.25,2.15,0.6,0.75,0.9,0.85,0.75,1.63,1.64,0.3,0.22,0.54,1.56,0.8,0.77,1.04,1.15,1.04,0.78,1.25
避免,避免,bìmiǎn,avoid,VE,Verb,1.8,1.15,0.1,0.1,0.55,2.35,0.9,1.45,1.2,1.2,0.95,1.4,1.01,0.3,0.3,0.86,1.46,1.22,1.28,1.47,1.33,1.24,1.52,1.66
仙境,仙境,xiānjìng,wonderland,Nc,Noun,3.45,2.5,0.8,1.1,1.2,3.05,1.25,1.45,1.05,1.15,1.2,1.43,1.5,1.25,1.45,1.44,1.63,1.41,1.32,1.2,1.28,1.17,0.87,1.33
春雨,春雨,chūnyǔ,spring rain,Na,Noun,3.45,2.55,0.75,2.0,2.4,3.05,0.95,1.45,0.9,1.05,1.05,1.4,1.47,1.41,1.48,1.39,1.56,1.12,1.24,1.09,1.28,1.28,1.22,1.69
奖牌,獎牌,jiǎngpái,medal,Na,Noun,3.25,0.8,0.05,0.1,2.4,2.5,0.6,1.75,1.05,1.75,0.95,1.18,1.21,0.22,0.3,1.46,1.8,0.92,1.55,1.16,1.61,1.02,1.87,2.01
白,白,bái,white,A,Adjective,3.8,0.45,0.15,0.15,0.45,2.1,0.1,0.15,0.3,0.55,0.2,1.21,0.97,0.36,0.36,0.86,1.58,0.3,0.48,0.78,1.2,0.6,1.61,1.99
老人,老人,lǎorén,greybeard,Na,Noun,3.5,2.15,0.25,0.95,1.65,2.35,1.05,1.25,1.1,1.1,1.05,1.2,1.65,0.43,1.12,1.24,1.62,1.16,1.37,1.26,1.3,1.32,3.09,2.36
批准,批准,pīzhǔn,visa,VE,Verb,2.0,1.95,0.05,0.05,0.4,2.0,0.4,1.75,1.55,1.15,0.75,1.67,1.77,0.22,0.22,0.73,1.45,0.58,1.55,1.43,1.31,1.09,1.7,1.85
肥田,肥田,féitián,fertilizer,Na,Noun,3.2,0.7,0.15,0.65,0.75,1.75,0.8,1.05,0.4,0.5,0.55,1.4,1.19,0.36,0.85,0.99,1.48,0.81,1.02,0.8,0.81,0.74,1.35,1.9
淑女,淑女,shūnǚ,lady,Na,Noun,3.7,2.45,0.15,0.7,0.8,2.45,0.85,1.25,0.95,1.05,1.05,1.14,1.32,0.36,1.14,1.08,1.47,0.85,1.09,1.02,1.12,1.02,3.48,2.1
平静,平靜,píngjìng,calm,VH,Adjective,2.65,1.7,0.2,0.2,0.8,2.75,0.5,0.55,0.45,0.6,0.55,1.49,1.73,0.4,0.4,1.17,1.7,0.92,0.97,0.92,1.02,0.92,1.74,1.85
威胁,威脅,wēixié,threaten,Na,Noun,2.25,2.4,0.1,0.1,0.4,3.0,0.95,1.75,1.7,1.25,1.2,1.67,1.59,0.3,0.3,0.58,1.7,1.24,1.67,1.65,1.55,1.44,2.43,1.88
余兴,餘興,yúxìng,lingering interest,Na,Noun,1.1,1.1,0.15,0.2,0.2,2.0,0.45,0.55,1.0,0.55,0.4,1.3,1.45,0.36,0.51,0.6,1.58,0.59,0.8,1.38,0.92,0.8,1.35,1.71
破坏,破壞,pòhuài,destroy,VC,Verb,3.0,2.05,0.2,0.25,0.95,2.45,1.65,2.5,1.15,0.85,1.15,1.3,1.66,0.4,0.54,1.2,1.63,1.46,1.63,1.19,1.19,1.46,2.39,2.1
痤疮,痤瘡,cuóchuāng,acne,Na,Noun,3.3,0.55,0.25,0.65,2.45,2.9,0.7,1.6,0.95,1.0,1.0,1.35,1.16,0.7,1.24,1.72,1.7,1.0,1.53,1.36,1.26,1.3,3.22,2.13
果冻,果凍,guǒdòng,jelly,Na,Noun,3.35,0.6,3.5,1.7,2.1,2.1,0.3,1.25,2.25,0.85,0.55,1.28,1.11,1.66,1.52,1.92,1.58,0.64,1.37,1.79,1.06,0.74,1.09,1.82
资源,資源,zīyuán,resource,Na,Noun,2.5,1.3,0.2,0.3,0.85,2.2,0.55,0.95,0.65,0.6,0.5,1.24,1.45,0.51,0.64,1.11,1.57,0.74,0.97,1.01,0.92,0.74,1.17,1.55
家,家,jiā,family_unit,Nc,Noun,3.35,2.8,2.0,2.2,1.95,3.65,1.35,1.5,1.55,1.4,1.3,1.49,1.47,1.55,1.36,1.5,1.59,1.49,1.43,1.5,1.39,1.38,2.48,2.1
敏感,敏感,mǐngǎn,sensitive,VH,Adjective,1.6,1.75,0.75,0.95,1.9,2.9,0.8,0.9,0.9,0.9,0.8,1.53,1.48,1.18,1.28,1.37,1.55,1.33,1.3,1.37,1.41,1.33,2.3,1.94
体制,體制,tǐzhì,framework,Na,Noun,1.1,0.9,0.05,0.1,0.15,2.25,0.3,0.3,0.35,0.5,0.5,1.41,1.22,0.22,0.3,0.48,1.37,0.46,0.64,0.73,0.81,0.74,0.74,1.26
满意,滿意,mǎnyì,satisfy,VK,Verb,1.9,1.5,0.75,0.65,0.7,3.3,0.55,1.65,1.75,1.5,0.85,1.48,1.47,1.22,1.11,1.14,1.49,1.07,1.46,1.67,1.6,1.28,1.7,1.73
困难,困難,kùnnán,difficulty,VH,Adjective,1.5,0.9,0.1,0.05,0.5,3.35,0.95,1.1,0.85,0.85,0.8,1.6,1.18,0.3,0.22,0.67,1.39,1.2,1.22,1.06,1.06,0.93,1.39,1.81
幻觉,幻覺,huànjué,hallucination,Na,Noun,3.0,1.45,0.4,0.4,0.6,2.85,0.85,1.1,0.9,1.2,0.9,1.3,1.24,0.66,0.58,0.73,1.62,1.19,1.3,0.99,1.54,1.3,2.87,1.94
汇报,匯報,huìbào,report,VA,Verb,2.55,3.0,0.05,0.05,0.45,1.8,1.0,1.6,2.4,1.4,1.3,1.53,1.41,0.22,0.22,0.8,1.4,1.18,1.46,1.62,1.28,1.27,2.35,1.86
节奏,節奏,jiézòu,rhythm,Na,Noun,1.95,2.9,0.05,0.1,0.85,2.5,1.65,1.85,1.55,1.45,1.2,1.28,1.64,0.22,0.3,1.11,1.66,1.15,1.24,1.36,1.16,1.08,1.39,1.5
宾馆,賓館,bīnguǎn,hotel,Nc,Noun,2.85,1.5,0.25,0.8,1.2,2.05,1.05,1.2,1.05,1.1,1.25,1.46,1.24,0.54,1.03,1.17,1.32,0.86,0.93,1.12,0.99,0.99,1.43,1.77
肌肉,肌肉,jīròu,muscle,Na,Noun,2.9,0.35,0.3,0.25,2.2,2.3,1.7,1.85,0.75,1.3,1.5,1.73,0.91,0.71,0.54,1.6,1.76,1.52,1.46,0.94,1.35,1.36,4.17,1.81
享受,享受,xiǎngshòu,enjoy,VJ,Verb,2.7,1.85,1.4,1.4,1.7,2.95,1.55,1.55,1.55,1.55,1.45,1.65,1.71,1.66,1.66,1.55,1.53,1.53,1.6,1.4,1.47,1.32,3.39,1.91
长相,長相,zhǎngxiàng,looks,Na,Noun,3.65,0.65,0.05,0.1,0.7,2.6,0.5,0.45,0.8,1.0,0.55,1.28,1.35,0.22,0.3,1.0,1.56,0.97,0.86,1.33,1.18,1.12,3.61,1.95
不,不,bù,no,D,Adverb,1.9,2.0,0.15,0.15,0.5,2.95,0.6,2.0,2.0,1.65,1.0,1.64,1.73,0.36,0.36,0.81,1.53,1.02,1.45,1.61,1.56,1.22,0.65,1.58
承认,承認,chéngrèn,admission,VE,Verb,1.95,2.2,0.1,0.1,0.35,2.95,0.6,0.9,2.1,2.0,0.75,1.4,1.72,0.3,0.3,0.65,1.5,1.11,0.94,1.81,1.48,0.89,1.91,1.89
危险,危險,wēixiǎn,danger,VH,Adjective,3.0,2.55,0.3,0.4,1.3,3.4,1.8,1.5,1.5,1.55,1.3,1.34,1.69,0.56,0.58,1.31,1.2,1.5,1.4,1.12,1.28,1.35,1.43,1.74
祭坛,祭壇,jìtán,altar,Nc,Noun,3.3,1.5,0.25,0.75,1.0,2.8,1.35,1.8,1.65,1.6,1.7,1.49,1.53,0.7,1.3,1.3,1.83,1.31,1.44,1.56,1.43,1.42,1.52,2.0
龙门,龍門,lóngmén,goal keeper,Nc,Noun,3.0,1.25,0.05,0.1,0.75,2.05,1.0,0.95,0.7,0.75,0.9,1.64,1.67,0.22,0.3,1.04,1.53,1.26,1.28,1.14,1.09,0.99,1.35,1.92
相片,相片,xiàngpiān,photo,Na,Noun,3.8,0.6,0.05,0.2,1.8,2.7,0.7,1.65,0.95,0.9,0.7,1.12,1.11,0.22,0.4,1.4,1.55,1.19,1.35,1.02,1.14,1.1,2.09,2.24
沉重,沉重,chénzhòng,heavy,A,Adjective,2.35,1.3,0.15,0.25,1.05,3.45,1.6,1.5,1.15,1.65,1.4,1.77,1.55,0.36,0.54,1.16,1.32,1.46,1.36,1.31,1.56,1.24,1.43,1.91
荷塘,荷塘,hétáng,lotus pond,Noun,Noun,3.75,2.35,0.35,1.7,1.15,2.55,0.9,1.2,0.9,1.3,1.1,1.26,1.62,0.65,1.38,1.19,1.56,0.77,1.03,1.26,1.45,1.18,0.96,1.57
毕业,畢業,bìyè,graduate,VH,Adjective,3.05,2.1,0.15,0.1,0.4,3.45,1.6,1.85,1.9,1.85,1.7,1.6,1.7,0.36,0.3,0.73,1.63,1.43,1.49,1.37,1.56,1.49,2.13,1.98
离去,離去,líqù,leave,VA,Verb,3.05,1.6,0.15,0.1,0.65,3.2,2.45,2.25,1.45,1.5,1.9,1.43,1.74,0.36,0.3,0.96,1.57,1.77,1.61,1.32,1.53,1.67,2.83,2.08
空想,空想,kōngxiǎng,fantasy,Na,Noun,1.25,0.9,0.1,0.15,0.35,3.1,0.55,0.65,0.55,1.5,0.65,1.64,1.51,0.3,0.36,0.73,1.58,0.97,1.11,1.07,1.63,1.24,2.7,1.94
气愤,氣憤,qìfèn,indignation,VH,Adjective,2.8,2.5,0.2,0.2,0.55,3.4,1.3,1.55,2.25,1.65,1.25,1.57,1.53,0.4,0.4,0.97,1.62,1.58,1.4,1.61,1.65,1.44,2.91,2.12
盈盈,盈盈,yíngyíng,lucid,A,Adjective,2.55,0.95,0.25,0.2,0.6,1.8,0.3,0.35,0.3,0.45,0.35,1.43,1.43,0.7,0.51,0.8,1.5,0.56,0.57,0.78,0.74,0.57,1.13,1.6
意向,意向,yìxiàng,intention,Na,Noun,1.65,1.5,0.05,0.15,0.3,2.35,0.4,0.45,0.7,1.05,0.75,1.62,1.57,0.22,0.36,0.78,1.62,0.8,0.59,1.05,1.5,1.18,1.39,1.58
群情,群情,qúnqíng,group sentiment,Na,Noun,2.0,1.6,0.15,0.15,0.45,1.9,1.05,1.0,1.05,1.15,1.0,1.61,1.69,0.36,0.36,0.86,1.51,1.4,1.48,1.47,1.42,1.45,1.35,1.52
拍,拍,pāi,shoot,VC,Verb,2.7,1.95,0.15,0.2,2.0,2.15,0.7,2.85,1.15,0.8,1.3,1.73,1.75,0.36,0.4,1.38,1.49,1.19,1.62,1.35,0.93,1.0,4.0,2.32
处,處,chù,point,Nc,Noun,1.15,0.75,0.15,0.1,0.65,2.1,0.8,1.1,1.15,0.85,0.75,1.35,0.94,0.36,0.3,1.24,1.48,1.21,1.41,1.59,1.42,1.26,1.67,1.93
累,累,lèi,tired,VHC,Verb,2.15,1.55,0.15,0.15,1.0,3.95,1.8,1.75,1.5,1.6,1.85,1.49,1.43,0.36,0.36,1.14,1.24,1.54,1.48,1.32,1.39,1.53,3.67,2.01
鼓励,鼓勵,gǔlì,encourage,VF,Verb,2.5,3.0,0.05,0.05,0.75,3.4,0.95,2.4,2.45,1.35,1.1,1.36,1.52,0.22,0.22,1.04,1.56,1.07,1.36,1.32,1.42,1.04,3.25,2.01
保证,保證,bǎozhèng,endorsed,VE,Verb,1.95,2.0,0.15,0.1,0.4,2.3,0.45,1.8,2.35,0.95,0.8,1.47,1.67,0.36,0.3,0.66,1.62,0.74,1.54,1.46,1.2,0.87,2.67,1.93
讲,講,jiǎng,speak,VE,Verb,2.0,3.6,0.05,0.05,0.3,2.1,0.45,1.45,3.35,1.5,1.15,1.45,1.32,0.22,0.22,0.64,1.55,0.67,1.36,1.68,1.12,1.01,3.96,2.11
彩虹,彩虹,cǎihóng,rainbow,Na,Noun,4.25,0.3,0.15,0.15,0.25,2.75,0.6,0.85,1.05,1.15,0.7,0.99,0.71,0.48,0.36,0.54,1.7,0.73,1.28,1.36,1.24,0.9,1.21,1.91
贡献,貢獻,gòngxiàn,offer_up,Na,Noun,2.05,1.35,0.05,0.05,0.5,2.85,0.8,1.5,1.0,0.7,0.8,1.6,1.46,0.22,0.22,0.87,1.65,1.03,1.53,1.22,1.0,1.03,2.0,2.0
婴儿,嬰兒,yīngér,baby,Na,Noun,3.5,3.3,0.15,1.6,2.3,2.65,1.25,2.05,1.7,1.65,1.6,1.36,1.45,0.36,1.59,1.65,1.59,1.51,1.56,1.71,1.59,1.71,3.62,2.12
疤痕,疤痕,bāhén,scar,Na,Noun,3.55,0.55,0.15,0.35,2.6,2.3,0.5,1.2,0.7,0.8,0.6,1.24,1.36,0.36,0.91,1.59,1.52,0.92,1.36,1.14,0.98,0.92,3.12,2.22
上涨,上漲,shàngzhǎng,appreciation,VH,Verb,2.85,1.25,0.1,0.2,0.6,2.45,0.7,0.7,0.9,0.7,0.6,1.53,1.55,0.3,0.4,0.73,1.56,1.35,1.19,1.41,1.05,1.02,1.04,1.49
上市,上市,shàngshì,go on the market,VH,Adjective,2.25,1.65,0.05,0.05,0.25,2.5,0.55,1.3,1.05,0.75,0.8,1.55,1.59,0.22,0.22,0.54,1.5,0.59,1.42,1.12,0.94,0.98,0.96,1.49
阶梯,階梯,jiētī,ladder,Na,Noun,3.05,0.6,0.05,0.05,1.35,2.0,2.5,1.4,0.65,1.05,1.6,1.5,1.16,0.22,0.22,1.24,1.52,1.86,1.36,0.96,1.2,1.56,1.79,1.89
那样,那樣,nàyàng,that way,VH,Adjective,1.55,1.05,0.35,0.35,0.45,1.75,0.15,0.65,0.5,0.5,0.4,1.36,0.97,0.73,0.73,0.74,1.51,0.36,1.01,0.81,0.81,0.73,0.46,1.08
秋波,秋波,qiūbō,bright eyes of a beautiful woman,Na,Noun,2.9,1.1,0.05,0.05,0.65,2.6,0.4,0.55,0.8,1.75,0.55,1.37,1.51,0.22,0.22,1.28,1.66,0.58,0.67,0.93,1.7,0.67,1.58,1.96
国会,國會,guóhuì,congress,Nc,Noun,2.65,2.1,0.1,0.15,0.3,1.95,0.65,1.1,1.15,0.95,0.8,1.62,1.64,0.3,0.48,0.64,1.5,0.65,1.26,1.53,1.07,0.68,0.88,1.24
新,新,xīn,new,VH,Adjective,3.25,1.15,0.5,0.45,1.35,2.5,0.3,0.7,0.3,0.45,0.5,1.13,1.31,0.97,0.8,1.19,1.66,0.9,1.1,0.71,0.8,1.16,0.62,1.15
控制,控制,kòngzhì,control,VC,Verb,2.25,1.25,0.1,0.1,0.95,2.45,1.15,1.9,1.35,1.3,1.55,1.51,1.48,0.3,0.3,1.2,1.56,1.24,1.61,1.56,1.45,1.2,2.08,2.02
游行,遊行,yóuxíng,procession,VA,Verb,3.1,2.55,0.2,0.15,0.6,2.15,2.4,2.15,1.9,1.75,2.05,1.45,1.53,0.51,0.36,0.97,1.46,1.59,1.53,1.58,1.34,1.28,3.62,1.91
地图,地圖,dìtú,map,Na,Noun,3.4,0.5,0.05,0.05,1.5,2.45,0.6,1.65,0.8,1.3,0.7,0.97,0.97,0.22,0.22,1.4,1.8,0.92,1.24,1.08,1.45,0.95,1.38,1.89
确定,確定,quèdìng,sure,VK,Verb,1.65,0.9,0.05,0.25,0.6,2.35,0.35,0.95,1.1,1.45,0.45,1.62,1.34,0.22,0.7,0.92,1.68,0.65,1.12,1.18,1.53,0.74,1.17,1.49
叫,叫,jiào,call,VG,Verb,1.7,3.55,0.15,0.1,0.45,2.25,0.45,0.75,3.15,1.5,0.75,1.45,1.53,0.48,0.3,0.67,1.55,0.59,0.83,1.8,1.4,0.99,4.42,1.93
孤儿,孤兒,gūér,orphan,Na,Noun,2.65,1.55,0.05,0.15,0.8,3.4,0.9,1.2,1.2,1.4,1.0,1.65,1.56,0.22,0.36,0.98,1.43,1.34,1.47,1.33,1.71,1.41,3.25,2.22
带来,帶來,dàilái,bring,VC,Verb,2.55,1.0,0.2,0.2,0.7,2.05,1.1,1.8,0.65,0.65,0.8,1.47,1.26,0.51,0.4,0.95,1.6,1.51,1.4,0.85,0.85,0.81,2.38,2.0
局外,局外,júwài,outside,Nc,Noun,1.65,0.65,0.05,0.05,0.25,1.9,0.45,0.6,0.7,0.7,0.3,1.42,0.91,0.22,0.22,0.54,1.45,0.74,1.02,1.35,1.0,0.56,1.17,1.34
横,橫,héng,horizontal,A,Adjective,2.8,0.9,0.05,0.1,0.65,1.7,0.7,0.75,0.85,0.7,0.8,1.36,1.22,0.22,0.3,1.01,1.38,0.9,1.04,1.35,0.95,1.12,1.04,1.46
罹患,罹患,líhuàn,suffer,VJ,Verb,1.7,0.9,0.1,0.05,0.7,2.55,0.5,0.8,0.8,0.8,0.75,1.52,1.3,0.3,0.22,1.05,1.53,0.97,1.12,1.29,1.21,1.13,2.58,2.1
台湾,臺灣,táiwān,taiwan,Nc,Noun,3.2,2.55,0.75,0.7,1.05,3.1,0.95,0.95,1.1,1.0,1.2,1.4,1.53,1.18,1.23,1.6,1.64,1.32,1.36,1.48,1.34,1.5,0.71,1.46
坠机,墜機,zhuìjī,crash,VA,Verb,3.2,2.7,0.1,0.6,0.9,3.3,1.75,1.8,1.55,1.7,1.65,1.47,1.52,0.3,1.02,0.99,1.52,1.34,1.44,1.32,1.38,1.39,2.21,2.08
遴选,遴選,línxuǎn,select,VC,Verb,2.35,1.3,0.05,0.05,0.45,2.1,0.85,1.85,1.5,1.15,0.95,1.53,1.45,0.22,0.22,0.86,1.55,0.96,1.39,1.28,1.19,1.07,0.96,1.46
深,深,shēn,deep,A,Adjective,3.5,1.4,0.2,0.2,1.8,2.4,0.95,1.4,0.6,0.95,0.9,1.02,1.36,0.51,0.51,1.69,1.53,1.2,1.46,0.92,1.28,1.26,0.83,1.4
一直,一直,yìzhí,til,D,Adverb,1.6,0.6,0.1,0.1,0.2,1.95,0.5,0.6,0.5,0.6,0.7,1.53,0.8,0.3,0.3,0.4,1.43,0.81,0.97,0.81,0.92,1.14,0.96,1.7
制定,制定,zhìdìng,articulate,VC,Verb,1.95,1.05,0.05,0.05,0.4,1.65,0.6,1.95,1.8,0.9,0.6,1.4,1.2,0.22,0.22,0.66,1.35,0.97,1.24,1.5,1.3,0.8,1.5,1.63
红包,紅包,hóngbāo,red envelope,Na,Noun,3.3,0.9,0.05,0.15,1.75,2.85,0.75,2.5,1.25,1.15,1.15,1.19,1.22,0.22,0.36,1.67,1.65,0.99,1.57,1.13,1.11,1.28,1.58,2.04
设备,設備,shèbèi,appointment,Na,Noun,2.65,1.65,0.1,0.35,1.15,1.75,0.8,1.55,0.7,0.9,1.1,1.46,1.53,0.3,0.73,1.15,1.48,1.33,1.5,1.1,1.22,1.18,1.62,2.04
出轨,出軌,chūguǐ,derail,VH,Adjective,2.7,2.45,0.05,0.35,0.85,3.4,1.8,2.1,1.9,1.9,2.0,1.62,1.72,0.22,0.65,1.19,1.62,1.6,1.67,1.61,1.67,1.73,3.17,2.11
海景,海景,hǎijǐng,sea view,Na,Noun,3.9,2.35,0.45,1.4,1.1,3.05,1.25,1.45,1.4,1.65,1.45,1.09,1.39,0.86,1.46,1.14,1.47,1.37,1.47,1.32,1.56,1.4,1.08,1.78
糊涂,糊塗,hútú,confused,VH,Adjective,1.9,1.45,0.1,0.05,0.25,2.8,0.6,0.85,1.35,1.05,0.55,1.37,1.36,0.3,0.22,0.62,1.36,0.86,1.01,1.35,1.32,0.74,2.04,2.07
重大,重大,zhòngdà,major,VH,Adjective,2.1,1.4,0.1,0.1,0.45,2.65,0.3,0.8,0.9,0.9,0.45,1.58,1.43,0.3,0.3,0.8,1.53,0.56,1.08,1.18,1.3,0.74,0.88,1.56
恶运,惡運,èyùn,bad luck,Na,Noun,1.45,0.95,0.2,0.3,0.55,3.05,0.25,0.35,0.6,0.55,0.5,1.53,1.5,0.4,0.64,0.86,1.4,0.54,0.65,0.97,0.97,0.81,1.29,1.79
可怜,可憐,kělián,pitiful,VHC,Verb,2.9,2.0,0.1,0.1,0.75,3.15,0.8,1.25,1.4,1.3,1.05,1.14,1.52,0.3,0.3,0.89,1.68,0.87,1.3,1.16,1.23,1.12,2.33,2.34
后面,後面,hòumiàn,behind,Ncd,Noun,2.85,1.15,0.15,0.15,0.55,1.9,0.75,0.95,0.4,1.35,1.15,1.11,1.31,0.48,0.36,0.74,1.51,0.83,0.86,0.73,1.31,1.24,1.42,1.87
年底,年底,niándǐ,year-end,Nd,Noun,1.75,1.4,0.5,0.65,0.6,2.4,0.7,0.85,0.85,0.85,0.8,1.37,1.5,1.2,1.31,1.2,1.71,1.27,1.24,1.35,1.28,1.33,0.92,1.66
丧失,喪失,sàngshī,lose,VJ,Verb,1.6,1.1,0.5,0.5,0.8,2.5,0.75,0.9,0.85,1.15,0.85,1.43,1.3,1.16,1.16,1.29,1.5,1.26,1.3,1.35,1.49,1.39,1.96,1.95
谈判,談判,tánpàn,negociate,VC,Verb,2.8,2.7,0.15,0.15,0.8,2.35,0.7,1.75,2.75,1.65,1.3,1.54,1.58,0.36,0.36,0.98,1.59,0.95,1.3,1.7,1.49,1.31,3.42,2.1
得到,得到,dédào,get,VJ,Verb,2.2,0.9,0.2,0.2,0.85,2.25,0.45,1.5,0.85,0.65,0.55,1.36,1.14,0.4,0.4,1.28,1.37,0.5,1.43,1.15,0.91,0.74,2.88,1.96
协议,協議,xiéyì,accord,Na,Noun,2.75,1.3,0.05,0.1,1.0,1.85,0.35,1.85,1.55,1.05,0.55,1.37,1.31,0.22,0.3,0.89,1.39,0.65,1.28,1.56,1.2,0.8,2.17,2.01
红娘,紅娘,hóngniáng,matchmaker,Na,Noun,2.9,1.85,0.05,0.25,0.55,1.95,0.95,1.5,1.85,1.45,1.2,1.37,1.49,0.22,0.43,0.74,1.28,1.24,1.5,1.71,1.53,1.33,2.62,2.32
经过,經過,jīngguò,go through,VCL,Verb,2.1,1.35,0.2,0.15,0.5,1.85,1.9,1.1,0.85,0.95,1.15,1.64,1.46,0.51,0.36,0.87,1.59,1.58,0.99,1.24,1.2,1.11,2.29,1.95
潜力,潛力,qiánlì,potential,Na,Noun,1.6,0.55,0.1,0.1,0.5,2.7,0.5,0.55,0.65,0.55,0.5,1.56,0.97,0.3,0.3,0.87,1.49,0.59,0.74,0.85,0.86,0.74,2.04,1.79
交给,交給,jiāogěi,give to,VD,Verb,2.4,1.2,0.05,0.05,1.3,1.95,0.7,2.2,1.55,1.2,0.9,1.39,1.4,0.22,0.22,1.49,1.6,0.64,1.66,1.43,1.17,0.94,2.79,1.91
中心,中心,zhōngxīn,navel_point,Nc,Noun,2.75,0.85,0.05,0.2,0.7,2.3,0.4,0.7,1.0,0.8,0.5,1.34,1.01,0.22,0.4,0.95,1.62,0.66,0.78,1.3,1.17,0.74,0.71,1.1
热切,熱切,rèqiè,eager,VH,Adjective,2.4,1.55,0.15,0.15,0.6,2.55,0.9,1.25,1.45,1.2,1.0,1.43,1.43,0.36,0.48,0.86,1.36,1.18,1.44,1.5,1.12,1.0,2.46,2.04
处治,處治,chǔzhì,be administered,Verb,Verb,1.8,1.35,0.1,0.15,0.5,1.8,0.6,1.45,1.35,0.85,0.65,1.57,1.53,0.3,0.48,0.87,1.25,0.66,1.12,1.35,1.19,0.73,1.88,1.72
丑陋,醜陋,chǒulòu,ugly,VH,Adjective,3.45,1.1,0.05,0.05,0.55,3.0,0.65,0.75,0.85,1.2,0.7,1.32,1.45,0.22,0.22,0.74,1.34,1.11,1.13,1.15,1.47,1.19,3.0,2.22
紫,紫,zǐ,purple,A,Adjective,3.85,0.35,0.15,0.25,0.5,1.9,0.35,0.3,0.4,0.65,0.4,1.15,0.91,0.36,0.54,0.87,1.55,0.96,0.78,0.92,1.24,1.16,0.79,1.35
乐观,樂觀,lèguān,optimism,VH,Adjective,2.4,1.8,0.15,0.15,0.6,3.05,0.7,1.1,1.2,1.05,0.8,1.59,1.69,0.36,0.36,0.8,1.43,0.95,1.14,1.25,1.16,1.08,2.62,2.16
有,有,yǒu,have,V_2,YOU,2.25,1.2,0.3,0.35,1.0,2.15,0.55,1.1,0.85,0.75,0.6,1.41,1.4,0.56,0.57,1.34,1.53,0.74,1.22,1.35,1.04,0.92,1.58,1.63
保护,保護,bǎohù,protect,VC,Verb,2.6,1.1,0.05,0.05,0.8,1.85,0.85,1.6,1.25,0.8,0.9,1.39,1.55,0.22,0.22,1.21,1.59,1.06,1.62,1.55,0.98,1.14,2.88,1.88
消费,消費,xiāofèi,consumption,Na,Noun,2.45,1.35,0.45,0.35,0.95,1.85,0.9,1.9,1.45,1.2,1.15,1.63,1.68,1.02,0.79,1.32,1.28,1.14,1.45,1.47,1.25,1.11,2.58,2.02
训话,訓話,xùnhuà,preaching,VB,Verb,2.75,3.2,0.1,0.05,0.45,2.8,1.05,1.55,2.65,1.5,1.2,1.51,1.54,0.3,0.22,0.67,1.4,0.97,1.12,1.9,1.4,1.12,3.96,2.11
引发,引發,yǐnfā,set,VC,Verb,2.1,0.95,0.1,0.15,0.65,2.4,0.35,0.9,1.1,0.6,0.45,1.55,1.12,0.3,0.36,0.85,1.24,0.57,0.94,1.09,0.86,0.67,1.54,1.8
笨,笨,bèn,clumsy,A,Adjective,2.7,2.1,0.05,0.05,0.75,2.8,0.9,1.2,1.5,1.05,0.7,1.19,1.3,0.22,0.22,0.99,1.44,1.18,1.25,1.2,1.36,1.19,2.38,2.23
铃铛,鈴鐺,língdāng,bell,Na,Noun,2.85,3.45,0.1,0.1,1.65,1.95,0.45,2.05,0.6,0.8,0.75,1.49,1.63,0.3,0.3,1.28,1.36,0.86,1.43,1.07,1.03,1.09,1.33,1.7
奇迹,奇蹟,qíjì,miracle,Na,Noun,2.2,1.25,0.1,0.25,0.5,2.6,0.3,0.55,1.05,0.85,0.85,1.5,1.3,0.3,0.54,0.87,1.46,0.46,0.86,1.28,1.24,1.24,1.12,1.42
消息,消息,xiāoxī,news,Na,Noun,2.4,2.85,0.15,0.1,0.25,2.0,0.4,1.1,1.9,1.1,0.5,1.53,1.59,0.36,0.3,0.62,1.38,0.66,1.18,1.58,1.34,0.74,1.58,1.89
洗澡,洗澡,xǐzǎo,bath,VA,Verb,2.95,2.7,0.35,1.35,2.8,2.75,2.2,2.65,1.15,2.2,2.4,1.36,1.45,0.96,1.46,1.4,1.76,1.54,1.53,1.06,1.5,1.62,4.42,1.66
路灯,路燈,lùdēng,street lamp,Na,Noun,3.3,0.55,0.05,0.1,0.65,1.7,0.6,0.6,0.4,0.9,0.5,1.1,1.24,0.22,0.3,0.96,1.23,0.8,0.86,0.92,1.09,0.74,1.17,1.95
废品,廢品,fèipǐn,abandon,Noun,Noun,3.0,0.7,0.2,1.0,1.15,1.8,0.65,1.7,0.8,0.85,0.8,1.38,1.14,0.68,1.14,1.15,1.36,0.79,1.73,1.03,1.19,1.03,1.08,1.58
思考,思考,sīkǎo,think,VE,Verb,1.65,0.6,0.2,0.25,0.55,2.7,0.6,1.1,0.55,1.7,0.65,1.59,0.97,0.51,0.62,0.92,1.45,1.02,0.99,0.92,1.45,1.19,3.62,1.89
保姆,保姆,bǎomǔ,nanny,Na,Noun,2.65,1.7,0.5,0.45,0.7,1.75,1.45,1.6,1.35,1.35,1.4,1.77,1.82,1.02,0.74,0.9,1.48,1.32,1.36,1.28,1.24,1.16,3.08,2.38
背影,背影,bèiyǐng,a view of sb's back,Na,Noun,3.65,0.55,0.05,0.15,0.6,2.4,1.7,1.35,0.6,1.15,1.3,1.06,1.24,0.22,0.36,0.92,1.74,1.35,1.19,0.86,1.42,1.58,2.58,1.96
炎炎,炎炎,yányán,scorching,A,Adjective,2.15,0.85,0.15,0.3,1.2,3.0,0.45,1.0,0.9,0.5,0.65,1.77,1.35,0.36,0.56,1.17,1.34,0.59,1.22,1.37,0.87,0.79,1.17,1.8
通知,通知,tōngzhī,notice,VC,Verb,2.7,2.5,0.15,0.15,0.55,2.1,0.55,1.0,2.4,1.2,0.7,1.35,1.83,0.48,0.48,0.8,1.76,0.74,1.14,1.83,1.29,0.84,2.17,1.93
非,非,fēi,no,VG,Verb,1.45,0.85,0.05,0.1,0.45,1.8,0.1,0.5,0.5,0.55,0.35,1.56,1.15,0.22,0.3,0.86,1.47,0.3,0.97,0.97,0.97,0.79,0.71,1.51
美好,美好,měihǎo,good,VH,Adjective,3.3,2.4,1.1,1.2,1.25,3.55,1.0,1.05,1.2,1.25,0.95,1.31,1.71,1.3,1.36,1.18,1.63,1.3,1.43,1.4,1.26,1.24,1.12,1.64
石油,石油,shíyóu,fossil_oil,Na,Noun,3.0,0.65,0.55,2.6,1.45,2.1,0.45,0.8,0.5,0.65,0.65,1.41,1.15,1.12,1.74,1.24,1.41,0.74,0.98,1.07,0.96,0.85,0.96,1.7
如何,如何,rúhé,how,VH,Adjective,1.0,0.85,0.1,0.1,0.25,2.1,0.2,0.45,0.9,0.85,0.2,1.45,1.19,0.3,0.3,0.54,1.48,0.4,0.97,1.18,0.96,0.51,0.58,1.15
乡亲,鄉親,xiāngqīn,villagers,Na,Noun,2.95,2.35,0.2,0.35,0.85,2.4,0.9,1.55,1.7,1.25,1.15,1.43,1.74,0.51,0.73,1.06,1.53,1.04,1.32,1.55,1.3,1.19,2.21,1.85
戏剧,戲劇,xìjù,theater and drama,Na,Noun,3.7,3.45,0.05,0.05,0.4,2.7,1.85,1.95,2.1,1.9,2.05,1.0,1.4,0.22,0.22,0.58,1.58,1.59,1.75,1.7,1.51,1.63,2.38,1.91
教师,教師,jiàoshī,pedagogue,Na,Noun,3.1,2.8,0.1,0.15,0.75,2.85,1.25,1.8,2.3,1.65,1.5,1.37,1.78,0.3,0.36,0.94,1.53,1.26,1.54,1.87,1.53,1.43,2.58,2.02
遗骸,遺骸,yíhái,remains,Na,Noun,3.15,0.75,0.1,0.6,1.35,3.05,0.75,0.85,0.55,0.7,0.7,1.31,1.44,0.3,0.92,1.46,1.47,1.04,1.06,0.97,1.14,1.27,2.83,2.32
缝补,縫補,féngbǔ,suture,VC,Verb,2.95,0.7,0.05,0.15,1.75,2.05,0.7,2.85,0.65,1.25,1.1,1.47,1.35,0.22,0.36,1.58,1.43,1.0,1.62,0.85,1.37,1.18,2.67,1.97
触犯,觸犯,chùfàn,dedication,VJ,Verb,1.95,1.1,0.15,0.15,1.3,2.85,0.5,1.2,1.1,1.0,0.8,1.69,1.51,0.36,0.36,1.62,1.31,0.67,1.21,0.99,1.22,0.93,2.33,1.91
古董,古董,gǔdǒng,antique,Na,Noun,3.55,0.85,0.1,0.35,2.1,2.75,0.5,1.7,0.75,1.05,1.05,1.12,1.15,0.3,0.65,1.26,1.55,0.74,1.49,0.99,1.36,1.16,1.12,1.72
前瞻,前瞻,qiánzhān,foresight,VC,Verb,2.4,0.8,0.05,0.1,0.45,2.6,0.35,0.45,0.7,1.15,0.4,1.43,1.03,0.22,0.3,0.67,1.53,0.48,0.67,0.95,1.31,0.58,1.79,2.08
寡妇,寡婦,guǎfù,widow,Na,Noun,2.65,1.4,0.05,0.05,0.45,2.1,0.6,0.55,0.7,0.95,0.65,1.53,1.39,0.22,0.22,0.8,1.22,0.66,0.67,0.84,1.02,0.85,2.96,2.19
资料,資料,zīliào,material,Na,Noun,3.2,1.5,0.05,0.1,1.25,1.95,0.5,2.1,1.1,1.05,0.95,1.12,1.72,0.22,0.3,1.22,1.56,0.67,1.45,1.34,1.28,0.97,1.21,1.58
洪水,洪水,hóngshuǐ,flood,Na,Noun,3.65,2.65,0.15,0.65,1.55,3.1,1.8,2.05,1.8,1.75,2.05,1.24,1.53,0.48,1.11,1.47,1.34,1.54,1.69,1.89,1.64,1.66,1.33,1.86
果盘,果盤,guǒpán,fruit dish,Noun,Noun,3.55,0.4,2.35,2.35,2.05,2.4,0.4,2.1,2.75,1.4,0.85,1.28,1.11,1.8,1.62,1.53,1.5,0.73,1.34,1.51,1.43,1.11,1.62,2.02
掌握,掌握,zhǎngwò,master,VC,Verb,2.25,1.3,0.15,0.1,0.75,2.3,0.8,2.05,0.95,1.05,0.9,1.67,1.58,0.36,0.3,1.09,1.55,1.08,1.43,0.97,1.2,1.14,2.62,2.18
冲突,衝突,chōngtū,shock,Na,Noun,3.15,2.5,0.1,0.15,0.95,2.65,1.95,2.2,1.85,1.6,1.75,1.11,1.63,0.3,0.36,1.2,1.35,1.63,1.66,1.59,1.28,1.55,2.54,2.06
法规,法規,fǎguī,regulations,Na,Noun,2.45,0.9,0.05,0.15,0.35,2.05,0.25,0.65,1.1,1.0,0.45,1.56,1.26,0.22,0.48,0.57,1.56,0.7,0.91,1.14,1.45,1.02,1.12,1.54
权威,權威,quánwēi,authority,Na,Noun,2.45,1.6,0.05,0.05,0.35,3.05,0.3,0.95,1.4,0.75,0.5,1.47,1.36,0.22,0.22,0.79,1.43,0.64,1.24,1.71,1.37,1.02,1.33,1.6
关系,關係,guānxì,relationship,Na,Noun,2.05,1.3,0.05,0.1,0.5,2.25,0.4,0.6,0.5,0.45,0.45,1.63,1.45,0.22,0.3,0.81,1.58,0.58,0.73,0.87,0.92,0.67,1.25,1.53
小贩,小販,xiǎofàn,hawker,Na,Noun,2.95,2.5,0.65,0.6,0.8,1.7,1.35,1.6,1.9,1.25,1.45,1.6,1.66,1.11,1.07,0.87,1.49,1.39,1.56,1.79,1.34,1.47,2.71,2.07
敌人,敵人,dírén,enemy,Na,Noun,2.6,1.65,0.1,0.15,0.7,3.05,1.7,1.85,1.65,1.7,1.75,1.59,1.56,0.3,0.48,0.95,1.63,1.55,1.59,1.53,1.68,1.76,2.62,2.34
病人,病人,bìngrén,patient,Na,Noun,3.1,1.95,0.25,0.75,0.9,2.8,1.05,1.15,1.15,1.3,1.15,1.37,1.66,0.54,0.94,0.99,1.54,1.36,1.28,1.24,1.42,1.35,3.17,2.19
荒漠,荒漠,huāngmò,desert,Na,Noun,3.65,1.3,0.2,0.7,1.6,3.0,1.55,1.4,1.65,1.25,1.5,1.24,1.58,0.51,1.14,1.28,1.14,1.47,1.43,1.74,1.48,1.66,1.0,1.63
标本,標本,biāoběn,specimen,Na,Noun,3.25,0.4,0.1,0.95,1.2,2.0,0.6,1.35,0.6,0.65,0.8,1.34,1.11,0.3,1.56,1.21,1.26,0.97,1.39,1.02,0.96,1.17,1.38,1.87
给,給,gěi,give,VD,Verb,2.3,1.0,0.05,0.05,0.95,2.15,0.7,2.55,1.35,0.85,0.85,1.27,1.22,0.22,0.22,1.2,1.42,0.71,1.5,1.35,1.06,0.91,2.75,2.4
著名,著名,zhùmíng,famous,VH,Adjective,2.05,2.0,0.15,0.15,0.35,2.45,0.3,0.4,0.6,0.5,0.2,1.47,1.67,0.36,0.36,0.65,1.66,0.56,0.66,1.02,1.07,0.51,1.25,1.74
回路,迴路,huílù,circuit,Na,Noun,2.3,0.7,0.05,0.1,0.55,1.45,0.9,0.8,0.75,0.9,0.55,1.45,1.05,0.22,0.3,0.92,1.4,1.09,0.87,1.04,1.04,0.74,1.04,1.54
裨益,裨益,bìyì,benefit,Na,Noun,1.3,0.9,0.1,0.2,0.4,2.3,0.4,0.35,0.55,0.75,0.35,1.52,1.04,0.3,0.4,0.66,1.45,0.66,0.79,0.97,1.18,0.57,1.12,1.42
教学,教學,jiàoxué,teaching,VA,Verb,3.2,2.8,0.25,0.15,0.5,2.3,1.1,1.85,2.35,1.8,1.7,1.29,1.47,0.7,0.48,0.74,1.52,1.09,1.49,1.77,1.57,1.42,2.75,1.9
仓库,倉庫,cāngkù,storehouse,Na,Noun,3.1,0.8,0.1,1.0,1.0,1.65,0.6,1.05,0.55,0.85,0.8,1.41,1.21,0.3,1.0,0.95,1.15,0.66,1.02,0.97,0.96,0.93,1.0,1.66
朝鲜,朝鮮,cháoxiān,DPRK,Nc,Noun,2.9,2.35,0.95,0.5,0.7,2.25,1.05,1.0,1.25,1.1,1.05,1.61,1.15,1.02,0.81,0.9,1.61,1.47,1.38,1.61,1.55,1.43,0.83,1.65
味道,味道,wèidào,taste,Na,Noun,0.9,0.8,4.4,2.75,0.5,2.4,0.65,1.05,2.9,1.35,0.75,1.18,1.29,0.97,1.61,0.59,1.71,1.15,1.36,1.64,1.49,1.04,2.75,1.96
困倦,睏倦,kùnjuàn,sleepy,Verb,Verb,2.65,1.85,0.1,0.15,0.65,3.3,0.55,1.0,1.35,1.75,1.45,1.42,1.39,0.3,0.36,0.79,1.65,1.12,1.64,1.62,2.02,1.77,3.17,2.11
危机,危機,wēijī,crisis,Na,Noun,1.95,1.3,0.3,0.45,0.45,3.2,0.9,1.0,1.2,1.1,0.9,1.6,1.49,0.71,0.8,0.8,1.33,1.3,1.26,1.33,1.45,1.22,1.08,1.47
传统,傳統,chuántǒng,tradition,VH,Adjective,2.0,1.45,0.7,0.5,0.35,2.35,0.75,0.85,0.75,0.85,0.8,1.45,1.43,0.9,0.74,0.57,1.68,1.13,1.06,1.18,1.42,1.33,1.04,1.54
高原,高原,gāoyuán,plateau,Na,Noun,3.45,1.55,0.2,0.55,0.8,2.55,1.6,1.55,1.45,1.35,1.55,1.24,1.5,0.68,0.97,0.93,1.6,1.32,1.02,1.32,1.19,1.28,0.96,1.65
面积,面積,miànjī,area,Na,Noun,3.2,0.5,0.2,0.3,0.85,1.7,0.55,1.05,0.85,0.95,0.45,1.12,1.12,0.68,0.71,1.01,1.62,0.97,0.97,1.31,1.47,0.97,0.92,1.53
出殡,出殯,chūbìn,get out,VA,Verb,3.4,3.15,0.2,0.55,0.85,3.2,1.9,2.1,2.0,1.8,1.8,1.53,1.49,0.68,0.74,1.01,1.5,1.34,1.41,1.55,1.44,1.44,2.96,2.15
鞭炮,鞭炮,biānpào,firecracker,Na,Noun,3.7,4.1,0.7,2.25,1.65,2.95,1.4,2.4,1.05,1.7,2.0,1.23,1.22,1.49,1.58,1.53,1.75,1.24,1.53,1.2,1.65,1.61,2.12,2.3
当初,當初,dāngchū,at the beginning,Nd,Noun,1.9,1.3,0.35,0.2,0.4,2.65,0.25,0.45,0.65,0.5,0.3,1.48,1.35,0.91,0.4,0.8,1.28,0.54,0.8,1.06,0.92,0.64,0.67,1.07
表达,表達,biǎodá,express,VC,Verb,2.0,2.5,0.15,0.1,0.45,1.9,0.55,1.05,2.75,1.15,1.0,1.64,1.75,0.36,0.3,0.67,1.45,0.8,1.16,1.61,1.15,1.05,2.96,1.79
安定,安定,āndìng,stable,VHC,Verb,2.05,1.25,0.3,0.3,0.6,2.8,0.85,0.8,0.4,0.65,0.55,1.6,1.26,0.71,0.71,1.2,1.47,1.15,1.17,0.73,0.85,0.74,1.54,1.53
蚜虫,蚜蟲,yáchóng,aphid,Na,Noun,3.0,0.7,0.45,0.4,1.3,2.65,0.6,1.0,1.4,0.8,1.0,1.48,1.19,0.8,0.8,1.38,1.65,0.86,1.3,1.53,1.03,1.3,1.25,1.9
幽暗,幽暗,yōuàn,gloomy,VH,Adjective,3.65,1.05,0.2,0.3,0.7,2.6,0.6,0.7,0.55,1.0,0.6,1.11,1.24,0.51,0.64,0.9,1.66,0.73,0.84,1.02,1.38,0.8,0.38,1.07
踪迹,蹤跡,zōngjì,trace,Na,Noun,3.15,1.4,0.1,0.45,0.9,1.9,1.4,1.1,0.9,1.4,1.25,1.15,1.46,0.3,0.74,0.99,1.51,1.36,1.26,1.34,1.43,1.18,1.92,1.85
土匪,土匪,tǔfěi,bandit,Na,Noun,3.15,2.7,0.05,0.15,0.7,2.85,1.6,1.75,1.55,1.3,1.45,1.56,1.35,0.22,0.36,1.0,1.42,1.59,1.58,1.53,1.38,1.43,2.79,2.0
发行,發行,fāxíng,issue,VC,Verb,1.95,1.4,0.05,0.05,0.65,1.75,0.5,1.4,0.7,0.7,0.6,1.63,1.56,0.22,0.22,1.01,1.37,1.12,1.2,1.05,0.95,0.8,1.25,1.76
芬芳,芬芳,fēnfāng,fragrance,VH,Adjective,1.55,0.5,1.05,2.9,0.65,2.3,0.35,0.8,0.85,1.0,0.7,1.4,0.97,1.53,1.7,1.01,1.38,0.57,0.93,1.11,1.14,0.95,0.96,1.27
日本,日本,rìběn,nippon,Nc,Noun,2.6,2.1,0.5,0.4,0.55,3.35,1.0,1.1,1.7,1.3,1.05,1.66,1.55,0.74,0.66,0.86,1.59,1.14,1.37,1.65,1.27,1.36,0.83,1.72
牢狱,牢獄,láoyù,prison,Nc,Noun,3.15,2.15,0.3,0.6,1.15,2.55,1.35,1.3,1.2,1.35,1.2,1.49,1.74,0.9,0.92,1.31,1.36,1.42,1.38,1.4,1.46,1.33,1.88,1.74
粗糙,粗糙,cūcāo,rough,VH,Adjective,2.7,1.3,0.3,0.15,3.45,2.65,0.4,2.3,0.8,0.7,0.75,1.68,1.45,0.56,0.36,1.4,1.53,0.58,1.73,1.17,1.1,1.13,1.0,1.26
民主,民主,mínzhǔ,democracy,Na,Noun,1.6,1.3,0.05,0.05,0.25,2.7,0.65,0.8,0.95,0.85,0.6,1.59,1.62,0.22,0.22,0.54,1.65,0.91,0.75,1.02,1.31,0.92,0.83,1.28
解决,解決,jiějué,solve,VC,Verb,1.95,1.4,0.1,0.1,0.4,2.3,0.6,1.75,1.4,0.9,0.65,1.63,1.69,0.3,0.3,0.73,1.68,0.8,1.58,1.53,0.99,0.85,1.67,1.7
沟通,溝通,gōutōng,communicate,VC,Verb,2.2,3.05,0.1,0.1,0.4,2.45,0.6,1.5,2.95,1.35,0.9,1.63,1.56,0.3,0.3,0.66,1.63,0.97,1.16,1.63,1.35,0.99,3.12,1.88
雇主,僱主,gùzhǔ,employer,Na,Noun,2.65,1.7,0.05,0.1,0.55,1.8,0.7,1.25,1.65,0.95,0.6,1.35,1.62,0.22,0.3,0.86,1.29,0.84,1.04,1.53,1.28,0.86,2.12,1.92
冷,冷,lěng,cold,A,Adjective,2.05,0.95,0.25,0.4,3.05,3.2,1.55,1.65,1.15,1.3,1.5,1.63,1.16,0.7,0.73,1.56,1.54,1.16,1.19,1.15,1.19,1.28,2.12,1.88
麻雀,麻雀,máquè,sparrow,Na,Noun,3.5,3.05,0.45,0.5,1.0,1.85,0.9,0.9,0.75,0.95,0.8,1.4,1.4,0.97,0.92,1.18,1.42,1.22,1.18,1.18,1.12,0.98,0.67,1.46
安慰,安慰,ānwèi,comfort,VC,Verb,2.1,2.7,0.05,0.15,1.25,2.9,0.7,1.85,2.5,1.25,1.05,1.58,1.79,0.22,0.48,1.04,1.48,0.84,1.49,1.4,1.3,1.16,2.42,1.78
手法,手法,shǒufǎ,technique,Na,Noun,2.55,0.65,0.05,0.1,1.4,2.3,0.8,2.6,0.9,0.9,0.95,1.24,1.15,0.22,0.3,1.39,1.35,1.12,1.66,1.14,1.04,1.02,3.04,1.9
提出,提出,tíchū,propose,VC,Verb,1.65,2.4,0.05,0.05,0.3,1.95,0.3,1.4,2.5,1.0,0.7,1.53,1.62,0.22,0.22,0.56,1.36,0.56,1.36,1.63,1.18,0.95,2.29,1.9
平衡,平衡,pínghéng,balance,VHC,Verb,2.5,1.1,0.45,0.4,1.25,2.45,1.55,1.8,1.0,1.4,1.6,1.28,1.09,0.8,0.58,1.26,1.6,1.4,1.4,1.26,1.53,1.46,2.04,1.79
开车,開車,kāichē,drive,VA,Verb,3.55,2.75,0.35,0.5,1.9,2.55,2.6,2.85,1.1,2.2,1.65,1.28,1.61,0.91,1.2,1.51,1.63,1.66,1.8,1.18,1.69,1.42,4.0,2.02
炯炯,炯炯,jiǒngjiǒng,bright,A,Adjective,2.9,0.75,0.25,0.25,0.45,2.3,0.35,0.25,0.35,1.55,0.5,1.45,1.18,0.89,0.77,1.07,1.31,0.73,0.62,0.79,1.6,0.92,2.04,2.03
觉得,覺得,juéde,feel,VK,Verb,1.2,0.85,0.45,0.5,0.75,3.0,0.45,0.55,1.05,1.0,0.55,1.29,1.39,1.16,1.24,1.22,1.45,1.16,1.2,1.47,1.41,1.2,2.08,1.98
原罪,原罪,yuánzuì,original sin,Na,Noun,1.25,0.7,0.1,0.25,0.45,1.9,0.5,0.55,0.6,0.75,0.45,1.34,0.84,0.3,0.54,0.59,1.55,0.81,0.86,1.07,1.09,0.86,0.75,1.27
维权,維權,wéiquán,rights protection,Noun,Noun,2.25,1.6,0.25,0.3,0.55,2.3,1.15,1.9,2.55,1.3,1.15,1.41,1.32,0.7,0.71,0.92,1.45,1.15,1.18,1.69,1.35,1.31,1.79,1.61
气势,氣勢,qìshì,momentum,Na,Noun,3.05,1.9,0.3,0.35,0.8,2.95,1.25,1.7,1.75,1.35,1.4,1.32,1.61,0.9,1.11,1.21,1.53,1.18,1.23,1.64,1.53,1.46,2.21,1.71
内容,內容,nèiróng,content,Na,Noun,3.05,2.05,0.6,0.65,0.75,2.35,0.5,0.95,1.3,1.05,0.65,1.2,1.66,1.11,1.19,1.22,1.62,1.24,1.24,1.76,1.5,1.28,0.96,1.57
脖子,脖子,bózi,neck,Na,Noun,2.85,0.4,0.6,0.55,1.85,2.0,0.4,0.7,0.75,2.1,1.15,1.68,0.92,1.32,1.2,1.19,1.52,1.16,1.19,1.48,1.81,1.39,4.54,2.06
增长,增長,zēngzhǎng,increase,VHC,Verb,2.8,1.35,0.5,0.5,0.85,2.4,0.8,0.95,0.95,1.05,0.95,1.47,1.46,1.12,1.12,1.24,1.71,1.21,1.12,1.47,1.32,1.16,1.75,1.94
喜报,喜報,xǐbào,happy report,Na,Noun,2.9,2.65,0.2,0.25,0.7,3.2,1.05,1.55,2.2,1.5,1.4,1.64,1.62,0.51,0.7,0.84,1.5,1.28,1.36,1.78,1.47,1.5,1.67,1.77
依旧,依舊,yījiù,still,D,Adverb,1.65,1.05,0.5,0.6,0.7,2.5,0.6,0.55,0.85,0.95,0.6,1.56,1.47,1.02,1.2,1.27,1.69,1.24,1.12,1.42,1.5,1.11,0.62,1.28
歌曲,歌曲,gēqǔ,song,Na,Noun,1.35,4.2,0.4,0.25,0.65,2.9,1.05,1.25,2.55,1.3,1.0,1.49,0.98,1.11,0.89,1.24,1.58,1.28,1.34,2.04,1.23,1.18,1.38,1.65
冥币,冥幣,míngbì,bonus currency,Noun,Noun,3.3,0.6,0.2,0.4,1.45,2.15,0.6,1.35,0.6,0.7,0.65,1.38,0.97,0.68,0.8,1.24,1.46,1.11,1.49,1.11,1.14,1.06,1.21,1.94
鸡汤,雞湯,jītāng,chicken soup,Na,Noun,2.95,0.9,3.45,3.0,1.3,2.45,0.65,1.6,2.8,1.35,0.85,1.32,1.3,1.8,1.61,1.45,1.32,1.11,1.66,1.83,1.46,1.24,1.38,1.95
怒斥,怒斥,nùchì,scold,VC,Verb,2.65,3.2,0.1,0.15,0.35,3.1,1.0,1.8,2.9,1.65,1.2,1.59,1.57,0.3,0.48,0.57,1.55,1.1,1.5,1.76,1.19,1.08,3.5,2.12
凛冽,凜冽,lǐnliè,piercingly cold,VH,Adjective,2.3,1.75,0.3,0.25,1.8,2.85,0.6,0.85,0.75,0.75,0.85,1.45,1.84,0.9,0.54,1.54,1.49,0.8,1.06,1.04,0.83,0.79,1.46,2.06
梅干,梅乾,méigàn,prune,Noun,Noun,2.45,0.3,3.3,1.9,1.55,2.1,0.3,0.9,2.75,0.95,0.7,1.63,0.56,1.65,1.48,1.28,1.48,0.56,1.04,1.67,1.2,1.0,1.12,1.83
招生,招生,zhāoshēng,enroll,VA,Verb,2.65,1.9,0.05,0.05,0.55,1.85,0.95,1.25,1.85,1.05,1.0,1.65,1.92,0.22,0.22,0.92,1.19,1.12,1.41,1.62,1.28,1.1,1.83,2.01
分析,分析,fēnxī,analyze,VC,Verb,2.3,1.8,0.1,0.15,0.65,2.3,0.5,1.85,1.75,1.35,1.0,1.49,1.66,0.3,0.36,1.01,1.71,0.74,1.35,1.58,1.42,1.18,1.75,1.56
字幕,字幕,zìmù,subtitle,Na,Noun,3.75,1.2,0.05,0.1,0.3,1.75,0.3,0.25,0.7,0.9,0.35,1.13,1.6,0.22,0.3,0.64,1.3,0.64,0.54,0.95,1.18,0.79,1.12,1.64
佛像,佛像,fóxiàng,buddha statue,Na,Noun,3.5,1.2,0.2,0.4,0.75,2.4,0.7,1.2,0.95,1.2,1.15,1.16,1.6,0.68,0.86,0.83,1.32,1.19,1.36,1.32,1.44,1.31,1.71,2.17
疼,疼,téng,painful,A,Adjective,1.5,1.7,0.2,0.25,2.75,3.4,0.95,1.35,1.3,0.95,0.95,1.63,1.73,0.51,0.7,1.84,1.46,1.12,1.28,1.23,1.02,1.02,3.83,2.03
全,全,quán,full,A,Adjective,2.0,0.9,0.45,0.45,0.5,2.1,0.5,0.6,0.6,0.65,0.65,1.64,1.51,1.16,1.16,1.16,1.73,1.24,1.2,1.28,1.28,1.28,0.75,1.36
成长,成長,chéngzhǎng,growing up,VH,Adjective,2.65,1.45,0.4,0.35,0.9,2.65,1.25,1.25,0.9,1.2,1.2,1.35,1.66,1.11,1.11,1.22,1.59,1.22,1.3,1.18,1.29,1.25,3.0,2.02
佳肴,佳餚,jiāyáo,dish,Na,Noun,3.4,0.85,3.45,2.65,1.45,2.9,0.85,2.0,3.05,1.75,1.2,1.28,1.35,1.72,1.8,1.12,1.58,0.96,1.61,1.75,1.44,1.33,2.12,1.83
竞争,競爭,jìngzhēng,compete,VA,Verb,2.5,1.3,0.05,0.1,0.65,2.6,1.1,1.6,1.65,1.4,1.2,1.6,1.35,0.22,0.3,0.85,1.46,1.09,1.16,1.35,1.5,1.17,2.04,1.7
厚,厚,hòu,thick,A,Adjective,3.1,0.65,0.3,0.3,2.55,2.35,0.7,1.85,1.0,0.95,0.7,1.22,1.15,0.56,0.56,1.66,1.65,1.0,1.56,1.34,1.4,1.31,1.08,1.58
关切,關切,guānqiè,care,VJ,Verb,2.45,2.15,0.05,0.1,0.95,2.75,0.7,1.75,1.7,1.1,0.75,1.6,1.71,0.22,0.3,1.07,1.61,1.0,1.61,1.71,1.34,1.22,2.08,1.85
溃疡,潰瘍,kuìyáng,ulcer,Na,Noun,2.65,0.3,0.6,0.4,2.7,2.95,0.35,0.9,2.55,1.2,0.7,1.53,0.9,1.24,0.8,1.9,1.77,0.65,1.18,1.77,1.44,1.05,3.04,1.99
叫声,叫聲,jiàoshēng,call,Na,Noun,1.1,3.95,0.1,0.15,0.2,2.55,0.35,0.6,3.05,1.25,0.8,1.37,1.32,0.3,0.48,0.51,1.56,0.57,0.8,1.86,1.41,1.29,4.04,1.9
秃,禿,tū,bald,A,Adjective,3.95,0.4,0.1,0.05,1.9,2.7,0.2,1.0,0.65,2.15,0.55,1.16,0.73,0.3,0.22,1.37,1.55,0.51,1.05,1.01,1.74,1.16,3.17,2.19
管理,管理,guǎnlǐ,manage,VC,Verb,2.15,1.7,0.1,0.05,0.65,2.05,0.75,1.5,1.9,1.25,0.75,1.56,1.76,0.3,0.22,0.85,1.72,1.04,1.43,1.73,1.61,1.26,1.33,1.43
蚕丝,蠶絲,cánsī,silk,Na,Noun,3.15,0.45,0.1,0.45,3.35,2.55,0.7,1.55,0.4,0.85,0.8,1.42,1.16,0.3,0.8,1.35,1.6,1.1,1.63,0.8,1.24,0.98,1.17,1.82
指,指,zhǐ,refer to,VG,Verb,2.95,0.7,0.25,0.35,1.6,1.9,0.65,2.7,0.6,0.8,0.8,1.4,1.35,0.89,0.91,1.46,1.55,1.19,1.79,0.92,1.03,1.12,3.46,1.87
报名,報名,bàomíng,sign up,VA,Verb,2.6,1.85,0.05,0.05,0.45,2.2,1.2,1.7,1.7,1.2,0.9,1.56,1.59,0.22,0.22,0.74,1.33,1.21,1.49,1.52,1.25,0.94,1.62,1.84
要求,要求,yāoqiú,request,VF,Verb,1.85,2.25,0.1,0.05,0.35,2.6,0.5,1.3,2.2,1.25,0.8,1.56,1.76,0.3,0.22,0.65,1.28,0.74,1.23,1.78,1.51,1.12,1.54,1.85
湿,濕,shī,wet,A,Adjective,2.4,0.55,0.25,0.55,3.45,2.75,0.55,1.15,0.9,0.95,0.7,1.5,0.74,0.54,0.8,1.2,1.44,0.86,1.24,1.09,1.2,1.05,1.29,1.43
资本,資本,zīběn,principal_sum,Na,Noun,2.05,1.05,0.05,0.1,0.15,2.95,0.5,0.5,0.75,0.6,0.5,1.36,1.07,0.22,0.3,0.48,1.32,0.87,0.87,1.04,1.11,0.74,0.62,1.28
城管,城管,chéngguǎn,urban management,Noun,Noun,3.05,2.8,0.2,0.2,0.65,2.15,1.7,1.45,1.9,1.55,1.55,1.47,1.29,0.68,0.68,0.85,1.56,1.62,1.53,1.79,1.4,1.4,1.38,1.75
鼓,鼓,gǔ,bulged,A,Adjective,3.3,3.45,0.15,0.15,2.25,2.15,1.05,2.85,1.15,1.35,1.5,1.31,1.56,0.48,0.36,1.55,1.49,1.07,1.68,1.01,1.06,1.28,1.58,1.82
久,久,jiǔ,long,VH,Adjective,1.35,0.75,0.3,0.4,0.55,2.5,0.55,0.55,0.75,0.65,0.6,1.39,1.26,0.71,0.73,0.97,1.72,0.97,0.86,1.3,1.28,0.97,0.38,0.81
传,傳,chuán,pass,VD,Verb,2.05,1.55,0.15,0.25,0.6,1.7,1.1,2.0,1.9,0.75,0.9,1.56,1.43,0.48,0.54,0.8,1.45,1.26,1.73,1.76,1.09,1.14,1.46,1.63
气候,氣候,qìhòu,clime,Na,Noun,2.1,0.85,0.3,0.5,1.25,2.65,0.4,0.35,0.5,0.6,0.7,1.41,1.19,0.78,0.92,1.48,1.31,0.66,0.65,0.92,0.97,1.14,0.58,1.19
差别,差別,chābié,difference,Na,Noun,2.85,1.95,0.95,0.9,1.1,2.65,0.35,0.7,0.55,1.0,0.7,1.39,1.56,1.5,1.45,1.45,1.28,0.65,0.9,0.97,1.22,0.95,0.67,0.99
出门,出門,chūmén,go out,VA,Verb,2.7,1.5,0.3,0.35,1.1,2.15,2.5,2.05,1.05,1.25,1.55,1.35,1.32,0.64,0.79,1.26,1.59,1.8,1.2,1.12,1.13,1.28,3.21,2.12
奸笑,奸笑,jiānxiào,sinister smile,VA,Verb,2.95,3.1,0.15,0.2,0.55,2.65,0.55,1.1,2.7,2.0,0.95,1.5,1.51,0.48,0.68,1.02,1.49,0.8,1.48,1.68,1.58,1.07,3.92,1.89
损失,損失,sǔnshī,deprivation,Na,Noun,1.9,0.55,0.1,0.15,0.5,2.65,0.55,0.65,0.8,0.95,0.45,1.51,0.74,0.3,0.36,0.81,1.42,0.92,0.91,1.29,1.63,0.8,1.38,1.78
造型,造型,zàoxíng,modeling,Na,Noun,3.4,0.25,0.1,0.4,1.05,2.3,0.85,1.7,0.8,1.7,1.2,1.36,0.7,0.3,0.58,0.97,1.52,1.11,1.58,1.03,1.65,1.36,2.71,2.01
贪婪,貪婪,tānlán,greedy,VH,Adjective,1.55,0.8,0.25,0.35,0.65,3.05,0.4,0.8,1.2,0.65,0.5,1.56,1.17,0.54,0.65,0.85,1.2,0.66,1.25,1.66,1.06,0.97,1.79,1.96
爵士,爵士,juéshì,jazz,Na,Noun,2.65,3.25,0.2,0.2,0.7,2.2,1.8,1.8,1.55,1.5,1.45,1.59,1.61,0.4,0.51,0.95,1.47,1.66,1.47,1.56,1.2,1.4,1.29,1.65
关押,關押,guānyā,hold,VC,Verb,2.7,1.35,0.1,0.25,1.0,2.5,1.4,1.8,1.1,1.45,1.45,1.38,1.28,0.3,0.54,1.05,1.12,1.2,1.25,1.09,1.2,1.32,2.83,1.89
教练,教練,jiàoliàn,coach,Na,Noun,2.5,2.0,0.1,0.25,1.3,1.85,1.65,2.0,1.9,1.4,1.3,1.5,1.64,0.3,0.62,1.38,1.31,1.53,1.48,1.76,1.39,1.45,2.75,1.9
认识,認識,rènshí,know,VJ,Verb,2.75,1.7,0.45,0.4,0.95,2.45,0.6,1.1,1.55,1.1,0.75,1.48,1.68,0.97,0.8,0.92,1.5,0.97,1.45,1.63,1.26,1.09,1.79,1.96
尸骨,屍骨,shīgǔ,bone,Na,Noun,3.1,0.5,0.3,0.45,0.95,3.05,0.95,0.95,0.85,0.65,0.7,1.41,0.97,0.9,0.8,1.36,1.5,1.5,1.28,1.39,1.11,1.0,3.25,2.44
带有,帶有,dàiyǒu,have,VJ,Verb,1.85,0.8,0.45,0.5,1.0,1.5,0.7,1.5,1.15,0.75,0.55,1.42,1.12,0.92,0.81,1.05,1.43,1.0,1.32,1.42,1.04,0.67,1.0,1.32
统一,統一,tǒngyī,unite,VHC,Verb,2.7,1.75,0.25,0.45,0.9,2.35,0.8,1.05,0.9,1.0,0.8,1.55,1.41,0.43,1.12,1.26,1.49,1.25,1.2,1.09,1.45,0.93,0.83,1.46
美食,美食,měishí,gourmet food,Na,Noun,3.2,0.95,3.55,3.25,1.35,2.65,0.5,2.05,3.0,1.25,0.8,1.33,1.24,1.86,1.64,1.39,2.01,0.74,1.72,1.58,1.3,1.03,1.96,2.07
亲人,親人,qīnrén,relative,Na,Noun,3.0,2.3,0.65,1.05,1.45,3.35,0.9,1.25,1.7,1.3,1.1,1.52,1.65,1.19,1.47,1.4,1.62,1.26,1.34,1.55,1.55,1.34,3.12,2.19
采取,採取,cǎiqǔ,take,VC,Verb,1.85,1.0,0.15,0.35,0.75,2.05,1.0,1.75,1.5,1.0,0.55,1.53,1.18,0.36,1.11,1.09,1.75,1.1,1.34,1.6,1.14,0.8,1.58,1.75
延续,延續,yánxù,continue,VJ,Verb,2.3,1.25,0.25,0.25,0.55,2.15,0.85,1.0,1.0,0.65,0.75,1.55,1.51,0.54,0.54,0.92,1.49,1.06,1.34,1.26,0.85,1.09,1.29,1.62
品行,品行,pǐnxíng,conduct,Na,Noun,2.3,1.6,0.05,0.1,0.4,2.8,0.95,1.05,1.3,1.1,0.95,1.55,1.59,0.22,0.3,0.8,1.66,1.02,1.02,1.45,1.18,1.02,1.79,2.02
娇柔,嬌柔,jiāoróu,feminine,A,Adjective,2.7,2.15,0.2,0.25,1.15,2.8,1.1,1.3,1.4,1.1,1.15,1.35,1.62,0.51,0.54,1.15,1.25,1.18,1.38,1.32,1.22,1.19,2.29,1.99
大使,大使,dàshǐ,ambassador,Na,Noun,2.8,2.0,0.1,0.15,0.5,1.8,0.8,1.3,1.5,1.05,0.75,1.54,1.67,0.3,0.48,0.87,1.57,1.03,1.45,1.63,1.24,0.94,2.08,2.23
景象,景象,jǐngxiàng,scene,Na,Noun,3.4,1.25,0.15,0.4,0.6,2.4,0.85,1.1,0.8,1.45,0.95,1.32,1.26,0.48,0.66,0.86,1.53,1.01,1.18,1.03,1.2,0.92,0.96,1.51
威势,威勢,wēishì,power and influence,Na,Noun,2.95,1.25,0.15,0.25,0.4,2.6,1.2,1.3,1.15,0.95,1.15,1.53,1.26,0.48,0.62,0.66,1.59,1.29,1.23,1.11,1.07,0.91,1.79,1.76
大学,大學,dàxué,university,Nc,Noun,3.35,2.5,0.55,0.5,1.05,2.45,1.4,1.4,1.75,1.35,1.25,1.49,1.69,1.28,0.92,1.02,1.53,1.56,1.5,1.48,1.31,1.37,2.0,2.14
决定,決定,juédìng,decide,VE,Verb,1.6,1.5,0.15,0.1,0.4,2.65,0.9,1.3,1.95,1.2,0.65,1.5,1.6,0.36,0.3,0.58,1.53,0.89,1.14,1.47,1.29,0.85,2.29,2.01
清脆,清脆,qīngcuì,crisp,A,Adjective,1.8,3.8,0.5,0.15,1.15,2.5,0.35,1.05,1.45,0.7,0.5,1.33,1.4,0.67,0.48,1.35,1.5,0.48,1.4,1.47,1.0,0.81,1.54,1.76
加,加,jiā,add,VC,Verb,2.05,0.8,0.2,0.15,0.4,2.3,0.45,0.95,0.8,0.75,0.35,1.32,0.93,0.4,0.36,0.66,1.55,0.59,0.8,1.12,1.09,0.57,1.29,1.74
启蒙,啟蒙,qǐméng,enlightenment,VB,Verb,1.95,1.75,0.35,0.35,0.85,2.4,0.85,1.15,1.65,1.4,0.9,1.56,1.61,0.73,0.73,1.24,1.46,1.19,1.31,1.62,1.62,1.22,2.0,1.89
春联,春聯,chūnlián,spring festival couplet,Na,Noun,3.45,1.05,0.4,0.75,1.65,2.65,1.15,2.2,1.45,1.35,1.4,1.32,1.16,1.11,1.18,1.39,1.49,1.19,1.75,1.36,1.39,1.43,1.67,1.95
名声,名聲,míngshēng,reputation,Na,Noun,1.5,2.1,0.1,0.1,0.55,2.65,0.35,0.5,1.5,0.65,0.4,1.5,1.64,0.3,0.3,0.74,1.42,0.65,0.67,1.57,1.19,0.86,1.79,1.98
归依,歸依,guīyī,convert,VJ,Verb,1.45,1.1,0.35,0.45,0.55,2.15,1.15,1.0,1.1,1.05,1.0,1.36,1.26,1.11,1.16,1.12,1.59,1.49,1.34,1.34,1.28,1.26,1.58,1.8
出处,出處,chūchǔ,source,Na,Noun,1.95,0.85,0.05,0.05,0.35,1.8,0.75,0.9,0.85,0.7,0.7,1.32,0.85,0.22,0.22,0.73,1.6,0.89,1.04,1.19,1.1,1.14,1.29,1.81
获得,獲得,huòdé,get,VJ,Verb,2.3,1.45,0.25,0.2,1.05,2.65,0.7,1.85,1.25,0.8,0.9,1.42,1.47,0.43,0.51,1.12,1.53,1.1,1.42,1.41,1.17,0.99,1.88,1.79
笔记,筆記,bǐjì,notes,Na,Noun,3.1,1.4,0.05,0.2,1.5,2.2,0.5,2.8,1.05,1.2,1.2,1.45,1.39,0.22,0.51,1.32,1.4,0.81,1.99,1.02,1.21,1.25,2.25,2.17
云,雲,yún,cloud,Na,Noun,3.85,0.3,0.05,0.1,0.8,1.8,0.5,0.5,0.45,1.25,0.8,1.19,0.9,0.22,0.3,0.98,1.5,0.74,0.74,0.92,1.18,1.03,1.12,1.79
时机,時機,shíjī,opportunity,Na,Noun,1.35,0.6,0.1,0.1,0.4,1.9,0.5,0.8,0.55,1.0,0.65,1.28,0.73,0.3,0.3,0.58,1.34,0.81,0.81,0.67,1.38,0.91,1.29,1.88
远,遠,yuǎn,far,VH,Adjective,3.3,1.55,0.1,0.25,0.4,2.35,1.8,1.2,0.75,1.0,1.2,1.31,1.5,0.3,0.62,0.8,1.65,1.57,1.21,0.89,1.05,1.12,0.96,1.7
用,用,yòng,use,VC,Verb,2.0,1.1,0.15,0.15,1.3,1.8,0.95,1.85,1.1,1.05,1.2,1.76,1.34,0.48,0.48,1.42,1.33,1.16,1.53,1.3,1.28,1.12,2.67,1.91
诬告,誣告,wūgào,analog,VC,Verb,2.1,2.8,0.05,0.1,0.4,2.6,0.7,0.95,2.9,1.1,0.75,1.41,1.81,0.22,0.3,0.66,1.46,0.9,0.92,1.7,1.14,0.94,2.12,2.17
也,也,yě,too,D,Adverb,0.75,0.45,0.05,0.2,0.3,1.35,0.05,0.3,0.3,0.3,0.2,0.99,0.67,0.22,0.51,0.64,1.31,0.22,0.64,0.71,0.71,0.51,0.29,0.68
拾荒,拾荒,shíhuāng,picker,VA,Verb,3.1,1.25,0.2,1.05,1.7,2.45,2.2,3.0,1.3,1.8,2.1,1.45,1.55,0.51,1.12,1.62,1.4,1.63,1.58,1.49,1.66,1.58,2.17,1.97
玫瑰,玫瑰,méiguī,rose,Na,Noun,3.95,0.55,0.75,3.3,2.35,3.05,0.95,1.95,1.3,1.35,1.1,1.12,1.16,1.13,1.52,1.68,1.47,1.2,1.5,1.38,1.49,1.34,1.08,1.58
色情,色情,sèqíng,pornography,Na,Noun,3.7,2.75,0.25,0.5,1.5,3.2,1.3,1.8,1.7,1.75,1.95,1.05,1.7,0.54,0.87,1.63,1.54,1.45,1.57,1.73,1.76,1.83,2.79,2.22
地铁,地鐵,dìtiě,subway,Na,Noun,3.35,2.6,0.3,0.7,1.5,2.25,1.8,1.7,0.9,1.25,1.6,1.28,1.69,0.78,1.05,1.53,1.7,1.69,1.42,1.41,1.41,1.43,1.96,1.95
哄抢,哄搶,hōngqiǎng,grab,Verb,Verb,3.3,3.15,0.15,0.25,1.55,2.65,1.9,2.6,1.75,1.85,1.95,1.23,1.53,0.36,0.43,1.66,1.56,1.7,2.01,1.67,1.56,1.69,3.33,2.01
天空,天空,tiānkōng,sky,Nc,Noun,3.8,0.9,0.35,0.4,0.25,2.3,0.55,0.5,0.5,2.0,0.95,1.08,1.37,0.96,0.92,0.54,1.58,0.86,0.59,0.74,1.76,1.12,1.25,1.88
照片,照片,zhàopiān,photo,Na,Noun,3.9,0.4,0.1,0.2,1.7,2.65,0.6,1.75,0.75,1.2,0.8,1.04,1.16,0.3,0.4,1.35,1.28,0.8,1.55,1.09,1.29,1.03,2.54,2.25
念书,唸書,niànshū,study,VA,Verb,3.2,3.05,0.15,0.15,1.7,2.5,0.55,1.95,2.7,1.7,1.05,1.33,1.69,0.48,0.36,1.49,1.5,0.67,1.4,1.82,1.45,1.07,3.75,1.69
穷酸,窮酸,qióngsuān,poverty,VH,Adjective,2.65,1.1,0.3,0.65,0.45,2.95,0.8,0.85,0.8,0.8,0.95,1.53,1.34,0.46,0.85,0.74,1.53,0.87,0.91,1.08,1.03,1.02,1.92,1.98
变革,變革,biàngé,change,Na,Noun,2.65,1.4,0.05,0.05,0.4,2.6,0.8,1.2,1.1,0.95,0.75,1.35,1.46,0.22,0.22,0.66,1.59,0.87,1.12,1.45,1.32,1.04,1.33,1.97
面对,面對,miànduì,face,VC,Verb,3.25,1.0,0.2,0.1,0.5,2.3,0.85,0.95,0.95,1.65,0.8,1.13,1.18,0.51,0.3,0.67,1.49,0.73,0.86,0.92,1.68,1.03,2.42,1.61
电台,電臺,diàntái,radio station,Nc,Noun,1.75,3.3,0.05,0.2,0.6,2.1,0.25,1.1,1.1,1.25,0.8,1.64,1.62,0.22,0.51,0.92,1.58,0.43,1.18,1.3,1.37,1.08,1.58,1.85
道歉,道歉,dàoqiàn,apologize,VB,Verb,2.7,3.15,0.1,0.15,0.45,2.8,0.9,1.15,2.7,1.9,1.6,1.42,1.53,0.3,0.48,0.8,1.54,0.94,1.24,1.71,1.67,1.43,3.42,1.85
壮丽,壯麗,zhuànglì,magnificent,VH,Adjective,3.9,2.05,0.25,0.25,0.6,2.8,0.85,0.9,0.95,0.8,0.95,0.99,1.63,0.7,0.7,0.86,1.69,1.11,1.04,1.07,1.03,1.02,1.08,1.38
位置,位置,wèizhì,position,Na,Noun,3.25,1.1,0.15,0.25,0.8,2.2,1.55,0.7,0.55,0.6,1.05,0.99,1.26,0.48,0.7,1.29,1.44,1.2,0.95,0.97,0.86,1.12,1.04,1.49
分享,分享,fēnxiǎng,share,VJ,Verb,2.35,2.15,0.4,0.35,0.75,2.7,0.8,1.9,2.1,1.5,1.1,1.49,1.53,0.97,0.91,1.18,1.42,1.03,1.58,1.37,1.24,1.18,2.5,1.87
狐狸,狐狸,húlí,fox,Na,Noun,3.85,2.25,0.3,1.4,1.55,2.55,1.2,1.4,1.0,1.15,1.1,1.06,1.55,0.78,1.56,1.5,1.6,1.25,1.07,1.18,1.24,1.14,0.75,1.66
夜景,夜景,yèjǐng,night view,Na,Noun,3.9,1.2,0.15,0.15,0.3,2.3,1.35,1.0,1.0,1.0,0.95,1.04,1.21,0.36,0.36,0.56,1.76,1.31,1.14,1.14,1.05,0.97,1.33,1.75
演出,演出,yǎnchū,show,VC,Verb,3.95,3.35,0.4,0.4,0.9,2.7,2.15,2.05,2.0,1.55,1.8,1.12,1.46,1.11,1.11,1.18,1.35,1.53,1.56,1.48,1.32,1.54,2.96,1.84
风味,風味,fēngwèi,flavor,Na,Noun,1.2,0.65,2.65,1.95,1.2,2.35,0.5,0.8,2.15,1.05,0.8,1.54,1.01,1.9,1.86,1.12,1.62,0.81,1.12,1.68,1.28,0.98,1.08,1.55
花蕾,花蕾,huālěi,bud,Na,Noun,3.9,0.45,0.55,2.25,1.9,2.5,0.65,1.25,0.8,0.95,0.65,1.04,0.97,1.2,1.61,1.26,1.5,0.85,1.22,0.98,1.02,0.85,0.96,1.62
作战,作戰,zuòzhàn,fight,VA,Verb,3.4,2.65,0.05,0.2,0.95,2.5,2.65,2.55,1.6,2.1,2.6,1.24,1.71,0.22,0.4,1.2,1.72,1.74,1.75,1.59,1.81,1.74,2.83,2.07
附近,附近,fùjìn,thereabouts,Nc,Noun,2.65,1.15,0.05,0.5,0.45,2.1,0.85,0.55,0.55,0.85,0.65,1.28,1.06,0.22,0.97,0.74,1.41,0.96,0.74,0.86,1.01,0.96,0.92,1.44
记录,記錄,jìlù,record,Na,Noun,2.9,1.65,0.1,0.2,0.95,1.9,0.65,2.3,1.45,1.2,0.85,1.41,1.56,0.3,0.4,1.07,1.55,0.85,1.71,1.24,1.12,0.91,2.75,1.92
光,光,guāng,naked/beamy,A,Adjective,3.6,0.4,0.1,0.15,0.8,2.25,0.45,0.7,0.55,0.8,0.55,1.11,0.92,0.3,0.36,1.12,1.48,0.74,1.14,0.92,1.08,0.92,1.17,1.86
设有,設有,shèyǒu,set,VJ,Verb,1.55,0.75,0.05,0.05,0.2,1.55,0.45,0.75,0.65,0.4,0.45,1.53,1.09,0.22,0.22,0.51,1.32,0.86,0.99,1.15,0.66,0.74,0.75,1.51
湿度,溼度,shīdù,humidity,Na,Noun,1.4,0.4,0.3,0.7,2.9,2.5,0.45,0.9,0.9,0.8,0.75,1.39,0.92,0.78,0.95,1.26,1.47,0.8,1.04,1.18,1.17,1.09,1.04,1.77
通过,通過,tōngguò,pass,VC,Verb,2.3,1.2,0.05,0.1,0.55,2.3,1.7,1.2,1.05,0.95,1.05,1.65,1.33,0.22,0.3,0.74,1.68,1.65,1.25,1.28,1.36,1.28,1.67,1.6
七月,七月,qīyuè,july,Nd,Noun,2.25,0.75,0.2,0.4,0.95,2.05,0.35,0.55,0.45,0.55,0.55,1.41,0.89,0.4,0.66,1.12,1.69,0.79,1.07,0.86,0.8,0.74,0.67,1.43
田野,田野,tiányě,field,Nc,Noun,3.35,1.45,0.45,0.85,1.4,2.25,1.35,1.35,0.9,1.0,1.05,1.19,1.43,0.8,0.96,1.39,1.61,1.28,1.31,1.3,1.18,1.24,1.33,2.03
积木,積木,jīmù,building blocks,Na,Noun,3.15,0.7,0.05,0.2,2.35,2.3,0.75,2.5,0.65,1.05,1.3,1.42,0.9,0.22,0.4,1.71,1.65,0.89,1.72,0.96,1.16,1.38,2.04,1.99
洋葱,洋蔥,yángcōng,onion,Na,Noun,3.25,0.3,3.2,3.1,2.35,2.6,0.7,1.5,1.75,1.3,1.1,1.26,0.71,1.72,1.61,1.68,1.62,1.31,1.16,1.67,1.62,1.48,1.62,2.02
情形,情形,qíngxíng,situation,Na,Noun,2.85,1.2,0.1,0.05,0.4,1.95,0.45,0.6,0.6,0.65,0.55,1.39,1.25,0.3,0.22,0.66,1.47,0.5,0.73,0.97,0.96,0.86,0.92,1.35
意境,意境,yìjìng,artistic conception,Na,Noun,2.6,1.5,0.25,0.3,0.6,2.65,0.55,0.75,0.55,0.95,0.8,1.83,1.43,0.54,0.56,0.73,1.82,0.8,1.04,0.8,1.36,1.03,1.5,1.96
温暖,溫暖,wēnnuǎn,warmth,VHC,Verb,1.75,0.8,0.55,0.6,2.55,2.8,0.5,1.15,0.7,0.65,0.85,1.61,1.08,0.92,0.92,1.32,1.75,0.87,1.19,0.9,0.91,1.11,1.5,1.5
题材,題材,tícái,theme,Na,Noun,2.35,1.35,0.15,0.25,0.45,1.9,0.4,0.6,0.7,0.55,0.45,1.39,1.53,0.36,0.54,0.67,1.64,0.8,0.8,0.9,0.74,0.67,0.92,1.35
鬼才,鬼才,guǐcái,genius,Na,Noun,2.3,1.75,0.35,0.4,0.35,1.95,0.85,0.8,0.75,0.75,0.75,1.27,1.44,0.57,0.73,0.57,1.53,1.28,1.17,1.18,1.22,1.22,1.58,1.78
浓重,濃重,nóngzhòng,strong,A,Adjective,2.7,1.15,0.55,0.95,0.65,2.4,0.4,0.5,0.95,0.8,0.5,1.49,1.35,0.8,1.16,0.91,1.36,0.8,0.87,0.97,1.03,0.92,0.83,1.46
粗,粗,cū,rough,A,Adjective,3.25,0.9,0.15,0.1,2.5,2.2,0.6,1.25,0.75,0.7,0.7,1.09,1.22,0.36,0.3,1.53,1.72,0.97,1.37,1.13,1.27,1.23,1.17,1.57
剩,剩,shèng,leftover,VJ,Verb,2.35,0.65,0.15,0.15,0.45,2.0,0.25,0.55,0.5,0.55,0.3,1.24,0.96,0.36,0.36,0.67,1.3,0.54,0.74,0.81,0.92,0.78,0.71,1.02
丛林,叢林,cónglín,jungle,Na,Noun,3.25,1.9,0.35,1.0,1.45,2.25,1.55,1.45,0.85,1.05,1.0,1.04,1.51,0.96,1.26,1.16,1.37,1.47,1.2,1.11,1.16,1.14,0.92,1.68
辩论,辯論,biànlùn,debate,VE,Verb,2.7,3.05,0.15,0.15,0.45,2.35,0.85,1.75,3.0,1.85,1.1,1.38,1.47,0.48,0.36,0.67,1.49,0.91,1.26,1.73,1.42,1.26,3.21,2.2
漫漫,漫漫,mànmàn,boundless,A,Adjective,1.9,0.8,0.05,0.2,0.35,2.15,0.85,0.65,0.5,0.5,0.5,1.37,0.98,0.22,0.4,0.65,1.62,1.24,0.79,0.87,0.74,0.67,0.96,1.54
不如,不如,bùrú,not as good as,VJ,Verb,1.85,1.0,0.7,0.65,0.8,2.5,0.7,1.0,1.2,1.1,0.75,1.42,1.18,1.19,1.24,1.33,1.47,1.23,1.26,1.47,1.45,1.18,0.71,1.43
滔滔,滔滔,tāotāo,surging,A,Adjective,3.1,2.55,0.25,0.3,0.75,2.3,0.6,0.7,1.55,0.95,0.75,1.26,1.43,0.54,0.64,1.04,1.49,0.8,0.9,1.75,1.28,1.04,1.29,1.37
诗歌,詩歌,shīgē,poetry,Na,Noun,2.3,3.05,0.1,0.1,0.3,2.4,0.7,1.15,2.45,1.45,0.8,1.31,1.63,0.3,0.3,0.64,1.56,1.1,0.96,1.8,1.5,1.08,2.17,1.77
简易,簡易,jiǎnyì,simple,VH,Adjective,2.4,0.6,0.1,0.05,0.7,2.15,0.45,1.1,0.7,0.6,0.55,1.43,0.8,0.3,0.22,0.84,1.53,0.8,1.41,1.31,0.8,0.8,0.88,1.3
女子,女子,nǚzǐ,woman,Na,Noun,3.05,2.1,0.2,1.1,1.1,2.55,1.0,1.2,1.1,1.2,1.0,1.47,1.3,0.68,1.26,1.3,1.53,1.38,1.44,1.45,1.4,1.45,3.46,2.31
商量,商量,shāngliáng,discuss,VE,Verb,2.4,2.85,0.05,0.1,0.3,2.05,0.45,1.45,2.5,1.05,0.7,1.46,1.62,0.22,0.3,0.71,1.53,0.67,1.28,1.6,1.12,0.84,3.25,1.94
采,採,cǎi,pick,VC,Verb,2.0,0.6,0.15,0.25,1.4,1.5,1.15,2.65,0.9,1.3,1.45,1.48,0.73,0.36,0.54,1.53,1.43,0.96,1.68,1.3,1.31,1.28,2.42,1.87
社会,社會,shèhuì,community,Na,Noun,2.7,1.95,0.45,0.7,0.9,2.6,1.1,1.2,1.55,1.4,1.3,1.49,1.8,0.92,1.1,1.09,1.59,1.04,1.12,1.47,1.36,1.27,1.54,2.0
上网,上網,shàngwǎng,surf the internet,VA,Verb,3.15,2.2,0.1,0.2,1.1,2.4,0.85,2.8,1.5,1.85,1.4,1.49,1.69,0.3,0.68,1.34,1.66,1.24,1.66,1.53,1.71,1.43,3.42,1.8
凹,凹,āo,concave,A,Adjective,3.25,0.4,0.05,0.05,2.1,1.65,0.35,1.1,0.4,0.5,0.5,1.09,0.97,0.22,0.22,1.41,1.42,0.73,1.18,0.92,0.97,0.81,0.62,1.41
施工,施工,shīgōng,construction,VA,Verb,3.15,2.7,0.2,0.65,1.35,2.2,1.8,2.1,1.0,1.35,1.6,1.31,1.68,0.68,0.91,1.24,1.57,1.47,1.7,1.41,1.56,1.39,3.12,1.96
乐园,樂園,lèyuán,paradise,Na,Noun,3.5,2.35,0.35,0.6,1.55,2.8,1.9,2.05,1.45,1.5,1.8,1.07,1.71,0.96,1.11,1.43,1.44,1.64,1.75,1.36,1.32,1.54,2.5,2.08
弃儿,棄兒,qìér,abandon,Na,Noun,2.8,2.0,0.25,0.35,0.95,3.15,1.25,1.5,1.45,1.4,1.3,1.4,1.48,0.54,0.79,1.12,1.31,1.37,1.5,1.69,1.56,1.45,2.83,2.03
脸谱,臉譜,liǎnpǔ,facial,Na,Noun,3.75,1.35,0.05,0.05,0.8,2.35,1.3,1.55,1.4,2.25,1.8,1.09,1.65,0.22,0.22,1.03,1.56,1.49,1.72,1.59,1.67,1.66,2.33,2.01
休息,休息,xiūxī,rest,VA,Verb,2.1,1.35,0.3,0.3,0.5,2.75,0.85,0.8,1.05,0.85,0.95,1.51,1.62,0.71,0.64,0.67,1.7,1.24,1.08,1.4,1.15,1.2,3.29,2.09
视频,視頻,shìpín,video,Na,Noun,3.85,3.1,0.05,0.05,0.45,2.0,0.45,1.2,1.1,1.45,0.8,1.11,1.51,0.22,0.22,0.74,1.48,0.8,1.57,1.37,1.24,1.03,1.88,1.99
鱼竿,魚竿,yúgān,fishing rod,Na,Noun,3.2,0.75,0.3,0.45,2.2,1.85,1.15,2.45,1.05,1.35,1.5,1.4,1.26,0.71,0.8,1.33,1.77,1.19,1.56,1.4,1.24,1.53,2.17,2.19
做为,做為,zuòwèi,be,VG,Verb,2.2,0.9,0.15,0.15,0.7,1.65,0.7,0.95,0.75,0.75,0.6,1.57,1.04,0.36,0.36,1.05,1.65,1.14,1.24,0.99,1.09,0.97,0.96,1.37
愿意,願意,yuànyì,willing,VK,Verb,1.85,1.2,0.05,0.2,0.6,2.85,0.65,0.75,1.35,0.9,0.6,1.56,1.36,0.22,0.51,0.73,1.62,0.91,1.04,1.39,1.09,0.97,1.38,1.55
俘虏,俘虜,fúlǔ,captive,Na,Noun,2.95,2.25,0.05,0.3,0.95,2.35,1.3,1.4,0.85,1.35,1.15,1.4,1.7,0.22,0.56,1.07,1.28,1.31,1.39,1.28,1.35,1.31,3.0,2.12
发芽,發芽,fāyá,germination,VA,Verb,3.1,0.55,0.05,0.1,0.95,2.25,0.55,0.95,0.4,0.75,0.5,1.45,0.97,0.22,0.3,1.02,1.55,0.97,1.24,0.86,1.26,0.87,1.5,1.89
翡翠,翡翠,fěicuì,emerald,Na,Noun,3.85,0.85,0.05,0.05,2.55,2.05,0.35,2.2,0.6,0.65,0.55,1.24,1.39,0.22,0.22,1.5,1.63,0.65,1.72,1.02,1.01,0.8,1.08,1.78
谩骂,謾罵,mànmà,abuse,VA,Verb,2.2,3.65,0.05,0.05,0.35,2.9,0.75,1.4,2.8,1.3,0.95,1.54,1.53,0.22,0.22,0.65,1.48,0.99,1.59,1.96,1.42,1.28,3.21,2.22
感到,感到,gǎndào,feel,VK,Verb,1.35,1.0,0.3,0.35,0.7,2.7,0.4,0.5,0.5,0.65,0.6,1.53,1.38,0.71,0.79,1.27,1.71,0.58,0.81,0.87,1.01,1.02,2.79,1.98
文风,文風,wénfēng,style of writing,Na,Noun,2.5,1.45,0.1,0.05,0.3,2.75,0.3,0.8,0.95,0.8,0.45,1.57,1.5,0.3,0.22,0.56,1.7,0.56,1.03,1.2,1.36,0.74,1.25,1.71
平淡,平淡,píngdàn,insipid,A,Adjective,1.8,1.15,0.95,0.65,0.65,2.1,0.15,0.4,0.95,0.55,0.45,1.29,1.01,1.2,1.06,0.96,1.41,0.36,0.8,1.28,0.8,0.74,0.83,1.37
画风,畫風,huàfēng,style of painting,Na,Noun,3.35,0.4,0.05,0.05,0.2,2.45,0.35,1.05,0.6,0.95,0.65,1.24,0.97,0.22,0.22,0.51,1.77,0.73,1.66,1.02,1.28,0.91,1.42,1.93
唱歌,唱歌,chànggē,sing,VA,Verb,2.15,4.3,0.1,0.1,0.3,2.5,0.9,1.6,3.0,1.75,1.35,1.31,1.05,0.3,0.3,0.56,1.72,0.89,1.28,1.9,1.61,1.28,3.92,2.12
信息,信息,xìnxī,information,Na,Noun,3.0,1.95,0.15,0.15,0.35,1.7,0.4,1.1,1.1,0.8,0.65,1.18,1.5,0.36,0.36,0.65,1.49,0.8,1.3,1.3,1.03,0.85,1.83,2.05
下午,下午,xiàwǔ,post_meridiem,Nd,Noun,2.2,0.85,0.3,0.35,0.55,2.0,0.5,0.9,0.75,0.6,0.6,1.33,1.24,0.9,0.79,0.86,1.82,0.97,1.18,1.13,1.02,0.92,0.46,1.19
不错,不錯,bùcuò,good,VH,Adjective,1.75,1.5,0.85,0.9,1.1,2.45,0.5,1.2,1.4,1.05,0.65,1.73,1.6,1.53,1.51,1.55,1.66,0.87,1.08,1.5,1.28,0.91,0.67,1.31
借,借,jiè,borrow,VD,Verb,1.95,1.5,0.05,0.05,0.65,1.75,0.4,2.05,2.2,0.9,0.55,1.66,1.6,0.22,0.22,0.91,1.64,0.58,1.32,1.5,1.14,0.86,2.38,1.89
下降,下降,xiàjiàng,decline,VA,Verb,2.7,1.55,0.25,0.25,0.5,2.2,0.75,0.85,0.75,0.9,0.9,1.38,1.5,0.7,0.7,0.67,1.36,0.89,0.96,1.09,1.04,0.99,1.46,1.76
教官,教官,jiàoguān,instructor,Na,Noun,2.85,2.4,0.1,0.2,0.65,2.0,1.85,1.95,1.95,1.85,2.15,1.68,1.46,0.3,0.51,0.91,1.38,1.59,1.53,1.63,1.65,1.53,2.67,2.05
羞愧,羞愧,xiūkuì,ashamed,VH,Adjective,2.25,1.1,0.05,0.15,0.6,3.05,0.65,0.9,1.1,1.6,0.7,1.44,1.18,0.22,0.48,0.8,1.66,0.91,0.99,0.94,1.5,0.9,2.0,1.71
欠缺,欠缺,qiànquē,lack,VJ,Verb,1.65,1.45,0.35,0.35,0.65,2.3,0.3,0.45,0.65,0.8,0.6,1.31,1.47,0.57,0.57,0.91,1.42,0.56,0.74,0.96,1.08,0.86,0.75,1.09
加油,加油,jiāyóu,come on,VB,Verb,2.75,3.05,0.1,0.1,0.4,2.95,1.15,2.4,2.9,1.4,1.5,1.41,1.66,0.3,0.3,0.73,1.75,1.24,1.46,1.79,1.39,1.43,2.54,1.89
内情,內情,nèiqíng,inside story,Na,Noun,1.3,0.95,0.1,0.1,0.3,2.5,0.45,0.8,1.15,0.95,0.7,1.31,1.32,0.3,0.3,0.64,1.47,0.59,0.93,1.31,1.16,0.95,1.08,1.73
清冷,清冷,qīnglěng,chilly,A,Adjective,2.5,1.45,0.15,0.35,1.15,2.6,0.3,0.4,0.4,0.55,0.55,1.4,1.53,0.36,0.57,1.01,1.62,0.56,0.58,0.92,0.8,0.74,2.54,1.98
站,站,zhàn,stand,VA,Verb,2.4,0.5,0.05,0.05,0.75,2.1,2.65,0.75,0.45,0.75,1.35,1.5,1.02,0.22,0.22,0.89,1.51,1.82,0.94,0.92,0.89,1.24,4.29,2.07
腊肠,臘腸,làcháng,sausage,Na,Noun,2.85,0.55,3.8,2.65,1.55,2.2,0.4,1.0,2.75,1.1,0.65,1.53,0.97,1.44,1.59,1.5,1.57,0.73,1.1,1.79,1.26,0.91,1.38,1.7
为主,為主,wéizhǔ,dominate,VI,Verb,1.4,0.9,0.25,0.2,0.3,1.8,0.75,0.7,0.65,0.45,0.45,1.43,1.14,0.54,0.51,0.56,1.54,1.22,1.19,1.11,0.8,0.97,0.67,1.25
向往,嚮往,xiàngwǎng,longing,VK,Verb,2.05,1.25,0.35,0.3,0.45,2.65,1.05,0.95,1.05,1.05,0.45,1.36,1.44,0.65,0.56,0.67,1.53,1.47,1.36,1.16,1.47,0.59,1.79,1.55
贵人,貴人,guìrén,nobleman,Na,Noun,2.0,1.35,0.1,0.15,0.5,2.95,0.4,0.8,1.6,1.1,0.85,1.52,1.31,0.3,0.48,0.81,1.77,0.92,0.98,1.62,1.18,1.01,2.42,2.06
桂花,桂花,guìhuā,osmanthus fragrans,Na,Noun,3.5,0.65,1.8,3.9,1.55,2.35,0.65,1.4,1.25,1.5,0.75,1.24,1.01,1.69,1.45,1.24,1.46,1.11,1.36,1.37,1.24,1.04,1.0,1.68
工作,工作,gōngzuò,work,VA,Verb,2.75,1.95,0.15,0.2,1.0,2.25,1.55,2.05,1.7,1.6,1.3,1.51,1.63,0.36,0.4,1.3,1.55,1.36,1.6,1.52,1.24,1.0,3.38,1.78
需求,需求,xūqiú,want,Na,Noun,1.95,1.1,0.1,0.2,0.45,2.7,0.5,0.9,1.55,0.85,0.65,1.5,1.22,0.3,0.4,0.74,1.68,0.92,0.94,1.4,1.01,0.91,2.21,1.66
收益,收益,shōuyì,income,Na,Noun,2.2,1.0,0.1,0.1,0.35,2.25,0.5,1.25,0.8,0.75,0.6,1.33,1.0,0.3,0.3,0.57,1.41,0.97,1.41,1.12,1.04,1.07,1.42,1.82
国家,國家,guójiā,country,Na,Noun,2.65,1.8,0.4,0.3,0.45,2.9,0.55,0.6,1.1,0.7,0.65,1.68,1.47,0.8,0.71,0.67,1.73,0.8,0.73,1.22,1.05,0.91,1.12,1.64
钞票,鈔票,chāopiào,banknote,Na,Noun,3.15,1.2,0.2,1.4,2.55,3.05,0.6,2.3,0.95,1.05,0.65,1.46,1.47,0.68,1.53,1.56,1.5,1.02,1.93,1.28,1.24,0.91,1.58,1.63
积极,積極,jījí,positive,VH,Adjective,2.1,1.1,0.1,0.1,0.45,2.15,1.6,1.8,1.5,1.25,1.25,1.3,1.09,0.3,0.3,0.67,1.65,1.39,1.5,1.47,1.18,1.26,1.42,1.68
招牌,招牌,zhāopái,sign,Na,Noun,2.95,1.25,0.75,0.35,0.6,2.35,0.8,1.05,1.4,0.95,0.5,1.47,1.34,1.26,0.73,0.92,1.42,1.12,1.32,1.71,1.2,0.81,0.92,1.58
冷然,冷然,lěngrán,frigid,A,Adjective,1.45,1.0,0.2,0.1,0.55,2.5,0.5,0.5,0.5,0.55,0.55,1.56,1.41,0.4,0.3,0.67,1.6,0.81,0.97,1.07,0.97,0.8,0.92,1.32
陵墓,陵墓,língmù,tomb,Nc,Noun,3.2,0.7,0.05,0.5,1.0,2.9,1.2,1.45,0.6,0.95,0.8,1.54,0.78,0.22,0.74,1.1,1.45,1.47,1.36,0.92,1.12,0.87,2.33,2.49
护照,護照,hùzhào,passport,Na,Noun,3.05,0.6,0.05,0.15,1.55,2.1,0.55,1.3,0.8,0.7,0.65,1.28,0.92,0.22,0.36,1.4,1.64,0.8,1.35,1.03,0.9,0.91,2.04,1.93
健康,健康,jiànkāng,healthy,VH,Adjective,2.5,1.9,0.9,0.9,1.0,2.85,1.55,1.5,1.25,1.35,1.35,1.47,1.51,1.37,1.37,1.38,1.82,1.56,1.57,1.58,1.62,1.56,3.42,2.1
产业,產業,chǎnyè,industry,Na,Noun,2.7,1.35,0.05,0.05,0.3,2.0,0.55,0.95,1.25,0.9,0.5,1.38,1.28,0.22,0.22,0.64,1.67,0.8,1.02,1.3,1.3,0.81,1.33,1.91
心灵,心靈,xīnlíng,soul,Na,Noun,0.95,0.95,0.1,0.1,0.25,2.55,0.35,0.4,0.35,0.65,0.35,1.12,1.16,0.3,0.3,0.54,1.6,0.73,0.58,0.79,1.28,0.73,2.62,2.23
认知,認知,rènzhī,cognition,VJ,Verb,2.05,1.5,0.3,0.35,0.55,2.55,0.45,0.75,0.95,1.0,0.5,1.5,1.4,1.1,1.11,1.16,1.77,0.97,0.83,1.02,1.18,0.81,2.67,2.27
讣告,訃告,fùgào,obituary,VC,Verb,2.7,2.2,0.05,0.1,0.4,3.0,0.85,1.2,1.5,1.25,0.9,1.31,1.44,0.22,0.3,0.8,1.52,1.01,1.21,1.2,1.13,0.94,2.04,2.03
侍卫,侍衛,shìwèi,guardian,Na,Noun,3.2,1.35,0.1,0.25,0.95,2.0,1.85,2.1,0.8,1.5,1.8,1.25,1.15,0.3,0.7,1.12,1.7,1.65,1.48,0.81,1.36,1.54,2.75,2.13
烈日,烈日,lièrì,scorching sun,Na,Noun,3.3,0.35,0.05,0.25,1.65,2.85,0.75,1.75,1.3,1.1,1.05,1.31,0.96,0.22,0.7,1.56,1.74,0.89,1.51,1.58,1.34,1.28,1.12,1.69
情调,情調,qíngdiào,sentiment,Na,Noun,2.4,2.0,0.4,0.5,0.85,2.8,1.15,1.25,1.45,0.9,0.95,1.59,1.76,0.8,0.87,1.24,1.29,1.53,1.3,1.5,0.99,1.12,1.67,1.97
国徽,國徽,guóhuī,national emblem,Na,Noun,3.55,0.8,0.1,0.1,1.15,3.15,0.55,1.4,1.0,1.15,0.95,1.16,1.47,0.3,0.3,1.19,1.62,0.86,1.71,1.45,1.46,1.32,1.0,1.55
构想,構想,gòuxiǎng,conception,Na,Noun,1.75,1.1,0.05,0.05,0.25,3.2,0.35,0.8,0.85,0.95,0.55,1.55,1.45,0.22,0.22,0.54,1.57,0.79,1.08,1.19,1.32,0.86,2.29,1.95
胆识,膽識,dǎnshí,courage,Na,Noun,1.65,1.2,0.15,0.15,0.2,2.85,0.7,0.85,1.2,1.0,0.8,1.42,1.33,0.36,0.36,0.51,1.49,0.95,1.06,1.4,1.3,1.17,2.38,1.89
绿,綠,lǜ,green,A,Adjective,3.95,0.2,0.35,0.4,0.2,2.1,0.3,0.4,0.45,0.35,0.45,1.16,0.68,0.73,0.66,0.51,1.45,0.71,0.86,0.8,0.73,0.86,0.79,1.5
大意,大意,dàyì,main idea,VH,Adjective,1.6,0.95,0.1,0.1,0.15,2.8,0.65,0.8,1.1,1.05,0.65,1.32,1.24,0.3,0.3,0.48,1.21,0.73,0.98,1.3,1.4,0.85,1.67,1.82
调查,調查,diàochá,probing,VE,Verb,2.9,2.0,0.15,0.35,0.8,1.85,1.6,2.05,1.8,1.3,1.1,1.48,1.67,0.48,0.65,1.33,1.42,1.62,1.43,1.6,1.31,1.14,2.29,1.79
争论,爭論,zhēnglùn,debate,Na,Noun,2.35,3.05,0.05,0.1,0.35,2.65,0.8,1.8,3.05,1.75,1.3,1.46,1.56,0.22,0.3,0.57,1.53,0.93,1.4,1.56,1.48,1.35,3.71,1.72
骨气,骨氣,gǔqì,backbone,Na,Noun,1.85,1.0,0.05,0.05,0.35,2.8,0.95,0.9,1.05,1.2,1.35,1.46,1.05,0.22,0.22,0.65,1.63,1.47,1.18,1.24,1.54,1.35,2.54,2.04
人格,人格,réngé,personality,Na,Noun,1.4,0.4,0.05,0.3,0.45,2.4,0.45,0.65,0.35,0.7,0.6,1.53,0.8,0.22,0.56,0.67,1.36,0.97,1.06,0.65,1.0,0.92,2.29,2.01
全面,全面,quánmiàn,general,D,Adverb,2.15,1.05,0.2,0.35,0.5,2.15,0.55,0.75,0.4,0.45,0.5,1.39,1.2,0.4,0.57,0.74,1.39,0.97,0.94,0.58,0.59,0.81,1.25,1.74
孤岛,孤島,gūdǎo,island,Na,Noun,3.1,1.4,0.25,0.3,0.7,2.9,1.25,1.25,1.5,1.15,1.1,1.09,1.36,0.7,0.56,1.23,1.34,1.48,1.26,1.72,1.39,1.3,0.83,1.67
极光,極光,jíguāng,aurora,Na,Noun,3.75,0.4,0.05,0.05,0.2,2.95,0.8,1.0,1.2,1.8,1.05,1.04,0.58,0.22,0.22,0.51,1.53,1.25,1.34,1.25,1.57,1.32,0.83,1.49
芳香,芳香,fāngxiāng,aromatic,VH,Adjective,1.1,0.15,1.1,3.6,0.55,2.4,0.35,0.65,1.15,0.8,0.55,1.34,0.36,1.67,1.62,1.02,1.53,0.48,0.96,1.46,1.03,0.8,1.29,1.54
非常,非常,fēicháng,most,Dfa,Adverb,1.15,0.65,0.45,0.45,0.6,2.25,0.35,0.65,0.45,0.45,0.3,1.42,0.85,0.74,0.74,0.8,1.76,0.73,0.91,0.74,0.67,0.56,0.46,0.76
世俗,世俗,shìsú,secular,Na,Noun,1.8,1.2,0.15,0.15,0.5,2.65,0.15,0.5,0.95,0.6,0.3,1.66,1.54,0.48,0.48,0.97,1.46,0.36,1.02,1.43,1.16,0.56,1.0,1.38
炸弹,炸彈,zhàdàn,bomb,Na,Noun,3.1,3.2,0.25,1.25,1.7,2.85,1.5,1.9,0.95,1.2,1.5,1.22,1.5,0.54,1.22,1.45,1.59,1.53,1.51,1.12,1.44,1.5,1.58,1.85
失去,失去,shīqù,lose,VJ,Verb,2.1,0.9,0.3,0.2,0.85,3.2,0.55,0.8,1.1,0.9,0.6,1.45,0.99,0.64,0.51,1.19,1.44,0.74,0.98,1.45,1.18,0.73,1.96,1.95
人民,人民,rénmín,mass,Na,Noun,2.4,1.75,0.45,0.25,0.65,2.65,0.9,1.3,1.35,1.3,0.9,1.56,1.58,1.07,0.54,0.79,1.35,1.18,1.52,1.65,1.55,1.22,2.33,2.15
飞镖,飛鏢,fēibiāo,dart,Na,Noun,3.2,1.3,0.1,0.15,1.45,1.4,0.9,2.7,0.65,1.55,1.85,0.93,1.55,0.3,0.36,1.28,1.32,0.99,1.71,0.65,1.47,1.46,1.83,1.89
解说,解說,jiěshuō,commentary,VC,Verb,2.2,3.6,0.1,0.05,0.2,1.8,0.65,1.25,2.6,1.45,0.85,1.4,1.32,0.3,0.22,0.51,1.29,1.11,1.44,1.98,1.56,1.24,2.92,2.06
血迹,血跡,xuèjì,blood stain,Na,Noun,3.55,0.25,0.4,1.3,1.05,2.65,0.75,1.45,1.0,1.1,1.0,1.12,0.43,0.86,1.45,1.24,1.46,1.09,1.36,1.1,1.14,1.18,3.12,2.15
雷电,雷電,léidiàn,thunderbolt,Na,Noun,3.85,3.75,0.05,0.15,0.6,3.3,1.05,0.85,0.9,1.2,1.1,1.06,1.3,0.22,0.48,1.2,1.62,1.53,1.24,1.14,1.44,1.41,0.88,1.69
使用,使用,shǐyòng,use,VC,Verb,1.95,0.9,0.1,0.1,1.15,2.0,0.75,2.25,0.8,1.0,1.25,1.69,1.3,0.3,0.3,1.35,1.48,0.83,1.76,0.98,1.34,1.26,1.96,1.74
冷峻,冷峻,lěngjùn,frosty,A,Adjective,2.3,1.1,0.05,0.05,0.75,2.5,0.6,0.7,0.55,0.85,0.75,1.42,1.3,0.22,0.22,1.09,1.2,1.02,0.95,0.86,0.91,0.83,1.0,1.32
绑匪,綁匪,bǎngfěi,kidnapper,Na,Noun,3.15,2.45,0.1,0.2,0.9,2.75,1.9,2.05,2.0,1.65,1.8,1.35,1.8,0.3,0.51,0.99,1.73,1.61,1.6,1.79,1.49,1.63,2.62,2.02
包含,包含,bāohán,include,VJ,Verb,2.4,1.05,0.15,0.2,0.5,2.1,0.35,0.75,0.7,0.65,0.55,1.36,1.16,0.36,0.4,0.74,1.51,0.65,1.26,0.9,1.01,0.92,0.88,1.24
教育,教育,jiàoyù,educate,Na,Noun,2.85,2.65,0.05,0.05,0.7,2.55,0.7,1.6,2.45,1.4,0.95,1.65,1.8,0.22,0.22,0.78,1.47,0.64,1.36,1.8,1.46,1.07,2.21,1.89
同意,同意,tóngyì,agree,VK,Verb,1.85,1.9,0.05,0.05,0.5,2.65,0.4,1.75,2.05,1.95,0.7,1.35,1.58,0.22,0.22,0.87,1.62,0.73,1.58,1.77,1.77,1.0,2.46,1.8
连接,連接,liánjiē,connect,VJ,Verb,2.75,0.8,0.2,0.1,0.9,2.25,0.5,1.55,0.65,0.8,0.85,1.44,1.12,0.51,0.3,1.04,1.51,0.67,1.36,1.11,1.21,1.11,1.92,1.71
旺盛,旺盛,wàngshèng,exuberant,VH,Adjective,3.1,0.85,0.15,0.3,0.7,2.25,0.5,0.6,0.55,0.55,0.75,1.51,1.28,0.36,0.56,0.9,1.37,0.87,0.86,0.8,0.86,0.94,2.0,1.85
具体,具體,jùtǐ,specific,VH,Adjective,1.9,0.75,0.05,0.15,0.5,1.85,0.3,0.6,0.85,0.65,0.45,1.3,1.04,0.22,0.36,0.87,1.42,0.56,0.86,1.24,1.11,0.74,0.83,1.28
勾结,勾結,gōujié,collusion,VC,Verb,2.3,1.6,0.05,0.2,0.75,1.95,0.55,1.85,1.9,0.95,0.95,1.45,1.69,0.22,0.51,1.04,1.53,0.67,1.28,1.64,1.16,1.02,1.58,1.73
物质,物質,wùzhì,substance,Na,Noun,2.85,0.55,0.2,0.2,1.35,1.9,0.4,1.0,0.8,0.7,0.65,1.31,0.97,0.4,0.4,1.31,1.55,0.73,1.26,1.17,1.0,1.01,1.0,1.68
转播,轉播,zhuǎnbō,rebroadcast,VC,Verb,3.05,2.4,0.05,0.1,0.5,1.85,0.6,0.85,1.1,1.0,0.8,1.24,1.59,0.22,0.3,0.67,1.42,0.86,1.06,1.37,1.14,1.08,1.33,1.65
膻,羶,shān,of mutton's smell,A,Adjective,1.0,0.35,3.15,3.1,0.35,2.75,0.35,0.4,1.45,0.65,0.6,1.38,0.91,1.88,1.89,0.65,1.48,0.65,0.66,1.53,1.01,0.86,1.0,1.55
深度,深度,shēndù,depth,Na,Noun,3.25,1.35,0.3,0.2,1.35,2.55,0.6,1.05,0.9,1.0,0.8,1.3,1.49,0.71,0.4,1.49,1.66,1.02,1.36,1.34,1.58,1.25,0.79,1.32
议论,議論,yìlùn,discuss,VE,Verb,2.5,3.3,0.05,0.15,0.35,2.35,0.45,1.4,2.95,1.75,1.0,1.36,1.58,0.22,0.36,0.57,1.46,0.8,1.28,1.96,1.67,1.26,3.83,1.91
恋爱,戀愛,liànài,in love,VH,Adjective,3.0,2.8,1.1,1.45,2.05,3.5,1.7,2.25,2.3,2.2,2.0,1.18,1.44,1.48,1.53,1.8,1.6,1.35,1.48,1.79,1.66,1.58,3.54,1.87
番茄,番茄,fānqié,tomato,Na,Noun,3.45,0.4,3.8,2.3,2.2,2.55,0.7,1.65,2.9,1.05,0.85,1.32,0.92,1.44,1.55,1.75,1.53,1.0,1.39,1.81,1.28,1.11,1.08,1.89
居住,居住,jūzhù,live,VA,Verb,2.35,1.25,0.4,0.65,1.2,2.35,1.4,1.65,1.05,1.3,1.4,1.39,1.41,0.97,1.06,1.25,1.42,1.36,1.49,1.32,1.45,1.46,3.0,2.06
神话,神話,shénhuà,myth,Na,Noun,2.35,2.75,0.2,0.15,0.25,2.75,0.5,0.65,1.0,1.0,0.7,1.42,1.44,0.68,0.48,0.54,1.41,0.87,0.79,1.14,1.3,1.14,0.88,1.42
斧头,斧頭,fǔtóu,ax,Na,Noun,2.95,1.4,0.05,0.15,2.35,2.55,0.95,2.6,0.8,1.3,1.75,1.16,1.46,0.22,0.36,1.35,1.5,1.12,1.5,1.03,1.45,1.48,2.17,1.86
乾净,乾淨,qiánjìng,clean,A,Adjective,1.8,0.65,0.3,0.2,0.65,1.85,0.4,0.5,0.4,0.35,0.55,1.5,0.79,0.64,0.51,1.06,1.42,0.58,0.81,0.86,0.79,0.67,1.79,1.66
花园,花園,huāyuán,garden,Nc,Noun,3.55,1.3,0.4,2.1,1.35,2.35,1.2,1.5,1.0,1.1,1.3,1.16,1.49,1.07,1.55,1.11,1.53,1.03,1.24,1.0,1.26,1.23,1.33,1.86
进去,進去,jìnqù,go in,VA,Verb,2.65,0.8,0.1,0.15,1.05,1.9,2.1,1.1,0.65,0.8,1.05,1.35,0.93,0.3,0.36,1.32,1.45,1.58,0.83,0.96,1.03,1.07,2.96,2.07
苦楚,苦楚,kǔchǔ,suffering,A,Adjective,2.3,1.15,1.15,0.35,0.3,2.95,0.5,0.55,1.3,0.7,0.45,1.49,1.24,1.71,0.91,0.56,1.32,0.67,0.8,1.31,1.19,0.67,1.5,1.91
水产,水產,shuǐchǎn,aquatic,Na,Noun,2.8,1.45,1.3,1.8,1.75,2.9,1.5,2.0,1.95,1.5,1.55,1.21,1.36,1.55,1.63,1.48,1.41,1.2,1.22,1.16,1.4,1.24,0.83,1.4
享有,享有,xiǎngyǒu,enjoy,VJ,Verb,2.2,1.25,0.45,0.3,0.85,2.35,0.55,1.4,1.35,0.8,0.55,1.5,1.18,1.24,0.78,0.91,1.11,0.86,1.5,1.42,1.12,0.67,2.17,1.91
整体,整體,zhěngtǐ,unity,Na,Noun,2.9,1.4,0.35,0.3,1.25,2.4,0.6,1.1,0.7,0.9,0.8,1.09,1.43,0.91,0.9,1.41,1.56,0.73,1.14,1.27,1.22,1.03,0.96,1.31
饥饿,飢餓,jīè,hunger,VH,Adjective,2.0,1.0,1.9,1.8,0.9,3.25,0.45,1.0,2.05,0.55,0.75,1.48,1.26,1.89,1.78,1.26,1.61,0.74,1.18,1.63,0.8,1.04,3.33,1.89
吵架,吵架,chǎojià,quarrel,VA,Verb,3.05,3.65,0.25,0.3,0.7,2.85,0.8,1.85,3.05,1.3,1.2,1.36,1.46,0.89,0.9,0.95,1.65,1.17,1.46,1.75,1.58,1.57,4.17,1.95
紧急,緊急,jǐnjí,haste,VH,Verb,2.65,2.3,0.15,0.2,0.55,3.1,1.9,1.75,1.5,1.55,1.75,1.28,1.45,0.36,0.4,0.74,1.45,1.64,1.51,1.43,1.66,1.55,1.58,1.82
真理,真理,zhēnlǐ,truth,Na,Noun,1.25,1.5,0.2,0.2,0.45,2.6,0.3,0.5,1.2,0.85,0.5,1.18,1.63,0.51,0.4,0.67,1.59,0.56,0.74,1.33,1.31,0.74,1.21,1.66
很,很,hěn,damn,Dfa,Adverb,1.25,0.95,0.6,0.5,0.65,2.4,0.5,0.7,0.6,0.6,0.55,1.37,1.28,1.2,1.16,1.24,1.74,1.12,1.14,1.24,1.16,1.16,0.75,1.56
匕首,匕首,bǐshǒu,dagger,Na,Noun,3.1,0.75,0.2,0.2,2.2,2.45,0.65,2.35,0.55,0.85,0.95,1.34,1.22,0.51,0.51,1.33,1.47,0.79,1.65,0.97,1.11,1.24,1.88,1.99
昔日,昔日,xīrì,past,Nd,Noun,1.9,1.0,0.1,0.1,0.5,2.4,0.25,0.25,0.65,0.85,0.4,1.34,1.22,0.3,0.3,0.74,1.62,0.54,0.54,1.28,1.24,0.66,0.67,1.14
蚂蚁,螞蟻,mǎyǐ,ant,Na,Noun,3.45,0.4,0.15,0.45,1.85,2.1,1.5,1.35,0.65,1.05,1.2,1.16,0.73,0.36,0.67,1.35,1.55,1.72,1.62,1.01,1.2,1.57,1.12,1.79
报纸,報紙,bàozhǐ,newspaper,Na,Noun,3.55,1.4,0.1,0.85,2.55,2.3,0.55,2.45,1.55,1.55,1.0,1.28,1.56,0.3,1.01,1.43,1.55,0.92,1.66,1.4,1.36,1.18,1.54,1.94
熟悉,熟悉,shúxī,familiar,VJ,Verb,2.4,1.6,0.75,0.65,1.05,2.5,0.45,0.7,0.9,1.05,0.8,1.32,1.32,1.13,1.11,1.24,1.47,0.67,1.05,1.34,1.2,0.87,1.54,1.66
利润,利潤,lìrùn,profit,Na,Noun,2.1,0.55,0.05,0.05,0.4,1.7,0.3,0.85,0.75,0.75,0.4,1.3,0.8,0.22,0.22,0.66,1.45,0.56,1.19,1.34,1.26,0.73,0.67,1.14
融合,融合,rónghé,fusion,VC,Verb,2.85,1.0,0.85,0.6,0.95,2.45,0.3,1.3,0.65,0.7,0.4,1.01,1.18,1.15,1.02,1.07,1.43,0.46,1.23,0.85,1.1,0.58,1.58,1.71
能源,能源,néngyuán,energy,Na,Noun,2.25,0.65,0.05,0.25,0.45,1.75,0.35,0.45,0.4,0.4,0.35,1.41,1.01,0.22,0.54,0.74,1.41,0.57,0.67,0.73,0.8,0.57,1.29,1.81
拉面,拉麪,lāmiàn,hand-pulled noodle,Noun,Noun,3.25,0.85,3.55,2.8,1.95,2.5,1.0,2.45,2.7,1.6,1.4,1.44,1.11,1.75,1.75,1.53,1.63,1.26,1.63,1.9,1.46,1.32,2.21,2.08
雪人,雪人,xuěrén,snowman,Na,Noun,3.55,0.5,0.15,0.35,3.2,2.35,1.2,2.55,1.1,1.7,1.7,1.32,0.92,0.36,0.79,1.5,1.39,1.33,1.66,1.14,1.55,1.38,1.96,2.07
质感,質感,zhìgǎn,texture,Na,Noun,2.3,0.75,0.15,0.15,3.0,2.35,0.4,1.6,0.65,0.6,0.65,1.42,0.89,0.48,0.48,1.52,1.53,0.58,1.56,1.06,0.92,1.01,1.29,1.74
年代,年代,niándài,date,Nd,Noun,2.15,1.55,0.6,0.6,0.95,2.55,0.4,0.45,0.55,0.6,0.5,1.46,1.53,1.2,1.16,1.32,1.24,0.58,0.8,0.8,0.8,0.67,0.67,1.34
对象,對象,duìxiàng,catch,Na,Noun,3.05,1.7,0.45,0.85,1.45,2.45,0.85,1.35,1.35,1.15,1.2,1.2,1.62,1.12,1.35,1.6,1.53,1.19,1.42,1.42,1.53,1.29,2.0,2.04
当,當,dāng,when,VG,Verb,1.5,0.9,0.1,0.05,0.25,1.6,0.25,0.35,0.3,0.35,0.3,1.36,0.89,0.3,0.22,0.62,1.56,0.43,0.57,0.71,0.79,0.56,0.54,1.04
风沙,風沙,fēngshā,wind and sand,Na,Noun,3.15,2.0,0.75,0.75,2.0,2.5,1.2,1.55,1.05,1.6,1.05,1.19,1.34,1.3,1.09,1.58,1.47,1.25,1.53,1.36,1.62,1.28,1.04,1.67
列车,列車,lièchē,train,Na,Noun,3.0,2.6,0.45,0.75,1.1,1.9,1.25,1.05,0.7,0.9,0.95,1.41,1.39,1.24,1.41,1.34,1.64,1.58,1.36,1.27,1.37,1.36,1.29,1.77
欢喜,歡喜,huānxǐ,joy,VK,Verb,2.7,1.85,0.5,0.4,0.85,2.75,1.15,1.6,1.95,1.3,1.25,1.42,1.68,1.02,0.97,1.24,1.55,1.19,1.39,1.6,1.31,1.34,2.67,1.95
黄,黃,huáng,yellow,A,Adjective,3.75,0.55,0.2,0.25,0.25,2.2,0.5,0.55,0.5,0.6,0.45,1.18,0.92,0.51,0.54,0.54,1.54,0.92,1.12,1.02,1.24,0.97,0.62,1.35
眷恋,眷戀,juànliàn,nostalgia,VJ,Verb,2.05,1.3,0.15,0.15,1.0,3.0,0.6,1.3,1.2,1.05,0.65,1.53,1.55,0.36,0.36,1.41,1.58,0.86,1.38,1.25,1.02,0.79,2.12,2.13
夙愿,夙願,sùyuàn,long -cherished wish,Na,Noun,1.8,1.3,0.15,0.15,0.45,2.9,0.7,0.8,0.9,0.8,0.4,1.66,1.35,0.36,0.36,0.67,1.51,1.19,1.21,1.3,1.33,0.73,1.88,1.92
深思,深思,shēnsī,think,VE,Verb,1.8,0.75,0.1,0.05,0.5,2.6,0.55,0.95,0.55,1.45,0.7,1.4,1.04,0.3,0.22,0.97,1.59,0.92,1.12,0.8,1.32,1.0,2.83,1.67
费用,費用,fèiyòng,retainer,Na,Noun,2.3,0.85,0.15,0.25,0.6,1.95,0.4,1.35,1.0,0.7,0.7,1.35,1.01,0.48,0.54,0.73,1.5,0.73,1.31,1.05,1.19,1.05,1.04,1.4
投机,投機,tóujī,speculation,VH,Adjective,1.55,0.65,0.1,0.2,0.55,2.0,0.85,1.25,0.8,0.8,0.7,1.28,0.73,0.3,0.68,0.74,1.38,1.01,1.26,1.25,1.21,1.05,2.64,1.85
上古,上古,shànggǔ,ancient times,Nd,Noun,1.5,1.05,0.2,0.3,0.65,2.25,0.35,0.4,0.55,0.55,0.45,1.4,1.2,0.51,0.64,1.06,1.22,0.65,0.8,0.92,1.07,0.97,0.91,1.2
师范,師範,shīfàn,teacher,A,Adjective,2.4,1.65,0.2,0.15,0.5,2.1,0.6,1.05,1.35,0.95,0.65,1.24,1.59,0.51,0.36,0.67,1.37,0.73,1.16,1.62,1.24,0.91,2.14,1.98
飞,飛,fēi,fly,VA,Verb,3.2,1.25,0.1,0.15,0.95,2.7,1.35,1.95,0.5,1.15,1.65,1.29,1.34,0.3,0.48,1.12,1.45,1.35,1.63,0.81,1.28,1.53,3.36,2.03
行踪,行蹤,xíngzōng,whereabouts,Na,Noun,2.85,1.5,0.3,0.6,0.65,1.95,1.7,1.15,1.0,0.8,1.15,1.28,1.12,0.64,1.02,1.06,1.28,1.65,1.24,1.38,1.08,1.19,3.41,1.8
足迹,足跡,zújì,footprint,Na,Noun,3.0,0.85,0.1,0.4,0.85,1.55,2.55,0.85,0.45,0.75,1.1,1.22,1.19,0.3,0.8,1.01,1.24,1.77,1.15,0.8,1.13,1.34,4.0,1.98
蓝,藍,lán,blue,A,Adjective,3.85,0.35,0.1,0.1,0.4,2.15,0.3,0.3,0.35,0.4,0.4,1.06,0.65,0.3,0.3,0.66,1.53,0.71,0.64,0.73,0.8,0.86,0.91,1.41
黎明,黎明,límíng,dawn,Nd,Noun,3.45,1.15,0.2,0.1,0.3,2.6,0.65,0.85,0.75,1.3,0.8,1.12,1.15,0.51,0.3,0.71,1.5,1.01,1.24,1.18,1.35,1.03,1.41,1.72
机场,機場,jīchǎng,airport,Nc,Noun,3.45,2.8,0.25,0.6,0.75,2.2,1.45,1.15,1.25,1.3,1.25,1.12,1.29,0.89,1.28,0.77,1.57,1.28,1.01,1.18,1.31,1.26,2.14,1.82
观念,觀念,guānniàn,idea,Na,Noun,1.5,1.5,0.15,0.1,0.25,2.5,0.4,0.4,1.05,0.8,0.5,1.43,1.53,0.36,0.3,0.54,1.28,0.86,0.58,1.36,1.29,0.81,2.68,2.08
利用,利用,lìyòng,use,VC,Verb,2.05,1.1,0.15,0.2,0.85,2.3,1.05,1.6,1.3,0.85,0.75,1.47,1.22,0.36,0.51,1.01,1.38,1.24,1.5,1.38,1.24,0.89,2.64,1.92
卓越,卓越,zhuóyuè,excellence,VH,Adjective,2.45,1.65,0.3,0.35,0.35,2.6,0.35,1.1,0.95,0.6,0.6,1.32,1.39,0.71,0.79,0.57,1.71,0.65,1.14,1.02,0.8,0.8,2.36,1.82
主管,主管,zhǔguǎn,boss,Na,Noun,2.75,1.85,0.1,0.2,0.5,1.8,0.95,1.3,1.95,1.0,1.05,1.34,1.35,0.3,0.51,0.74,1.4,0.86,1.14,1.66,1.05,1.07,3.45,1.8
公民,公民,gōngmín,citizen,Na,Noun,2.55,1.5,0.15,0.1,0.5,2.35,0.7,0.8,0.7,0.65,0.85,1.5,1.43,0.48,0.3,0.81,1.56,0.95,0.98,0.84,0.91,1.11,3.77,2.07
音响,音響,yīnxiǎng,sound,Na,Noun,2.55,4.05,0.05,0.1,1.15,2.2,1.2,1.5,1.0,1.1,1.05,1.36,1.36,0.22,0.3,1.24,1.54,1.33,1.57,1.18,1.34,1.36,1.86,1.74
骗局,騙局,piànjú,scam,Na,Noun,2.3,2.2,0.15,0.1,0.45,2.6,0.65,1.15,1.45,0.85,0.85,1.49,1.4,0.36,0.3,0.74,1.53,0.85,1.19,1.69,1.35,1.19,2.09,1.68
自豪,自豪,zìháo,pride,VH,Adjective,2.35,1.8,0.05,0.05,0.45,3.3,0.85,1.2,0.9,0.9,0.95,1.46,1.47,0.22,0.22,0.67,1.19,1.28,1.08,1.04,0.94,1.07,3.14,1.82
澳门,澳門,àomén,macau,Nc,Noun,2.9,2.2,0.6,0.3,0.45,2.35,1.15,1.25,0.95,1.05,0.9,1.41,1.75,0.97,0.71,0.8,1.46,1.46,1.3,1.2,1.28,1.14,1.05,1.33
脉搏,脈搏,màibó,pulse,Na,Noun,1.35,1.85,0.15,0.1,3.75,2.75,0.8,2.9,1.15,1.2,1.25,1.24,1.71,0.48,0.3,1.3,1.55,1.08,1.64,1.46,1.44,1.37,4.68,1.77
发生,發生,fāshēng,occur,VJ,Verb,2.6,1.65,0.15,0.25,0.85,2.05,0.55,0.85,0.8,0.9,0.75,1.53,1.59,0.36,0.54,1.06,1.4,0.74,1.24,1.08,1.14,1.04,2.09,1.7
殴打,毆打,ōudǎ,bend,VC,Verb,3.1,2.35,0.05,0.1,2.05,2.85,2.3,2.75,1.8,1.7,2.3,1.18,1.53,0.22,0.3,1.75,1.35,1.55,1.67,1.36,1.38,1.49,4.27,2.09
罅隙,罅隙,xiàxì,gap,Na,Noun,2.4,0.35,0.1,0.05,0.85,1.9,0.45,0.55,0.4,0.5,0.6,1.28,0.57,0.3,0.22,1.06,1.55,0.74,0.74,0.73,0.92,1.02,1.36,1.46
拱桥,拱橋,gǒngqiáo,arch bridge,Na,Noun,3.35,0.35,0.05,0.15,0.9,1.8,0.95,0.6,0.45,0.6,0.9,1.19,0.73,0.22,0.36,0.99,1.47,1.47,0.86,0.74,0.73,1.26,1.64,1.64
专家,專家,zhuānjiā,expert,Na,Noun,2.65,1.9,0.05,0.1,0.5,1.95,0.35,0.85,1.3,0.65,0.55,1.46,1.58,0.22,0.3,0.87,1.43,0.48,0.96,1.55,0.96,0.74,3.41,1.92
也许,也許,yěxǔ,potentially,D,Adverb,0.6,0.6,0.05,0.05,0.15,2.05,0.2,0.2,0.3,0.25,0.15,0.97,0.8,0.22,0.22,0.48,1.56,0.68,0.51,0.56,0.54,0.48,1.05,1.49
拥挤,擁擠,yōngjǐ,crowded,VH,Adjective,3.2,1.7,0.1,0.3,2.55,2.75,2.0,2.15,1.45,1.95,2.15,1.29,1.45,0.3,0.78,1.53,1.48,1.61,1.59,1.47,1.53,1.65,3.55,2.06
购买,購買,gòumǎi,buy,VC,Verb,2.4,1.5,0.2,0.3,1.0,2.0,1.1,2.2,1.9,1.0,1.1,1.59,1.69,0.51,0.56,1.1,1.52,0.89,1.29,1.61,1.1,1.09,3.5,1.92
具有,具有,jùyǒu,have,VJ,Verb,2.0,0.95,0.45,0.45,0.65,1.95,0.55,1.2,0.9,0.65,0.4,1.41,1.24,0.97,0.97,1.06,1.77,0.8,1.4,1.26,0.96,0.58,2.27,1.96
脑海,腦海,nǎohǎi,mind,Nc,Noun,1.35,0.65,0.15,0.15,0.25,2.6,0.3,0.35,0.45,1.2,0.25,1.42,1.01,0.36,0.48,0.77,1.53,0.71,0.73,0.97,1.47,0.62,4.0,2.04
皮具,皮具,píjù,leather goods,Noun,Noun,2.8,0.65,0.35,1.35,2.55,1.95,0.3,1.1,0.55,0.5,0.55,1.5,1.11,1.11,1.46,1.69,1.4,0.46,1.14,0.97,0.87,0.74,1.86,1.74
万物,萬物,wànwù,everything,Na,Noun,2.5,1.55,0.75,0.8,1.15,2.15,0.6,0.7,0.85,0.75,0.65,1.47,1.66,1.34,1.29,1.35,1.53,0.97,1.0,1.19,1.04,1.01,2.05,1.97
专业,專業,zhuānyè,major,VH,Adjective,1.95,1.75,0.45,0.55,0.65,2.2,0.75,1.2,1.1,1.1,0.8,1.36,1.37,0.97,1.02,1.01,1.47,1.13,1.36,1.3,1.51,1.12,2.27,1.84
寥寥,寥寥,liáoliáo,sparse,A,Adjective,2.4,1.45,0.1,0.25,0.5,2.25,0.4,0.45,0.35,0.5,0.45,1.11,1.28,0.3,0.7,0.74,1.64,0.49,0.59,0.79,0.87,0.59,0.86,1.01
拐卖,拐賣,guǎimài,trafficking,VD,Verb,2.75,2.15,0.05,0.05,1.1,3.1,1.75,2.05,1.95,1.85,1.95,1.55,1.74,0.22,0.22,1.37,1.79,1.48,1.63,1.53,1.49,1.32,4.14,2.1
录音,錄音,lùyīn,recording,VB,Verb,1.25,3.75,0.1,0.1,0.4,1.8,0.35,1.1,1.7,0.8,0.5,1.37,1.3,0.3,0.3,0.66,1.36,0.65,1.45,1.73,1.33,0.87,3.14,2.03
发表,發表,fābiǎo,publish,VC,Verb,2.55,1.9,0.05,0.05,0.85,2.1,0.5,1.7,1.3,1.15,0.7,1.47,1.3,0.22,0.22,1.19,1.48,0.81,1.42,1.19,1.46,0.78,3.36,1.97
复杂,複雜,fùzá,complex,VH,Adjective,2.75,1.8,0.7,0.75,1.1,2.55,0.6,1.1,1.05,1.2,0.8,1.34,1.5,1.27,1.34,1.45,1.63,0.86,1.09,1.28,1.47,1.17,1.77,1.76
表扬,表揚,biǎoyáng,praise,VC,Verb,2.45,2.65,0.15,0.1,0.65,2.7,0.85,1.95,2.25,1.15,1.1,1.43,1.62,0.48,0.44,0.91,1.73,1.06,1.47,1.67,1.06,1.14,3.45,1.72
漂亮,漂亮,piàoliàng,pretty,VH,Adjective,4.0,1.0,0.15,0.3,0.85,3.25,0.75,1.15,1.25,1.4,0.9,1.0,1.05,0.36,0.56,1.15,1.61,1.26,1.39,1.37,1.53,1.37,3.18,2.1
送,送,sòng,deliver,VD,Verb,2.45,1.15,0.1,0.2,0.9,2.0,1.45,2.25,1.75,1.25,1.2,1.36,1.24,0.3,0.51,1.37,1.7,1.5,1.26,1.41,1.26,1.25,3.23,2.13
状况,狀況,zhuàngkuàng,situation,Na,Noun,2.55,1.65,0.15,0.35,0.65,2.45,0.8,0.95,0.95,0.9,0.75,1.32,1.53,0.36,0.65,0.85,1.56,0.98,1.07,0.97,1.14,1.04,2.14,1.82
股票,股票,gǔpiào,stock,Na,Noun,2.8,0.95,0.05,0.05,0.4,2.45,0.55,1.25,0.7,1.2,0.7,1.47,1.02,0.22,0.22,0.66,1.47,1.12,1.13,0.9,1.33,0.95,1.55,1.85
运作,運作,yùnzuò,operate,VA,Verb,2.25,1.2,0.1,0.05,0.75,1.75,1.05,2.1,1.25,0.8,0.8,1.34,1.25,0.3,0.22,1.13,1.61,1.2,1.76,1.48,1.36,1.03,2.77,1.86
题目,題目,tímù,topic,Na,Noun,3.05,1.3,0.1,0.05,0.35,2.05,0.7,2.0,0.95,0.95,0.7,1.28,1.38,0.3,0.22,0.73,1.6,1.23,1.64,0.86,1.12,1.0,1.59,1.7
投票,投票,tóupiào,vote,VA,Verb,2.75,1.7,0.1,0.1,0.85,2.45,0.9,2.65,1.55,1.25,1.05,1.61,1.62,0.3,0.44,1.11,1.4,0.99,1.71,1.4,1.34,1.24,3.64,1.69
计划,計劃,jìhuà,intention,Na,Noun,2.65,1.55,0.2,0.2,0.55,2.15,0.7,1.8,1.35,1.0,0.55,1.31,1.6,0.4,0.51,0.8,1.65,1.0,1.54,1.35,1.22,0.86,3.05,1.82
深刻,深刻,shēnkè,profound,VH,Adjective,2.25,1.25,0.3,0.3,0.65,2.8,0.6,0.5,0.55,0.9,0.55,1.44,1.41,0.71,0.71,1.01,1.63,1.07,0.92,0.8,1.3,1.02,1.86,1.74
获,獲,huò,obtain,VJ,Verb,1.9,0.75,0.15,0.25,0.75,1.8,0.45,1.65,0.65,0.55,0.7,1.45,1.04,0.36,0.54,1.09,1.63,0.67,1.39,0.85,0.86,0.95,2.45,1.99
上海,上海,shànghǎi,shanghai,Nc,Noun,3.35,2.55,1.0,0.8,1.0,2.5,1.35,1.5,1.55,1.2,1.4,1.46,1.63,1.26,1.17,1.18,1.66,1.46,1.36,1.5,1.25,1.32,1.32,1.79
元气,元氣,yuánqì,vitality,Na,Noun,2.15,1.55,0.15,0.15,0.65,3.0,1.0,1.4,1.2,1.0,1.3,1.59,1.32,0.36,0.36,0.85,1.7,1.18,1.32,1.17,1.05,1.19,3.0,2.0
横幅,橫幅,héngfú,banner,Na,Noun,3.35,0.65,0.05,0.15,1.05,1.75,0.7,2.0,0.65,0.8,0.9,1.06,1.06,0.22,0.48,0.8,1.51,0.78,1.61,0.91,1.03,1.09,1.64,1.64
投资,投資,tóuzī,invest,VC,Verb,2.1,1.15,0.15,0.15,0.45,1.9,0.65,1.55,1.05,1.15,0.6,1.34,0.91,0.36,0.48,0.67,1.51,0.73,1.07,0.97,1.24,0.73,2.86,2.07
墓碑,墓碑,mùbēi,tombstone,Na,Noun,3.35,0.7,0.15,0.2,1.55,2.4,0.95,1.05,1.0,1.2,1.1,1.31,1.0,0.48,0.4,1.07,1.43,1.02,1.02,1.3,1.29,1.37,2.5,1.97
多,多,duō,many,VH,Adjective,3.2,1.05,0.2,0.3,1.0,2.25,0.3,0.9,0.5,0.35,0.25,1.29,1.36,0.4,0.56,1.38,1.64,0.64,1.26,0.92,0.73,0.54,1.32,1.74
造化,造化,zàohuà,good fortune,Na,Noun,1.15,0.5,0.1,0.15,0.3,2.4,0.3,0.3,0.2,0.3,0.4,1.15,0.81,0.3,0.48,0.71,1.69,0.71,0.56,0.68,0.64,0.8,2.32,2.03
涵盖,涵蓋,hángài,cover,VJ,Verb,2.1,1.05,0.35,0.3,0.45,1.75,0.4,0.7,0.5,1.0,0.7,1.34,1.24,0.73,0.56,0.74,1.44,0.73,0.95,0.81,1.22,0.95,1.64,1.77
呻吟,呻吟,shēnyín,moan,VA,Verb,1.65,3.75,0.15,0.05,0.2,2.55,0.85,1.25,3.0,1.1,0.95,1.49,1.34,0.36,0.22,0.6,1.69,1.15,1.22,1.67,1.45,1.28,4.05,1.82
背后,背後,bèihòu,behind,Nc,Noun,2.25,0.8,0.15,0.1,0.9,1.95,0.65,0.85,0.6,0.75,1.2,1.26,1.03,0.48,0.3,0.99,1.53,0.85,1.11,0.92,1.04,1.17,3.0,2.07
玩,玩,wán,play,VC,Verb,2.95,2.1,0.2,0.25,1.25,2.75,2.2,2.65,1.7,1.6,2.0,1.2,1.51,0.4,0.43,1.41,1.58,1.54,1.59,1.49,1.43,1.55,4.14,2.16
满足,滿足,mǎnzú,satisfy,VHC,Verb,2.15,1.5,0.95,0.7,1.0,3.0,0.45,0.9,1.05,0.9,0.8,1.53,1.57,1.12,1.1,1.22,1.7,0.86,1.22,1.24,1.22,1.21,3.23,1.88
依恋,依戀,yīliàn,attachment,VJ,Verb,2.15,1.5,0.55,0.35,1.15,3.05,0.95,1.6,1.15,1.5,1.2,1.24,1.53,1.12,0.91,1.24,1.69,1.24,1.32,1.31,1.5,1.36,3.68,1.69
增加,增加,zēngjiā,increase,VHC,Verb,2.6,1.25,0.55,0.55,0.85,2.1,0.5,0.9,0.65,0.55,0.7,1.28,1.48,1.12,1.07,1.28,1.55,0.92,0.94,1.06,0.74,0.78,1.86,1.77
皮蛋,皮蛋,pídàn,preserved egg,Na,Noun,3.15,0.45,3.85,2.95,2.25,2.6,0.65,1.85,3.1,1.15,0.8,1.49,1.12,1.77,1.8,1.67,1.66,1.19,1.39,1.67,1.31,1.03,1.91,2.17
晚节,晚節,wǎnjié,integrity in one's later years,Na,Noun,1.15,0.85,0.1,0.15,0.3,2.15,0.25,0.45,0.4,0.65,0.25,1.31,1.19,0.3,0.48,0.64,1.59,0.54,0.8,0.66,1.11,0.54,1.86,1.69
带,帶,dài,bring,VC,Verb,1.75,0.65,0.25,0.3,0.75,1.8,0.6,1.9,0.65,0.45,0.65,1.37,0.96,0.43,0.56,1.04,1.75,0.66,1.34,0.73,0.74,0.65,2.73,1.89
枯草,枯草,kūcǎo,deed,Na,Noun,3.4,1.05,0.25,0.75,2.3,2.3,0.65,1.1,0.65,0.7,0.6,1.07,1.36,0.43,0.89,1.31,1.42,0.79,1.04,1.11,1.05,0.86,0.86,1.29
长大,長大,zhǎngdà,grow up,VH,Adjective,2.75,1.45,0.15,0.15,0.9,2.4,1.15,1.1,0.95,1.05,1.15,1.22,1.4,0.48,0.48,1.3,1.39,1.24,1.14,1.28,1.24,1.19,4.18,1.92
作为,作為,zuòwéi,be,VG,Verb,1.65,0.85,0.05,0.05,0.4,1.85,0.6,0.75,0.65,0.55,0.55,1.39,0.96,0.22,0.22,0.66,1.62,0.86,0.89,0.91,0.8,0.67,2.68,1.82
背叛,背叛,bèipàn,betray,VC,Verb,2.35,1.95,0.1,0.25,0.55,3.4,1.0,1.35,1.75,1.25,1.0,1.49,1.56,0.3,0.77,0.92,1.69,0.95,0.96,1.41,1.3,0.84,3.0,1.71
滑,滑,huá,smooth,A,Adjective,2.55,0.6,0.2,0.2,3.3,2.85,2.05,1.65,0.65,0.7,1.35,1.2,0.86,0.51,0.51,1.49,1.42,1.32,1.06,0.85,0.84,1.11,2.73,2.09
剧院,劇院,jùyuàn,theater,Nc,Noun,3.35,2.95,0.15,0.2,0.8,2.7,1.35,1.45,1.25,1.55,1.4,1.15,1.5,0.36,0.4,0.98,1.35,1.42,1.47,1.37,1.36,1.28,2.05,1.74
病床,病牀,bìngchuáng,bed,Noun,Noun,3.15,1.2,0.4,1.25,1.85,2.5,1.4,1.65,1.6,1.5,1.55,1.35,1.36,1.11,1.44,1.53,1.6,1.39,1.49,1.56,1.4,1.43,2.68,2.14
咆哮,咆哮,páoxiāo,roar,VA,Verb,2.55,3.8,0.15,0.1,0.35,2.7,0.65,0.7,3.2,1.6,1.15,1.2,1.5,0.48,0.3,0.65,1.65,1.15,0.9,1.69,1.5,1.35,3.86,2.28
快,快,kuài,quick,VH,Adjective,2.65,1.2,0.1,0.2,0.5,2.5,1.8,1.5,1.2,0.75,0.9,1.39,1.44,0.3,0.51,0.74,1.75,1.72,1.47,1.44,1.26,1.26,2.55,1.97
躺,躺,tǎng,lie,VA,Verb,2.55,0.45,0.1,0.15,1.2,2.4,1.45,1.35,0.65,1.3,1.75,1.36,0.74,0.3,0.48,1.17,1.53,1.4,1.35,1.01,1.35,1.41,4.32,1.92
凄凉,淒涼,qīliáng,bleak,A,Adjective,2.95,1.85,0.15,0.1,0.8,2.9,0.6,0.5,0.55,0.6,0.6,1.07,1.39,0.36,0.3,1.08,1.64,1.07,0.81,0.86,0.97,1.02,1.95,1.43
受伤,受傷,shòushāng,crush,VH,Verb,2.75,1.0,0.15,0.3,1.75,2.75,1.2,1.7,1.1,1.15,1.3,1.3,1.1,0.36,0.71,1.87,1.44,1.17,1.27,1.14,1.31,1.31,4.18,1.99
帮助,幫助,bāngzhù,help,VC,Verb,2.2,1.25,0.1,0.05,0.55,2.55,1.05,1.8,1.5,1.0,0.85,1.44,1.44,0.3,0.22,0.8,1.56,0.97,1.29,1.28,0.95,1.06,3.68,1.74
位于,位於,wèiyú,lie in,VCL,Verb,2.15,0.55,0.1,0.25,0.65,2.0,0.95,0.75,0.35,0.45,0.7,1.42,0.74,0.3,0.54,1.01,1.52,0.92,1.04,0.65,0.67,0.84,1.73,1.6
答案,答案,dá'àn,answer,Na,Noun,3.0,1.9,0.15,0.1,0.35,2.3,0.7,1.05,1.2,0.8,0.55,0.95,1.37,0.36,0.3,0.57,1.76,1.0,1.28,1.36,1.17,0.86,1.86,2.03
亲友,親友,qīnyǒu,relatives and friends,Na,Noun,2.8,2.0,0.1,0.15,1.05,2.65,0.75,1.3,1.55,1.0,0.85,1.25,1.55,0.3,0.36,1.16,1.71,0.94,1.05,1.77,1.22,1.19,3.82,2.21
小我,小我,xiǎowǒ,ego,Nh,Pronoun,1.25,0.95,0.05,0.05,0.5,2.4,0.4,0.45,0.35,0.5,0.45,1.51,1.16,0.22,0.22,0.74,1.62,0.8,0.67,0.79,0.97,0.74,2.91,2.13
生产,生產,shēngchǎn,production,VC,Verb,2.45,1.8,0.15,0.2,0.8,2.15,1.15,1.9,0.85,1.25,1.15,1.43,1.44,0.36,0.68,1.03,1.56,1.46,1.48,1.24,1.37,1.46,3.5,1.85
情歌,情歌,qínggē,love song,Na,Noun,1.65,3.75,0.1,0.15,0.45,2.6,0.95,1.75,2.9,1.85,1.25,1.31,1.3,0.3,0.36,0.67,1.66,1.32,1.44,1.87,1.53,1.3,2.55,2.02
雄伟,雄偉,xióngwěi,majestic,VH,Adjective,3.25,1.25,0.05,0.15,0.7,2.75,0.8,1.0,0.75,0.9,0.85,1.04,1.26,0.22,0.36,1.1,1.61,1.17,1.22,1.09,1.18,1.28,1.82,1.56
飞机,飛機,fēijī,aircraft,Na,Noun,3.45,2.75,0.35,0.6,1.25,2.65,1.15,1.25,1.05,1.4,1.0,1.07,1.44,1.11,1.39,1.34,1.77,1.15,1.09,1.2,1.43,1.18,2.45,1.92
喝彩,喝彩,hècǎi,applause,VB,Verb,2.45,3.6,0.15,0.1,0.55,2.9,0.8,1.9,2.85,1.45,1.0,1.4,1.32,0.36,0.3,0.8,1.73,1.03,1.45,1.77,1.16,1.1,3.95,1.66
话题,話題,huàtí,topic,Na,Noun,2.0,2.75,0.05,0.05,0.2,2.0,0.5,0.75,2.2,0.9,0.5,1.38,1.55,0.22,0.22,0.51,1.45,1.02,0.89,1.6,1.18,0.81,2.27,1.86
读音,讀音,dúyīn,pronunciation,Na,Noun,1.25,3.8,0.05,0.1,0.2,2.2,0.45,0.7,2.5,0.95,0.65,1.37,1.17,0.22,0.3,0.51,1.72,0.8,1.05,1.83,1.07,0.85,3.5,1.97
犹豫,猶豫,yóuyù,hesitate,VK,Verb,2.25,1.0,0.05,0.1,0.6,2.9,0.8,0.8,1.35,1.0,0.85,1.13,1.26,0.22,0.3,0.86,1.58,0.81,0.98,1.49,1.34,1.15,3.05,1.36
少,少,shǎo,few,VH,Adjective,2.65,1.1,0.45,0.5,0.95,2.65,0.65,1.0,0.7,0.75,0.65,1.06,1.26,0.74,0.87,1.24,1.46,0.79,0.95,1.05,1.09,0.96,1.23,1.68
依依,依依,yīyī,be reluctant to part,A,Adjective,1.8,1.05,0.1,0.1,0.8,2.4,0.7,0.8,0.5,0.6,0.65,1.36,1.4,0.3,0.3,1.12,1.77,0.64,0.93,0.81,0.73,0.73,1.73,1.86
九月,九月,jiǔyuè,september,Nd,Noun,2.15,0.85,0.1,0.1,0.4,2.15,0.3,0.35,0.35,0.4,0.3,1.19,1.06,0.3,0.3,0.66,1.49,0.56,0.85,0.65,0.8,0.56,0.95,1.58
凝重,凝重,níngzhòng,stony,A,Adjective,2.45,1.2,0.15,0.2,0.45,2.65,0.4,0.4,0.45,1.1,0.5,1.12,1.12,0.48,0.51,0.59,1.53,0.73,0.66,0.74,1.37,0.81,2.36,1.8
活动,活動,huódòng,natural_process,Na,Noun,2.85,2.3,0.1,0.1,0.7,2.2,2.1,2.15,1.35,1.6,2.0,1.28,1.31,0.3,0.3,1.05,1.47,1.7,1.68,1.35,1.53,1.67,3.55,1.5
根源,根源,gēnyuán,source,Na,Noun,1.85,0.9,0.15,0.15,0.55,2.6,0.7,0.55,0.55,0.45,0.4,1.35,1.09,0.36,0.48,0.86,1.59,0.95,0.8,0.86,0.67,0.66,1.73,1.71
蝴蝶,蝴蝶,húdié,butterfly,Na,Noun,3.65,0.7,0.05,0.65,1.8,2.25,0.8,1.75,0.8,0.9,1.0,0.96,0.9,0.22,1.06,1.44,1.61,0.98,1.55,1.12,1.22,1.3,1.59,1.7
墓穴,墓穴,mùxué,grave,Na,Noun,3.2,0.95,0.1,0.55,0.85,2.45,1.3,1.2,0.7,0.8,0.75,1.29,1.24,0.3,0.8,0.91,1.5,1.49,1.29,1.27,0.98,0.94,2.36,1.61
余韵,餘韻,yúyùn,after rhyme,Na,Noun,2.1,2.2,0.25,0.2,0.3,2.95,0.6,0.65,1.2,0.85,0.7,1.61,1.47,0.43,0.4,0.64,1.36,0.8,0.91,1.36,1.06,0.84,1.82,1.85
心醉,心醉,xīnzuì,intoxicated,VI,Verb,1.55,0.95,0.25,0.2,0.3,2.55,0.4,0.65,0.55,0.85,0.75,1.32,0.86,0.54,0.68,0.64,1.53,0.8,0.85,0.74,1.15,1.09,3.18,1.67
固定,固定,gùdìng,fixed,VHC,Verb,2.3,0.7,0.1,0.05,1.05,2.25,0.65,1.85,0.55,0.65,0.85,1.19,0.84,0.3,0.22,1.28,1.61,0.79,1.42,0.86,0.91,0.85,2.23,1.83
空难,空難,kōngnàn,air crash,Na,Noun,3.45,2.4,0.3,0.65,1.15,3.35,1.8,2.0,1.55,1.75,1.65,1.36,1.69,1.1,1.35,1.65,1.59,1.54,1.61,1.75,1.55,1.56,3.32,1.99
公开,公開,gōngkāi,public,VHC,Verb,2.85,1.75,0.1,0.1,0.3,1.85,0.5,1.1,1.65,0.65,0.45,1.46,1.61,0.3,0.3,0.64,1.65,0.81,1.14,1.62,1.06,0.86,2.23,1.93
屏幕,屏幕,píngmù,screen,Na,Noun,3.9,1.65,0.1,0.1,1.7,2.2,0.45,1.6,0.6,1.4,0.7,1.09,1.77,0.3,0.3,1.65,1.69,0.67,1.5,0.97,1.32,1.0,1.55,1.83
应对,應對,yìngduì,answer,VB,Verb,2.15,1.5,0.05,0.05,0.75,2.1,0.9,1.6,1.6,0.9,0.65,1.59,1.43,0.22,0.22,1.04,1.73,0.94,1.5,1.5,1.26,0.73,2.5,1.88
东北,東北,dōngběi,northeast,Nc,Noun,3.25,2.45,1.55,0.95,1.25,2.5,1.35,1.2,1.5,1.15,1.15,1.18,1.63,1.4,1.07,1.34,1.66,1.31,1.08,1.36,1.15,1.11,0.95,1.49
文字,文字,wénzì,text,Na,Noun,3.45,1.2,0.05,0.05,0.35,2.5,0.3,1.4,1.4,1.1,0.6,1.16,1.44,0.22,0.22,0.65,1.63,0.64,1.62,1.39,1.34,0.97,2.0,2.22
下来,下來,xiàlái,come down,VA,Verb,2.5,1.0,0.05,0.1,0.45,1.85,2.3,1.4,0.7,0.9,1.25,1.47,0.95,0.22,0.3,0.74,1.62,1.79,1.46,0.78,1.14,1.3,3.5,1.67
啤酒,啤酒,píjiǔ,beer,Na,Noun,3.0,1.45,3.6,2.6,1.85,2.8,0.8,1.8,3.05,1.25,1.05,1.61,1.43,1.62,1.5,1.46,1.66,1.03,1.57,1.88,1.48,1.53,2.36,2.03
泰国,泰國,tàiguó,siam,Nc,Noun,3.2,2.25,1.1,1.0,0.7,2.15,1.2,1.1,1.25,1.05,1.0,1.36,1.48,1.26,1.05,0.95,1.68,1.4,1.22,1.48,1.36,1.3,1.09,1.81
欢呼,歡呼,huānhū,cheer,VE,Verb,2.75,3.65,0.1,0.05,0.55,3.0,1.35,1.95,2.5,1.65,1.65,1.3,1.31,0.3,0.22,1.02,1.67,1.39,1.75,1.99,1.39,1.49,4.41,1.64
闪电,閃電,shǎndiàn,lightning,Na,Noun,3.8,3.0,0.05,0.05,0.35,3.05,0.6,0.65,0.85,1.2,0.8,1.08,1.73,0.22,0.22,0.79,1.28,1.02,1.06,1.24,1.29,1.12,1.09,1.44
阿富汗,阿富汗,āfùhàn,afghanistan,Nc,Noun,2.6,1.95,0.35,0.3,0.3,2.05,0.75,0.8,0.5,0.45,0.5,1.39,1.6,0.57,0.56,0.56,1.6,1.09,1.21,0.81,0.8,0.81,0.73,1.14
轻,輕,qīng,light,A,Adjective,2.05,0.65,0.2,0.2,2.15,2.3,0.7,1.65,0.55,0.6,0.6,1.16,0.79,0.51,0.51,1.56,1.65,1.0,1.59,0.74,0.92,0.97,1.91,1.7
适用,適用,shìyòng,be applicable,VJ,Verb,2.1,1.15,0.2,0.15,0.55,2.15,0.65,0.9,0.6,0.6,0.55,1.51,1.15,0.51,0.48,0.92,1.74,1.01,1.26,0.8,0.97,0.8,2.0,1.78
难民,難民,nànmín,refugee,Na,Noun,2.9,2.25,0.1,0.45,0.7,2.9,1.25,1.5,1.35,1.2,1.3,1.26,1.3,0.3,0.8,0.78,1.67,1.37,1.36,1.53,1.44,1.49,3.05,2.14
广播,廣播,guǎngbō,broadcast,Na,Noun,1.7,3.9,0.1,0.1,0.6,2.05,0.35,0.95,1.6,0.95,0.65,1.23,1.3,0.3,0.3,0.8,1.56,0.73,0.97,1.66,0.97,0.91,2.86,2.01
这里,這裡,zhèlǐ,here,Ncd,Noun,1.75,0.75,0.1,0.05,0.5,1.85,0.4,0.65,0.5,0.45,0.6,1.3,0.83,0.3,0.22,0.74,1.49,0.66,0.73,0.87,0.67,0.8,1.32,1.49
列入,列入,lièrù,include,VJ,Verb,2.1,1.0,0.1,0.05,0.45,1.75,0.35,1.45,0.75,0.55,0.4,1.3,1.18,0.3,0.22,0.8,1.67,0.57,1.4,1.34,1.07,0.66,1.64,1.46
问,問,wèn,ask,VE,Verb,1.45,2.65,0.05,0.1,0.35,2.1,0.45,0.85,2.7,0.95,0.75,1.32,1.77,0.22,0.44,0.79,1.67,0.59,0.91,1.71,1.16,0.89,3.86,1.89
臭,臭,chòu,smelly,A,Adjective,0.9,0.2,1.85,4.05,0.65,2.7,0.65,1.55,1.5,1.15,0.9,1.3,0.4,1.88,1.53,0.91,1.82,1.15,1.77,1.69,1.31,1.41,2.64,2.12
榕树,榕樹,róngshù,banyan tree,Na,Noun,3.2,0.7,0.05,0.25,1.45,1.9,0.55,0.95,0.6,0.55,0.55,1.33,1.1,0.22,0.43,1.4,1.61,0.86,1.32,0.92,0.8,0.97,0.68,0.97
奖金,獎金,jiǎngjīn,bonus,Na,Noun,2.85,0.9,0.05,0.05,0.75,2.85,0.6,1.65,1.0,0.8,0.85,1.15,1.18,0.22,0.22,0.94,1.96,1.24,1.35,1.45,1.08,1.24,2.0,2.09
腐蚀,腐蝕,fǔshí,corrosion,VJ,Verb,2.85,0.65,0.55,1.0,1.45,2.35,0.65,0.95,0.7,0.75,0.65,1.49,1.01,1.12,1.38,1.5,1.71,1.24,1.32,1.23,1.34,1.24,1.5,1.44
代表,代表,dàibiǎo,represent,VK,Verb,2.65,1.25,0.05,0.05,0.35,2.05,0.55,1.2,1.15,0.55,0.6,1.42,1.67,0.22,0.22,0.57,1.56,0.8,1.33,1.53,0.8,0.8,2.77,1.73
日历,日曆,rìlì,calendar,Na,Noun,2.55,0.2,0.05,0.1,1.45,1.85,0.45,1.1,0.5,0.7,0.55,1.24,0.4,0.22,0.3,1.2,1.46,0.74,1.18,0.92,0.9,0.86,1.32,1.92
兆头,兆頭,zhàotou,omen,Na,Noun,1.65,0.8,0.1,0.15,0.35,2.05,0.4,0.5,0.65,0.55,0.25,1.42,0.93,0.3,0.48,0.57,1.53,0.66,0.87,1.24,1.28,0.54,1.64,1.46
减,減,jiǎn,reduce,VJ,Verb,2.2,1.2,0.65,0.55,0.7,2.0,0.35,0.75,0.75,0.85,0.45,1.47,1.5,1.24,1.2,1.19,1.38,0.57,0.77,1.04,1.19,0.67,1.32,1.55
打击,打擊,dǎjī,hit,Na,Noun,2.5,1.3,0.15,0.1,0.7,2.4,0.55,1.9,0.85,0.7,0.6,1.4,1.31,0.36,0.3,0.84,1.56,0.8,1.61,1.19,0.95,0.73,2.95,2.12
历史,歷史,lìshǐ,history,Na,Noun,2.35,1.85,0.05,0.2,0.35,2.55,0.55,0.7,1.15,0.9,0.75,1.28,1.56,0.22,0.51,0.57,1.66,1.12,1.19,1.39,1.26,1.18,1.59,1.75
热心,熱心,rèxīn,enthusiastic,VJ,Verb,2.3,1.55,0.1,0.25,0.55,3.0,0.7,1.55,1.9,0.75,0.75,1.49,1.5,0.3,0.54,0.8,1.7,1.05,1.47,1.7,1.09,1.04,3.14,2.03
科学,科學,kēxué,scientific_knowledge,Na,Noun,2.25,1.45,0.15,0.1,0.45,2.2,0.6,1.1,1.0,1.1,0.6,1.48,1.66,0.36,0.3,0.74,1.63,0.8,1.18,1.05,1.3,0.86,1.82,1.9
省,省,shěng,save,Nc,Noun,2.1,0.9,0.05,0.05,0.35,1.75,0.35,0.65,0.5,0.6,0.45,1.3,1.18,0.22,0.22,0.57,1.55,0.65,0.96,0.92,0.86,0.74,1.5,1.75
灯光,燈光,dēngguāng,lamplight,Na,Noun,3.65,0.45,0.05,0.15,0.65,2.5,0.65,0.9,0.5,0.9,0.65,1.42,1.07,0.22,0.48,0.85,1.63,0.85,0.89,0.81,1.26,0.85,1.36,1.9
可能,可能,kěnéng,possible,VH,Adjective,1.25,0.7,0.15,0.15,0.55,1.7,0.3,0.35,0.4,0.45,0.3,1.04,0.9,0.36,0.36,0.8,1.62,0.56,0.65,0.8,0.74,0.56,1.23,1.81
苦,苦,kǔ,bitter,A,Adjective,1.15,0.6,3.5,1.4,0.9,2.6,0.5,0.95,2.65,1.0,0.8,1.19,1.07,1.88,1.46,1.04,1.56,0.74,1.02,1.71,1.22,1.03,2.36,1.92
前进,前進,qiánjìn,go ahead,VA,Verb,2.6,1.2,0.05,0.1,0.5,2.1,2.7,1.85,0.75,1.0,1.55,1.46,1.25,0.22,0.44,0.81,1.48,1.82,1.31,0.89,0.89,1.16,3.59,1.8
照顾,照顧,zhàogù,take care of,VC,Verb,2.5,1.5,0.1,0.15,0.8,2.05,0.6,2.25,1.45,0.9,0.85,1.4,1.57,0.3,0.36,1.25,1.69,0.58,1.41,1.4,0.94,1.01,4.14,1.69
提高,提高,tígāo,improve,VC,Verb,2.3,1.15,0.45,0.5,0.95,2.15,1.1,1.5,1.45,1.1,0.95,1.42,1.49,1.16,1.16,1.36,1.59,1.3,1.2,1.43,1.14,1.12,3.09,1.88
轻易,輕易,qīngyì,easily,D,Adverb,1.75,0.75,0.15,0.1,0.6,2.5,0.6,0.8,0.7,0.6,0.6,1.37,0.89,0.48,0.3,0.86,1.32,0.8,0.93,1.05,0.8,0.86,1.73,1.39
境地,境地,jìngdì,situation,Na,Noun,2.0,1.0,0.1,0.1,0.35,2.25,0.8,0.5,0.45,0.6,0.55,1.22,1.18,0.3,0.3,0.79,1.64,0.87,0.74,0.86,0.92,0.8,1.91,1.78
尖,尖,jiān,sharp,A,Adjective,3.1,1.05,0.05,0.15,2.65,2.4,0.45,1.5,0.95,0.75,0.6,1.14,1.4,0.22,0.36,1.68,1.36,0.86,1.69,1.43,1.09,0.73,1.36,1.61
出现,出現,chūxiàn,appear,VH,Adjective,2.9,1.6,0.15,0.4,0.55,2.15,1.4,1.0,0.8,0.6,0.85,0.89,1.56,0.36,0.97,0.92,1.62,1.53,1.0,1.21,0.86,1.06,2.41,1.9
锋利,鋒利,fēnglì,sharp,VH,Adjective,3.1,0.45,0.15,0.35,2.45,2.4,0.65,1.4,0.9,0.75,0.9,1.18,0.74,0.36,0.79,1.56,1.46,0.91,1.43,1.51,0.94,1.04,1.55,1.56
铅笔,鉛筆,qiānbǐ,pencil,Na,Noun,3.05,0.8,0.1,0.35,1.9,1.65,0.55,2.1,0.6,0.55,0.55,1.2,0.98,0.3,0.73,1.55,1.35,0.86,1.7,0.92,0.67,0.8,1.55,1.62
属,屬,shǔ,subordinate,VG,Verb,1.4,0.8,0.1,0.15,0.35,1.5,0.45,0.65,0.5,0.55,0.4,1.39,0.98,0.3,0.36,0.65,1.6,0.8,0.91,0.74,0.74,0.58,1.36,1.52
香味,香味,xiāngwèi,fragrance,Na,Noun,0.7,0.1,2.3,3.65,0.75,2.25,0.45,1.05,1.45,1.25,0.6,1.0,0.3,1.79,1.59,1.18,1.7,0.86,1.36,1.32,1.13,0.86,2.41,1.87
入,入,rù,enter,VCL,Verb,1.95,0.65,0.1,0.1,0.75,1.85,1.65,1.1,0.6,0.6,1.05,1.2,1.01,0.3,0.3,0.89,1.56,1.46,1.18,0.73,0.86,1.12,2.77,1.91
豪迈,豪邁,háomài,proud,VH,Adjective,2.55,1.95,0.05,0.1,0.6,2.7,0.7,1.2,1.45,0.7,0.8,1.12,1.47,0.22,0.44,0.97,1.68,0.95,1.25,1.43,0.84,0.93,2.73,2.0
税收,稅收,shuìshōu,tax,Na,Noun,1.9,0.95,0.15,0.25,0.35,1.8,0.35,0.85,0.45,0.75,0.4,1.3,1.12,0.48,0.77,0.65,1.4,0.65,1.06,0.74,1.3,0.66,1.73,1.89
贝壳,貝殼,bèiké,shell,Na,Noun,3.05,0.8,0.25,0.7,2.3,1.8,0.75,1.6,0.45,0.6,0.7,1.32,0.93,0.54,0.84,1.55,1.29,0.99,1.24,0.8,1.02,0.84,0.73,1.09
适应,適應,shìyìng,adapt,VJ,Verb,1.2,0.9,0.25,0.3,0.6,1.85,0.65,0.8,0.6,0.75,0.95,1.25,1.09,0.54,0.71,0.86,1.65,0.91,1.08,0.92,1.18,0.97,2.59,1.59
限额,限額,xiàné,limit,Na,Noun,1.3,0.55,0.2,0.1,0.3,1.6,0.2,0.35,0.4,0.5,0.55,1.0,0.74,0.51,0.44,0.71,1.28,0.4,0.57,0.8,0.67,0.86,1.23,1.62
作用,作用,zuòyòng,go,Na,Noun,1.65,0.9,0.3,0.3,0.7,1.65,0.55,0.7,0.3,0.45,0.6,1.15,1.14,0.64,0.78,1.0,1.62,0.74,0.78,0.56,0.86,0.8,1.64,1.8
仇人,仇人,chóurén,enemy,Na,Noun,2.85,1.95,0.15,0.25,0.55,3.45,1.0,1.45,1.5,1.0,0.95,1.28,1.77,0.48,0.7,0.97,1.4,1.14,1.43,1.69,1.18,1.07,3.18,2.41
重新,重新,chóngxīn,anew,D,Adverb,1.75,1.1,0.05,0.15,0.4,2.3,0.95,1.35,1.0,0.55,0.65,1.37,1.34,0.22,0.48,0.66,1.52,1.16,1.39,1.45,0.74,0.85,1.41,1.37
道,道,dào,road,VE,Verb,1.85,1.25,0.05,0.1,0.4,2.55,1.0,0.65,0.6,0.75,0.85,1.56,0.99,0.22,0.3,0.8,1.66,1.38,0.96,1.28,1.18,0.85,1.41,1.59
中国人,中國人,zhōngguórén,chinese,Na,Noun,2.9,2.7,0.4,0.5,0.9,3.25,1.35,1.5,1.85,1.65,1.45,1.34,1.62,1.11,1.24,1.37,1.64,1.53,1.6,1.8,1.74,1.6,3.18,2.27
秋天,秋天,qiūtiān,autumn,Nd,Noun,3.2,1.8,0.65,1.45,1.1,2.65,1.1,1.05,0.65,0.95,0.9,1.12,1.21,0.96,0.92,1.09,1.56,1.22,1.07,0.91,1.02,1.09,1.18,1.7
比赛,比賽,bǐsài,race,Na,Noun,3.15,2.6,0.05,0.2,0.85,2.55,2.25,2.25,1.9,1.45,2.05,1.39,1.66,0.22,0.51,1.24,1.69,1.7,1.7,1.48,1.56,1.63,3.5,1.95
淡然,淡然,dànrán,indifferent,A,Adjective,2.15,0.9,0.25,0.4,0.85,2.55,0.45,0.8,0.85,0.9,0.65,1.31,0.83,0.54,0.8,1.19,1.53,0.74,1.12,1.19,1.14,0.73,2.41,1.61
静,靜,jìng,quiet,A,Adjective,1.75,2.25,0.1,0.2,0.55,2.7,0.45,0.3,0.65,0.35,0.35,1.41,1.76,0.3,0.4,0.8,1.62,0.74,0.56,1.28,0.65,0.57,1.68,1.77
极,極,jí,sign,Dfa,Adverb,1.0,0.8,0.4,0.4,0.55,2.0,0.7,0.8,0.55,0.5,0.55,1.22,1.25,1.16,1.16,1.2,1.73,1.31,1.21,1.16,1.24,1.16,0.95,1.33
责备,責備,zébèi,blame,VC,Verb,2.6,3.2,0.05,0.05,0.5,3.1,0.6,1.6,2.45,1.15,0.9,1.2,1.4,0.22,0.22,0.87,1.34,1.02,1.36,1.83,1.42,1.34,3.55,1.88
英国,英國,yīngguó,great_britain,Nc,Noun,2.35,2.0,0.7,0.75,0.8,2.0,1.05,1.05,1.45,0.9,0.9,1.56,1.55,1.27,1.26,1.21,1.58,1.43,1.32,1.69,1.3,1.41,0.91,1.31
手枪,手槍,shǒuqiāng,pistol,Na,Noun,3.3,2.7,0.05,0.55,1.85,2.35,0.95,2.7,0.6,1.05,1.25,1.23,1.62,0.22,1.12,1.39,1.62,0.97,1.68,0.73,1.12,1.37,2.0,2.11
融融,融融,róngróng,harmonious,A,Adjective,1.6,0.7,0.2,0.3,0.3,1.5,0.35,0.75,0.7,0.45,0.55,1.28,0.95,0.51,0.78,0.56,1.57,0.57,1.09,1.0,1.02,0.86,1.32,1.46
水平,水平,shuǐpíng,level,Na,Noun,2.45,0.6,0.05,0.05,0.75,2.15,0.5,0.7,0.5,0.5,0.65,1.02,0.8,0.22,0.22,1.04,1.42,0.81,1.05,0.87,0.74,0.73,1.14,1.58
反应,反應,fǎnyìng,response,Na,Noun,2.15,1.5,0.3,0.4,0.8,2.25,1.15,1.6,1.05,1.45,1.3,1.31,1.4,0.71,0.86,0.87,1.7,1.39,1.46,1.36,1.69,1.55,3.09,2.04
走到,走到,zǒudào,go to,VCL,Verb,2.35,0.7,0.05,0.25,0.8,1.7,2.8,1.2,0.7,1.25,1.1,1.35,1.14,0.22,0.54,1.03,1.45,1.63,1.21,0.9,1.22,0.99,4.32,1.58
马戏,馬戲,mǎxì,circus,Na,Noun,3.3,2.65,0.05,0.15,0.55,2.2,1.5,1.75,1.4,1.4,1.75,1.27,1.59,0.22,0.36,0.74,1.5,1.57,1.58,1.24,1.39,1.73,3.09,2.0
热泪,熱淚,rèlèi,tears,Na,Noun,3.25,0.9,0.5,0.2,1.9,3.05,0.55,1.65,1.35,1.65,0.9,1.18,1.3,1.07,0.51,1.48,1.66,0.92,1.49,1.39,1.59,1.09,3.91,1.81
模拟,模擬,mónǐ,simulation,VC,Verb,2.35,1.1,0.1,0.25,0.6,1.75,0.5,1.15,1.2,0.9,0.75,1.42,1.37,0.3,0.54,0.8,1.41,0.74,1.31,1.08,1.3,0.77,2.5,1.75
介绍,介紹,jièshào,introduction,VE,Verb,2.3,2.5,0.2,0.25,0.7,1.85,0.45,1.65,2.55,1.15,0.95,1.45,1.6,0.51,0.62,1.19,1.39,0.59,1.42,1.8,1.19,1.02,3.14,1.82
海浪,海浪,hǎilàng,waves,Na,Noun,3.5,2.55,0.3,1.1,1.3,2.15,1.15,1.55,0.7,1.15,1.35,1.28,1.88,0.9,1.3,1.31,1.65,1.19,1.28,0.84,1.24,1.28,1.23,1.38
昨天,昨天,zuótiān,yesterday,Nd,Noun,1.4,0.65,0.1,0.1,0.15,2.15,0.25,0.2,0.4,0.35,0.3,1.46,0.91,0.3,0.3,0.48,1.49,0.43,0.51,0.86,0.73,0.64,0.95,1.46
称呼,稱呼,chēnghū,call,VG,Verb,1.1,2.55,0.1,0.1,0.4,1.85,0.3,0.5,2.3,0.65,0.45,1.3,1.56,0.3,0.3,0.73,1.39,0.56,0.74,1.87,1.06,0.67,2.45,1.8
巨匠,巨匠,jùjiàng,great master,Na,Noun,2.15,1.15,0.1,0.2,0.45,1.95,0.5,1.45,1.1,0.95,0.9,1.35,1.15,0.3,0.51,0.74,1.72,0.74,1.75,1.37,1.16,1.04,2.55,2.06
西式,西式,xīshì,western style,A,Adjective,2.75,1.4,1.05,0.95,0.85,2.5,0.45,0.95,0.85,0.65,0.65,1.22,1.28,1.36,1.2,1.19,1.47,0.67,0.97,0.96,0.96,0.85,1.23,1.83
蔬菜,蔬菜,shūcài,vegetable,Na,Noun,3.1,0.3,3.2,2.35,1.9,2.15,0.65,1.75,2.85,1.3,1.1,1.18,0.46,1.36,1.59,1.41,1.49,0.91,1.37,1.8,1.42,1.14,1.45,2.04
拍照,拍照,pāizhào,photograph,VB,Verb,3.45,1.6,0.05,0.1,1.0,2.3,1.3,2.7,1.7,1.5,1.8,1.16,1.32,0.22,0.3,1.3,1.71,1.38,1.58,1.52,1.66,1.63,4.45,1.7
偏,偏,piān,inclined to one side,A,Adjective,2.0,0.85,0.1,0.05,0.7,2.0,1.2,1.45,0.8,1.35,1.2,1.38,0.96,0.3,0.22,1.0,1.48,1.5,1.53,1.08,1.31,1.29,1.09,1.47
参与,參與,cānyù,participate,VC,Verb,2.25,1.55,0.05,0.05,0.65,1.85,1.35,1.65,1.2,1.0,1.05,1.26,1.4,0.22,0.22,0.79,1.39,1.19,1.35,1.33,1.05,1.02,4.05,1.74
算,算,suàn,calculate,VG,Verb,1.75,1.0,0.2,0.2,0.55,1.95,0.4,1.75,1.4,1.05,0.6,1.48,1.3,0.51,0.68,0.86,1.47,0.58,1.61,1.24,1.36,0.86,3.45,1.8
指出,指出,zhǐchū,point out,VE,Verb,2.5,1.55,0.15,0.15,1.1,2.1,0.45,2.6,1.7,1.25,0.85,1.43,1.53,0.48,0.65,1.22,1.48,0.8,1.77,1.76,1.37,1.01,3.64,1.94
忽视,忽視,hūshì,ignore,VJ,Verb,2.15,1.25,0.05,0.15,0.25,2.85,0.5,0.75,0.55,0.75,0.45,1.15,1.09,0.22,0.48,0.54,1.53,0.97,0.99,0.86,0.94,0.86,3.23,2.0
乏,乏,fá,lack,VJ,Verb,2.1,1.2,0.2,0.15,0.5,2.6,0.7,0.6,0.5,1.15,1.15,1.3,1.08,0.51,0.36,0.87,1.5,1.14,0.97,0.74,1.15,1.42,1.95,1.99
奸臣,奸臣,jiānchén,gang,Na,Noun,2.4,1.85,0.05,0.2,0.55,2.5,0.85,1.45,1.45,0.95,0.9,1.5,1.65,0.22,0.51,0.97,1.63,1.28,1.53,1.63,1.2,0.89,2.95,2.34
补助,補助,bǔzhù,subsidize,VD,Verb,1.95,1.05,0.05,0.1,0.35,2.1,0.35,0.8,0.55,0.65,0.4,1.32,1.2,0.22,0.3,0.57,1.51,0.65,0.98,0.74,0.85,0.73,2.27,1.84
扩大,擴大,kuòdà,expand,VC,Verb,2.75,1.25,0.35,0.3,0.65,1.9,0.6,1.3,0.75,0.5,0.75,1.13,1.41,0.91,0.9,1.01,1.55,0.86,1.1,1.09,0.74,0.83,2.27,1.84
市民,市民,shìmín,towner,Na,Noun,2.55,2.0,0.2,0.15,0.65,2.3,0.95,1.0,0.95,0.95,0.85,1.36,1.45,0.51,0.48,0.85,1.49,1.24,1.3,1.4,1.32,1.24,3.09,2.29
时间,時間,shíjiān,time,Na,Noun,2.2,1.1,0.1,0.2,0.35,2.4,0.2,0.65,0.5,0.6,0.5,1.63,1.09,0.3,0.51,0.65,1.39,0.4,0.85,0.87,0.86,0.74,1.82,2.15
公安,公安,gōngān,public security,Na,Noun,3.15,2.6,0.1,0.15,0.6,2.35,1.0,1.25,1.0,1.2,1.1,1.24,1.36,0.3,0.48,0.92,1.39,1.18,1.26,1.1,1.25,1.18,2.59,1.99
脆,脆,cuì,crisp,A,Adjective,2.15,2.4,1.3,0.65,2.65,2.3,0.7,1.5,1.2,0.5,0.6,1.28,1.69,1.68,1.15,1.68,1.73,1.1,1.63,1.25,0.81,0.8,1.41,1.9
伤心,傷心,shāngxīn,sad,VH,Adjective,2.5,1.85,0.2,0.15,0.65,3.0,0.55,0.9,1.35,1.25,0.9,1.16,1.68,0.68,0.36,1.19,1.58,0.92,1.18,1.49,1.18,0.99,3.5,1.78
余地,餘地,yúdì,room,Na,Noun,1.85,0.65,0.05,0.1,0.4,2.35,0.75,0.4,0.65,0.4,0.4,1.39,0.79,0.22,0.3,0.66,1.59,0.94,0.58,1.28,0.8,0.66,1.05,1.46
闲话,閒話,xiánhuà,gossip,Na,Noun,1.5,3.2,0.05,0.05,0.3,2.4,0.5,0.9,2.35,1.15,0.9,1.28,1.66,0.22,0.22,0.56,1.85,0.87,1.37,2.01,1.39,1.3,3.09,1.9
垂钓,垂釣,chuídiào,fishing,VA,Verb,2.95,1.15,0.2,0.2,1.35,2.3,0.8,2.5,0.8,1.35,1.35,1.28,1.15,0.68,0.51,1.28,1.52,1.03,1.86,1.12,1.53,1.62,3.68,1.92
威力,威力,wēilì,power,Na,Noun,2.95,1.8,0.05,0.1,0.75,2.75,0.85,1.4,0.5,0.85,0.95,1.12,1.36,0.22,0.44,1.13,1.51,1.11,1.36,0.74,1.11,1.02,2.09,1.73
儿子,兒子,érzi,son,Na,Noun,2.35,1.95,0.05,0.2,1.25,2.3,1.0,1.35,1.35,1.2,1.4,1.68,1.53,0.22,0.51,1.55,1.55,1.34,1.62,1.74,1.47,1.62,3.18,2.41
